{"type":"FeatureCollection","features":[{"type":"Feature","properties":{"name":"河南省","code":410000},"geometry":{"type":"Polygon","coordinates":[[[113.7494638500001,36.365474260000035],[113.75713343000007,36.35588728500014],[113.77090258000015,36.35008538500006],[113.7898277950001,36.34784526500005],[113.80643266500016,36.33268097500012],[113.81482697000024,36.330900500000176],[113.82811826500013,36.334268065000074],[113.85374173000022,36.33001757000009],[113.8534364650001,36.33351085500009],[113.84496360500019,36.33678837500007],[113.84333680500006,36.33952165500007],[113.8430025800001,36.34568907000001],[113.8455992500001,36.349779105000046],[113.87605488000008,36.35409754500004],[113.88180132500011,36.35205493000013],[113.90219826000012,36.32204465500014],[113.90417908500015,36.31443197000011],[113.92597677000026,36.32014488500009],[113.9287821450002,36.323893440000106],[113.92843969000012,36.3360418750001],[113.93261451500004,36.3381689600001],[113.95171681500005,36.33631261000003],[113.95017925500011,36.344845370000016],[113.9396315750002,36.34872307000015],[113.9387523500001,36.35175769500005],[113.94288972500013,36.35846300000002],[113.95101611500016,36.357658695000055],[113.95802524500013,36.352830325000184],[113.97328021000013,36.32771151000007],[113.9763811100002,36.3176545250001],[113.9872208400001,36.314668695000115],[113.99650699000009,36.3345087800001],[113.98831142500019,36.342986830000086],[113.97274501000017,36.34526548500007],[113.97206345500018,36.358754704999996],[113.98286508500013,36.35686025000019],[114.00393890500013,36.34246555000003],[114.0084517000003,36.34649945000008],[114.00857480000028,36.352441080000126],[114.01820110500014,36.354902490000114],[114.02414073500016,36.35351988000009],[114.02743079000015,36.3495267800001],[114.0255719750001,36.34845667500002],[114.02659156500017,36.340576670000154],[114.01917079500018,36.329001710000064],[114.02029056500018,36.324467495000164],[114.02325964000018,36.3267247000001],[114.03982334500012,36.326303830000015],[114.04587392500025,36.33019180000013],[114.05317224000015,36.32597794000007],[114.05294903500025,36.31996869000005],[114.05528272166683,36.31800075000014],[114.05181931000004,36.31335261000004],[114.04378526500011,36.3114949300001],[114.03846411500018,36.30543490000017],[114.03153488000027,36.30387060000011],[114.03673146500017,36.29642681000007],[114.04256737500015,36.294048370000056],[114.0511212350001,36.285751065000206],[114.05610285250012,36.27358073500019],[114.07313037000011,36.27148599000003],[114.07591145500018,36.26920602500012],[114.0846817000002,36.27565911000009],[114.11516248000012,36.272508000000144],[114.1219722350001,36.27469033500006],[114.12180111500007,36.27967342500016],[114.12500319500006,36.281564915000175],[114.15471625000023,36.26691648500006],[114.16074550000019,36.26982514500004],[114.16813362500025,36.26598344500005],[114.17051705000029,36.263022300000095],[114.16686169000035,36.24846871000012],[114.16387166500022,36.24602061000012],[114.16471575000017,36.24354701000003],[114.17228165000009,36.24233868000017],[114.17904189500007,36.24720427500003],[114.19701998000014,36.2455895150001],[114.20067121250023,36.25370427000006],[114.19883920000012,36.258372130000105],[114.20499266000024,36.27294446000011],[114.2163524500001,36.27091969000012],[114.22675481500016,36.26072105000011],[114.23025590000012,36.252270095000185],[114.23636839500014,36.25126556500009],[114.24599350000018,36.25871114000008],[114.25630165000015,36.26160621250012],[114.28495751500017,36.24921273000004],[114.28445096500027,36.246995940000005],[114.29301361500015,36.24586783000004],[114.3011466900002,36.24643235000011],[114.30852444000001,36.2518689350001],[114.32233360500013,36.248064205000155],[114.32320341500017,36.25579764000005],[114.33910242000016,36.255652705000145],[114.34051453000004,36.245321395000126],[114.34879986500007,36.24076440500001],[114.34992644750015,36.230168650000124],[114.35700373000012,36.22705162500005],[114.3574898700002,36.22935308000016],[114.36168585000019,36.22908312000001],[114.36279208000005,36.22476513000007],[114.39000611000003,36.22076979500007],[114.39266876000008,36.22226259500013],[114.39298948000015,36.22939810500006],[114.40209912000009,36.228418425000164],[114.40727157500012,36.222798575000084],[114.4051351200001,36.20449954000011],[114.40817919000008,36.20412183499999],[114.40851483000006,36.20628907500008],[114.41965396000015,36.2056334900001],[114.41939450000017,36.202332755],[114.42253781500018,36.19954008000014],[114.42882421000022,36.19793208000004],[114.43530945500007,36.20484630500008],[114.45187319000019,36.207002199999984],[114.45781606000021,36.19192987500002],[114.46449962500014,36.191159525000145],[114.46407986000006,36.18787121000004],[114.47361630500012,36.17827750000002],[114.4785602600002,36.18134815000006],[114.4832675100002,36.17821963000009],[114.50683111000022,36.17394523000013],[114.50613293000009,36.16602432000011],[114.52400973500015,36.17350711000011],[114.5275613550002,36.170832920000045],[114.52572985500018,36.16228730000011],[114.53703190000007,36.162109955000155],[114.53768041000018,36.156996855000145],[114.55118447000018,36.15099424000008],[114.55293916000014,36.153133875000094],[114.5624376400001,36.15245152000013],[114.56986120500015,36.14342840500016],[114.58130525500015,36.14107893000007],[114.58121362500012,36.13315530500003],[114.5859206850002,36.130756885000125],[114.58116772000005,36.127268790000244],[114.5786651650001,36.12847505500014],[114.57757031750016,36.12224522500018],[114.57349521000009,36.12057394750005],[114.5764751900002,36.11713483000011],[114.58250250000026,36.117144060000065],[114.58533300500008,36.1212240200002],[114.59907391500005,36.12162649500014],[114.60525366000013,36.12863371500009],[114.61408075000023,36.126701675000014],[114.61386709500006,36.12370617500007],[114.62481565000016,36.1244194200001],[114.62513607500013,36.12793959500004],[114.63073840500019,36.12867245000015],[114.63158294500019,36.135784200000124],[114.64953505000017,36.14037265500006],[114.6854391250002,36.13844813500009],[114.68669050000017,36.14627038999999],[114.69592228000015,36.14639889000016],[114.70595478500026,36.145438315000085],[114.70717534500017,36.141873500000074],[114.71503387000006,36.14069479500009],[114.71845165000023,36.14360713000009],[114.71846699000017,36.14740286500007],[114.72447143500014,36.14878306500007],[114.72863735500012,36.15577508000012],[114.74298064,36.15083414000004],[114.74579552000023,36.14657815500007],[114.74578038000004,36.138678340000034],[114.75720429500005,36.134860625000094],[114.75970860000014,36.13162867000001],[114.75932908000019,36.12541471500004],[114.76588216500024,36.12445963000006],[114.76679511000017,36.128548980000126],[114.7722034500001,36.12804264500005],[114.77286928500007,36.133164430000086],[114.7766664000001,36.13341203500015],[114.79552697500019,36.13133250500004],[114.8194652800001,36.123752535000186],[114.8250149100001,36.12714173000001],[114.82589823000018,36.13040970500006],[114.83039596500011,36.13100817000013],[114.85187200500022,36.12785415000008],[114.85304117000015,36.144442935000065],[114.87114181500007,36.146283795000045],[114.87679342500016,36.14292727000006],[114.87768271000019,36.14526843500007],[114.88645901500018,36.14379806500009],[114.8879418550002,36.14017999000012],[114.90687772000022,36.14059020500003],[114.90121131500015,36.11727453000001],[114.90663639500013,36.113293035000105],[114.90824014000006,36.10689619000001],[114.9205372100001,36.1039484500001],[114.92341371500018,36.09651106000017],[114.91973721500008,36.09055359000015],[114.92085716500021,36.08708233500009],[114.9162141650001,36.07172355000011],[114.91357068500022,36.06682093000009],[114.90891620500012,36.066107430000095],[114.90713922000018,36.0614474450001],[114.9113406250001,36.06043304500011],[114.91208536000016,36.04875977000005],[114.91587908500026,36.049002855000005],[114.91725851000027,36.055755295000054],[114.92391231000013,36.05979146500015],[114.93026097500014,36.057476927500055],[114.94856087500021,36.0678752000001],[114.96197991000011,36.07062194999998],[114.98182214500024,36.064359145000054],[114.98374550000014,36.06149595500004],[115.00269098500011,36.07124052500011],[115.00397393500016,36.07548178500012],[115.00138486000026,36.07791509500011],[115.02439709500004,36.09970263000004],[115.03159005500001,36.09853634000012],[115.0346932650001,36.10448858500019],[115.03321928833348,36.1072553933334],[115.0427443500002,36.11321734500005],[115.04426583500015,36.12138957000013],[115.03736278500017,36.12610370000001],[115.03688463000013,36.1304565600001],[115.03876867500014,36.13317420000019],[115.04205924500027,36.13294215000006],[115.0455845250001,36.145711880000164],[115.0389140100002,36.15625894000003],[115.04258903000003,36.16369278500012],[115.04573219500016,36.15975039000013],[115.05298083500013,36.16668811000012],[115.0513533100002,36.17236732500011],[115.05340995000017,36.17921946000023],[115.06520388500019,36.17917027500006],[115.09126759500029,36.17150824000008],[115.09208757500019,36.17439729500003],[115.09870178000006,36.17343655500011],[115.09961610000005,36.177843330000066],[115.09154106000007,36.18096790000003],[115.0955226750001,36.19410073000003],[115.10022140000011,36.19694931500011],[115.10356574500008,36.19604131000002],[115.10579192500006,36.20411534000007],[115.11800929000017,36.206616350000075],[115.11923415000018,36.21044300000006],[115.1369247300002,36.20819429500015],[115.14301424500019,36.21053336500005],[115.14723178000017,36.207458349999996],[115.14806910000009,36.200300685000094],[115.16025062000008,36.19418690500009],[115.15848709000011,36.19143000000005],[115.16497984500015,36.18975535000001],[115.18276381500016,36.195593645],[115.1904436000001,36.20219087000009],[115.19250407500013,36.20763196000007],[115.19050750000015,36.21007850000018],[115.19585420000013,36.212664860000125],[115.19920717500007,36.202887375000124],[115.20735660500013,36.203417285000114],[115.21896699500013,36.195355795000076],[115.22123516000012,36.19957484500003],[115.22435836500009,36.20046717500013],[115.24493665000011,36.18940804500009],[115.24534569500013,36.181595340000065],[115.25228727000018,36.18040337000009],[115.25690790500013,36.172955105000085],[115.25584915000017,36.159741475000025],[115.25825409000012,36.15339644000002],[115.2641427450002,36.152281255000084],[115.26785347500011,36.139315855000014],[115.27575599500015,36.133862575000094],[115.28348120500013,36.13220242000007],[115.28820230500023,36.13386401000006],[115.29776829000016,36.13016904500012],[115.2971760500001,36.118830320000036],[115.29444019500022,36.11116346000003],[115.29135395500012,36.11031904000004],[115.29106690500008,36.10082727000012],[115.29785733500017,36.09802800000012],[115.29821488000007,36.094901840000034],[115.30641505500009,36.08722527500004],[115.31532737000013,36.08551455500006],[115.32271921000003,36.08628164000002],[115.32888946000014,36.091853955000005],[115.33374542500009,36.086902140000106],[115.33800365000018,36.08717367000012],[115.35985012000016,36.098092195000056],[115.36421879500011,36.10286056000004],[115.36231496500018,36.10372920500007],[115.36531196000016,36.1117041700001],[115.36917336500017,36.11273013000008],[115.36963973500012,36.115694850000025],[115.36481887500013,36.11868974000008],[115.36465551500021,36.12237124500011],[115.36842760500011,36.12799140000007],[115.3869220600001,36.129018805000086],[115.39404034000005,36.14001493500007],[115.39192888000014,36.14817962500014],[115.39827973500006,36.15848244500013],[115.39986555500018,36.15902159500017],[115.4014996050002,36.15289863500003],[115.39918995500014,36.14433179000001],[115.40507294500017,36.13700755500009],[115.42011813500015,36.13766292000002],[115.42644283500015,36.147821640000096],[115.44290712000013,36.146522465000075],[115.44738403500007,36.15649230000006],[115.44467684000007,36.15685741500014],[115.44330931000019,36.16617352500011],[115.44554800000014,36.17401505000011],[115.44941511000019,36.175924544999994],[115.4650639100002,36.16667207000017],[115.4623416850001,36.15170109000008],[115.47719289500029,36.14820070000012],[115.47821528000014,36.13382398500004],[115.48250472500021,36.13002400000002],[115.4765113100002,36.1236842050001],[115.46763319500006,36.09718711500015],[115.44346604000016,36.06614669000008],[115.44165283500027,36.06016955500016],[115.44330691500025,36.03110435500004],[115.44138970500023,36.00899532500011],[115.43429185500005,36.00842277000005],[115.43160528000006,36.003443200000085],[115.41964057000007,36.00817700000007],[115.40937103000019,36.0050343400001],[115.40340860500024,35.99339636500007],[115.39124037000008,35.99389955000003],[115.38134599500006,35.97355270500007],[115.35509877000013,35.97726414000011],[115.35205828500015,35.97523787000015],[115.34934434500016,35.96779565500006],[115.35109919500006,35.959257985000114],[115.35454854500017,35.95524033000003],[115.3466503650001,35.94569655000006],[115.3574097600002,35.93050957],[115.36005526000015,35.89990872500009],[115.3508725250001,35.87000745500009],[115.33339407000007,35.870715585000134],[115.3323607600002,35.86475988500012],[115.34362810500023,35.860982835000065],[115.34338510000012,35.858368840000054],[115.3386628100001,35.84319030000007],[115.33412721500008,35.837893135000094],[115.33637969000013,35.827157430000064],[115.33478327500018,35.82220809000009],[115.3313269100002,35.817451960000106],[115.32744248000014,35.8179753700001],[115.32650375000028,35.8059432000001],[115.32847779500025,35.80643722000013],[115.32890671000013,35.804318070000086],[115.32609241500016,35.7963239000001],[115.35360481500007,35.779957420000045],[115.36589922500016,35.79216159500008],[115.39410810000012,35.80601865500012],[115.44239436000005,35.86151402000005],[115.49660960500019,35.888747880000054],[115.53334369000007,35.89381357000018],[115.55460902000009,35.90483080000009],[115.57572686000023,35.919995440000086],[115.58896451500013,35.92442282500004],[115.6106337550002,35.92692817500005],[115.61574216500017,35.924275330000114],[115.63829798000003,35.92140701500012],[115.64749967000022,35.931998530000065],[115.6740405250001,35.940493060000115],[115.67823877000019,35.94451242500008],[115.68561596500022,35.961791055000084],[115.69344195500018,35.96660004000018],[115.71183824500005,35.971573170000035],[115.73097573000004,35.967432815000066],[115.76681274500004,35.97339510500011],[115.77614090500019,35.991675470000146],[115.77414722000017,35.99363651000013],[115.79436283500013,36.008327100000095],[115.81124265000018,36.012787335000056],[115.82572333000009,36.010959630000094],[115.82577234000011,36.013649845000025],[115.83196279500022,36.01440829500008],[115.84275304500021,36.00515004750015],[115.85395211500018,36.00283149500011],[115.86071181500012,36.0065231350001],[115.8612282600002,36.016870855000086],[115.88625480000012,36.02681075000014],[115.89599004000011,36.02695018000013],[115.91400193500016,36.02059385500009],[115.93371330000014,36.03454002000008],[115.96378787500018,36.044489365000125],[115.98472072000007,36.04687112500002],[116.01596065000018,36.06659689000002],[116.05049219500006,36.10545115999999],[116.09721807000004,36.113223580000046],[116.09279042500023,36.11057000000006],[116.09096936000029,36.09207073500011],[116.08589561000014,36.089242800000065],[116.08605553000012,36.08100265500014],[116.08190526000013,36.080754655000106],[116.08126412500016,36.0711813700001],[116.08407170500004,36.065870055000104],[116.07933076000008,36.0656381750001],[116.07430576000016,36.05825206500004],[116.0848075350001,36.057721270000094],[116.07933304000017,36.05390620500008],[116.07094892500014,36.05513950500007],[116.07366461000005,36.04243343500011],[116.06778205500005,36.02596134000012],[116.05653517500012,36.02876219500014],[116.0473271550002,36.00000000000012],[116.04343944000014,35.97311690000006],[116.03923482500022,35.96737918000002],[116.02762347500007,35.96492179500013],[116.00065622500009,35.97254242500015],[115.9695622350002,35.97178927500009],[115.90643725500016,35.96054205500013],[115.9009586400001,35.94561024500012],[115.9042647800001,35.93357763500011],[115.90308324500003,35.92987400000006],[115.89492638000023,35.924422350000114],[115.87986375000025,35.922481780000126],[115.86480707500012,35.915162105000064],[115.86690662000021,35.909632690000045],[115.87928876000018,35.90937620000017],[115.8835967650001,35.89783122500015],[115.8777722500002,35.8956750800001],[115.86962267500013,35.859497525000094],[115.86587463000016,35.85861871500002],[115.86725343500011,35.87327295000016],[115.86513785500011,35.87333420500008],[115.85976075500021,35.86908462500001],[115.8578360000001,35.859258625000045],[115.83528348000007,35.85744244000015],[115.83573749000008,35.85020895500006],[115.81570584500015,35.85289055000008],[115.8141603250001,35.846782090000055],[115.8109034350002,35.844699600000126],[115.80269246000009,35.845375860000146],[115.80294879000016,35.8482169050001],[115.76747653500016,35.85418435500003],[115.76049059000017,35.844515720000096],[115.74732549000024,35.83356608499999],[115.72871529500024,35.831571055000055],[115.72211850500011,35.81558776500005],[115.71181229000011,35.803122375000015],[115.70059579500021,35.8060827500001],[115.69859786,35.7927202600001],[115.69071663000011,35.78881711000006],[115.69244903000018,35.7685549600001],[115.68779687500012,35.754198710000104],[115.65927045500007,35.751266325000046],[115.61682908000023,35.73972021500007],[115.59905727500013,35.73731524500011],[115.586340195,35.73824242500008],[115.58611751000021,35.72851568000006],[115.55820532000003,35.73526552000007],[115.54869571000012,35.7294012850001],[115.52384143000006,35.73048196500003],[115.50543797000022,35.72492956500002],[115.50215573500017,35.71875854500011],[115.49187209000017,35.7090885450001],[115.47807449000013,35.70113623500005],[115.46419062000005,35.674998825000074],[115.45682784500013,35.669371105000096],[115.46019843500005,35.66313590500014],[115.44277096000006,35.65728704000001],[115.42023751000008,35.6552326400001],[115.44139727500017,35.65087811500009],[115.42764507000005,35.650268045000104],[115.41796698000009,35.626157560000074],[115.40796908000009,35.625186380000066],[115.40200292500008,35.594573145000034],[115.39200506500012,35.59372005500005],[115.38566877500006,35.58620071000007],[115.3836328650001,35.57727152000004],[115.37581628000012,35.56904719000009],[115.36396405999999,35.56507190000015],[115.34661904000016,35.55173521000005],[115.33889749500014,35.55273763000004],[115.34013326500006,35.54729148000007],[115.34738089500024,35.54475125500005],[115.34464916500009,35.530138260000044],[115.35338261000007,35.50044095500002],[115.3498793800001,35.493744645000106],[115.32843770500016,35.48604592000003],[115.31573879500024,35.4763751400001],[115.30882371500007,35.476673020000156],[115.29625573500009,35.46820334000005],[115.27229324500017,35.46149470500009],[115.26520082000008,35.45638876500004],[115.2650807850001,35.44756814500012],[115.23597177500008,35.42469129000006],[115.22218757500016,35.420660394999985],[115.20616090000007,35.42356637000005],[115.18988943500017,35.42120083500002],[115.18988743500009,35.41590203000009],[115.15736725000015,35.42627091000011],[115.13285445000011,35.42563110000004],[115.11887950500017,35.41968760500005],[115.11912872500008,35.408106810000014],[115.11664234000014,35.40267070000001],[115.11221066500019,35.4024023700001],[115.09859513000004,35.403580035000104],[115.08915766000015,35.41062616000013],[115.08877976000012,35.415720065000045],[115.08553685000012,35.416024540000116],[115.07767761750016,35.41108977750017],[115.08177964500013,35.40195993000008],[115.08117002500023,35.39210365000008],[115.06860707500003,35.375933280000034],[115.02723437000013,35.37525587000002],[115.017157295,35.37097810500007],[115.0113856100001,35.361838590000076],[115.01141877000018,35.353215010000106],[115.01903335500025,35.32186213000009],[115.01293658000017,35.32157727000005],[115.0076950100001,35.32941819000007],[115.00086413000017,35.31846547500005],[114.9807783700001,35.30459039000001],[114.98079027500012,35.30135331000002],[114.97087011500011,35.286122515000045],[114.96580312500014,35.28637177500007],[114.9630564150001,35.27421392000009],[114.94490707000006,35.256084585000025],[114.92902725000022,35.25187089000007],[114.92492056500005,35.24867233500003],[114.92559677500014,35.196054950000104],[114.8932575650002,35.19513089000014],[114.87026513000009,35.18956062000002],[114.85485580500011,35.181590330000034],[114.84282426500015,35.1697919900002],[114.84153676000005,35.15624076000004],[114.8498406700001,35.142939505000015],[114.87714204000012,35.11728018500008],[114.87946731500006,35.10411600500003],[114.87300202000006,35.09031125000011],[114.86549182000013,35.08599759000006],[114.81948152000004,35.07861706500011],[114.8118641500002,35.07117927500002],[114.81359261500003,35.05274070000002],[114.81663265500015,35.04844369000015],[114.82844325500008,35.04292464],[114.84620939000013,35.04255194500018],[114.84972427500007,35.036408240000135],[114.84715530000004,35.029942145000064],[114.83673380500011,35.02117603000011],[114.82545250499999,35.01515019500002],[114.81012577500016,35.01126153500016],[114.82188297000013,35.01091749000011],[114.85195056499997,35.00167781500014],[114.85574324500018,35.00356921000005],[114.86198841000007,35.02265513000003],[114.87172757500012,35.02607713000015],[114.87895517000003,35.02280633500003],[114.87970015500015,35.01842472500005],[114.87485665500022,35.004360745000085],[114.87638463000016,34.998217765000014],[114.88167973000014,34.993791980000125],[114.90205035000014,34.9897553600001],[114.90115732500004,34.977554624999975],[114.91256139500018,34.969984625000016],[114.92249105500021,34.97020683500012],[114.93758978000008,34.98841024500008],[114.95560309500016,34.99622437000004],[114.96802412500017,34.994751545000106],[114.97241316000014,34.991587840000136],[114.99090501000019,34.99251459000003],[115.00323568000016,34.988681920000104],[115.00542878000017,34.98149364500015],[115.01026122500015,34.97674391500008],[115.02746194500023,34.96898896000005],[115.02920920000001,34.96951956000004],[115.02877042500003,34.97803082500016],[115.03533855500001,34.9827833750001],[115.04708700000015,34.98547395500005],[115.05624199500011,34.99533721500008],[115.08657724000017,34.99543569500005],[115.08647522000015,35.000455975000115],[115.08972930500019,35.00045195500015],[115.09497986500023,34.999224600000005],[115.09570255500006,34.994952265],[115.10762656000016,34.99855080000005],[115.1121568200002,35.00692071500008],[115.1199414450002,35.00739089500011],[115.12621202000014,35.001155485000005],[115.12345461000014,34.98511359499999],[115.14546190500002,34.97138902500015],[115.1504299200001,34.96512460500004],[115.15085383000002,34.960684715000056],[115.15600259500023,34.959035010000065],[115.16829210833346,34.96263384833341],[115.18326510500016,34.960198004999995],[115.18682451500021,34.955675030000045],[115.18598816000012,34.95305746000012],[115.19290687000014,34.952258970000116],[115.19663515500017,34.954092950000195],[115.19923689500021,34.9604199850001],[115.21927384000023,34.95423510000011],[115.2139823750002,34.94336634500011],[115.20995895000017,34.94198518500011],[115.2061421300002,34.94413709000002],[115.19691028500009,34.92646308000005],[115.19175307500016,34.92862668000012],[115.18652085000005,34.926264300000014],[115.18331472000008,34.9155969100001],[115.19934226500008,34.906749545],[115.21006008500018,34.904922185000046],[115.21242985000005,34.912985530000114],[115.22331693000015,34.91640341000004],[115.2335825900002,34.91690513000005],[115.24946109000001,34.91017444000011],[115.25072152000004,34.902995610000076],[115.24075483000023,34.89307122500008],[115.23744930000012,34.8914392350001],[115.22919072000016,34.89277092500005],[115.23066684000008,34.86722664500004],[115.2344895700001,34.8673142650001],[115.23703742000012,34.85990616500007],[115.23685749500018,34.85008315000001],[115.24046690000013,34.843750875000076],[115.25445829500003,34.83846328000003],[115.2609729100001,34.85543129000013],[115.2682570700001,34.857980650000094],[115.28062734500016,34.85242426000017],[115.27954387000023,34.839771020000036],[115.2855173650001,34.84400131500012],[115.29147969000014,34.86219893500004],[115.31127294000002,34.86288802000015],[115.32259524500009,34.85231775000014],[115.33413384500008,34.84957713500016],[115.34976685000005,34.837054315000074],[115.36647488500017,34.83339728500008],[115.36929317000013,34.82900098500013],[115.3917632500001,34.83193372000002],[115.41401492000018,34.80856249500005],[115.42582355500016,34.804814845000095],[115.42435236000011,34.79901759500013],[115.42214312500002,34.79910700500006],[115.42278057000017,34.788369640000035],[115.43471814500013,34.77030405500008],[115.4464709950002,34.74485775000008],[115.43914529,34.73669200500016],[115.42228528000012,34.73359209000008],[115.42162620000006,34.73156193000007],[115.42470503500007,34.72338054500002],[115.43469405000003,34.72192931500012],[115.44647867500015,34.69347794500006],[115.44474014000009,34.67014332499997],[115.43935947500012,34.66716234500008],[115.43944755000004,34.66289421000006],[115.44830771500013,34.65686153500009],[115.44889217000008,34.661530230000004],[115.45445029500017,34.660588075000035],[115.45666693500007,34.646993020000046],[115.45372974000011,34.63341597000014],[115.45707666000021,34.63301302500012],[115.46255035000021,34.63838291500006],[115.47189656000019,34.63489331500005],[115.48189298000005,34.61566297500011],[115.50439379500015,34.5896703000001],[115.52901365500017,34.57656603000007],[115.5448787900002,34.57346386250001],[115.5739819450001,34.57227725000003],[115.61700977500007,34.57600089000002],[115.63431474000005,34.572689465000025],[115.6626372250002,34.55834658500007],[115.67852704500007,34.55668971000011],[115.69106508000007,34.57124513499998],[115.69134053000013,34.59854790000011],[115.70047966000001,34.60089718500007],[115.71844115500012,34.591584879999985],[115.75680126500006,34.58861249000006],[115.79108291000007,34.57903227000011],[115.7948456700002,34.57464298500012],[115.79324382500008,34.57258509000008],[115.81067506500013,34.56630372500014],[115.8145158000002,34.56146069000009],[115.82093627000005,34.558802750000076],[115.8723728850001,34.569249180000035],[115.97126776500009,34.58255039000004],[115.97963417500011,34.591888045000104],[115.98284241000006,34.609116450000066],[115.99438418000007,34.616292689999995],[116.03923893000021,34.596313449999975],[116.04781076000016,34.59643922499999],[116.05191528000013,34.59918675000004],[116.1003695700002,34.59801219500001],[116.10362346000022,34.59232862500007],[116.12401232000009,34.57951362000006],[116.13527502000011,34.56030286500003],[116.14332147000009,34.55695815000017],[116.14813336500006,34.556580855000114],[116.15042167000021,34.56010498000008],[116.18008033000024,34.57113101000004],[116.18453395000014,34.56976458000004],[116.19359244000017,34.571578330000115],[116.19603856500018,34.56839142000012],[116.19616507000006,34.5607364100001],[116.18703775500008,34.53011500500008],[116.20335141000012,34.51326147000006],[116.20137758500006,34.507721155000155],[116.18727426500011,34.50380452000017],[116.1751131850002,34.49343482500016],[116.17150654000015,34.475740685000126],[116.16340110000014,34.47398077500008],[116.16100411500005,34.464349105000124],[116.15706317500013,34.45851847500015],[116.15406001500023,34.45882954500003],[116.1529817550001,34.45102199000011],[116.16445639500007,34.445319035000125],[116.17540150000018,34.44380849000003],[116.17933021500008,34.43799381000002],[116.18060354500007,34.43044713500013],[116.17501381500017,34.43073033500017],[116.17529556500011,34.42585899000009],[116.17930786000016,34.42383649000007],[116.19049965750013,34.42505955250003],[116.19006115000013,34.421522230000086],[116.19617912000014,34.414744775000024],[116.20232290000017,34.415283615000114],[116.21316420000007,34.40707352000007],[116.21132650000007,34.40199894000013],[116.20511109000006,34.401616600000125],[116.20145255500003,34.39107673500006],[116.20150931250014,34.38347195250015],[116.21140828500008,34.37784618500004],[116.23560264500014,34.374279145000045],[116.24500303500008,34.38005513000011],[116.2506183900001,34.379341024999995],[116.26562472500002,34.37029370000008],[116.2718129500002,34.361454415000026],[116.27861075000018,34.35868890500009],[116.29010379000006,34.36021593000004],[116.29364628000013,34.35509669500009],[116.29066636000005,34.35272865000015],[116.29196507750017,34.348959440000144],[116.30160625000008,34.33656868000001],[116.30399349000007,34.3357163300001],[116.30835230500001,34.33954051000007],[116.32267805000006,34.33452897500011],[116.32649529000017,34.32598870000002],[116.34151879500003,34.32618147500009],[116.3450587000001,34.32825519000009],[116.36266891500004,34.31136643500007],[116.36973634500019,34.299061325000096],[116.36949514000023,34.29275894500004],[116.36504687500012,34.29089086000011],[116.3568634750002,34.28068755250005],[116.35909568000014,34.27269789500009],[116.36654916500001,34.26882883500016],[116.3757711950002,34.274211100000116],[116.4005516475002,34.277687477500166],[116.41065757500013,34.26948430500012],[116.42765549500018,34.271365952500055],[116.42594488750017,34.277154782500034],[116.42765231166679,34.28193338333347],[116.43488756500011,34.28776307500002],[116.44301432500001,34.289698670000156],[116.44937745500016,34.288043770000115],[116.44322856500014,34.28328748000008],[116.44671778500019,34.27213333000013],[116.47163244500025,34.2718526575002],[116.47536223500023,34.27274730499999],[116.49103870500004,34.29189107500008],[116.49074847000009,34.29405929500016],[116.50799520000014,34.29658461000012],[116.52572629500021,34.29178113500007],[116.55005758000014,34.29270407000011],[116.56073213500008,34.28460693500002],[116.56121851000009,34.28046186000006],[116.57966306000012,34.276662100000074],[116.5770349450001,34.26769115000015],[116.56365413000017,34.253398065000056],[116.5552835950001,34.24991619000011],[116.5489906075002,34.24355304000003],[116.54086164000009,34.24365178000006],[116.53877056000019,34.24172647000009],[116.54191970000004,34.23008563500005],[116.53751876500014,34.2211560750001],[116.54131044500019,34.196308970000125],[116.5484373550002,34.18856362000006],[116.5550688350001,34.18774495000001],[116.55591091500015,34.179827450000026],[116.56062882666681,34.1747214933334],[116.55973243000005,34.16999686000006],[116.55690600500014,34.168127795000025],[116.54792703500007,34.169123665000015],[116.52973824999998,34.14286133500015],[116.52702201000011,34.12246792000005],[116.52889916000001,34.11725062000005],[116.53620788500007,34.111141735000054],[116.53446052500007,34.101932995000105],[116.53591884000004,34.098299372500115],[116.54981875000018,34.09804163000017],[116.56044519500014,34.08616833000009],[116.56471682000017,34.07285273500005],[116.58126711500014,34.05200455000012],[116.58201014500017,34.04749470000014],[116.59131508000009,34.04027136500003],[116.59886505000014,34.02428084500013],[116.59762554500026,34.016638115000134],[116.60219783500011,34.009668365000074],[116.60133970500007,34.002104895000166],[116.62829139500012,33.980448340000116],[116.63286346500021,33.97893113000007],[116.6340298350001,33.98054768000008],[116.64047956000022,33.9750008000001],[116.64481611000002,33.97493579000015],[116.6439551050002,33.95690230500011],[116.6368423050001,33.94553966500011],[116.6411039700001,33.93658790000007],[116.63600256000007,33.92844472000018],[116.63481743750012,33.908525702500114],[116.6440639975002,33.899850467500144],[116.6375922666668,33.88506925000012],[116.60949224500003,33.889434525000055],[116.59992168500025,33.894744725000166],[116.59957319000019,33.89831760500011],[116.59535555000019,33.900916760000044],[116.57583423500023,33.90182419000008],[116.57601257500005,33.90701478500011],[116.57024838000017,33.914249835000106],[116.56848084500012,33.91367594000006],[116.55721327500007,33.90953885500006],[116.55151781000009,33.90092233500015],[116.55312188000002,33.882017070000124],[116.53411753500004,33.87578862000006],[116.53146020000017,33.88134094000011],[116.52653548000016,33.883371080000046],[116.51940234500016,33.881950110000076],[116.51583090000015,33.86938646500006],[116.51042994500007,33.86790552500012],[116.49552806500012,33.86615116000007],[116.47905601000014,33.87091774500003],[116.46986035500001,33.86493938500009],[116.45400461000001,33.861687870000075],[116.4523894125001,33.850869587500114],[116.43431539000012,33.84828691500016],[116.43135685500019,33.843146125000075],[116.42769857500018,33.81594375000008],[116.43225496000017,33.8007719200001],[116.42720641500016,33.79644155000002],[116.42067158000016,33.79887362500008],[116.41735221500008,33.79672082500014],[116.4099981600001,33.80448215000013],[116.40101935000004,33.807169520000116],[116.39598266000013,33.802559740000085],[116.38878602500012,33.785346925000134],[116.37783169500005,33.783560120000104],[116.3755295850001,33.78097531],[116.34572091000008,33.77737261000002],[116.34085532000012,33.78259974000005],[116.33261067500007,33.78391607500011],[116.32622473500018,33.77752514000007],[116.32345991500004,33.77030958000012],[116.30852853500005,33.76669797500004],[116.29831294500018,33.75326344000005],[116.27315506000005,33.75424695750012],[116.2672311300001,33.74988116500007],[116.26085185500011,33.739467460000135],[116.25880008500008,33.72954798000007],[116.25560747000013,33.72669642000004],[116.2488902850001,33.727147894999995],[116.23734450000003,33.733330755000075],[116.23538983500003,33.74572967000003],[116.2318699850002,33.745527735000096],[116.21610215500003,33.73815038000007],[116.22306793000007,33.73013829500006],[116.21708121000015,33.72275845500009],[116.20131079500004,33.72020071000011],[116.19814124000015,33.72225589000007],[116.1976609800002,33.72877413999999],[116.18940495000008,33.7239803250001],[116.18492332000004,33.71099009000008],[116.17528194500007,33.70759071000008],[116.15375484500014,33.70874987500009],[116.15053516000009,33.709584485000065],[116.1487522950002,33.71604965000004],[116.1400457750001,33.72690633500009],[116.13562955500004,33.73985906500012],[116.12716309000004,33.75015725000002],[116.11710777500018,33.756483640000056],[116.10384929500015,33.75960768000007],[116.09831767000021,33.76477527500008],[116.09599066000008,33.772616775000074],[116.09301892000005,33.77371068000015],[116.09569765999998,33.779926425000106],[116.09416449000013,33.783773140000115],[116.06775151000008,33.781761185000036],[116.06461515000021,33.784592705000016],[116.0668456700001,33.79076980500005],[116.05442303000012,33.80371892000007],[116.05571866250017,33.81302578500014],[116.05305417000021,33.82209436500015],[116.03870531000011,33.82225832500012],[116.04182635000015,33.83245725500013],[116.05215571500023,33.830324810000086],[116.05743062000012,33.82562400500017],[116.06005687500009,33.845872395000136],[116.05995895000015,33.8482925750001],[116.05278295000005,33.85240789500008],[116.04087393000015,33.87485760000004],[116.03661111000014,33.87816158500004],[116.02533686500016,33.88053039500001],[116.0213799800002,33.8858384500001],[116.0097797550001,33.88851993999999],[116.0046414750001,33.90118509000011],[115.99540408000018,33.903169920000146],[115.98966667500002,33.89894920500012],[115.97997404000017,33.90279382500008],[115.9745437650001,33.915226605000015],[115.9768967450001,33.931036845000165],[115.98711994000008,33.93632480500007],[115.98867422000006,33.94690016500013],[115.9991513550001,33.96071829500009],[115.99531912500007,33.96916917500009],[115.98419081500018,33.97950912500002],[115.98007068999999,33.99241543000002],[115.94919891000012,34.00591901500025],[115.94574208500012,34.00415284000005],[115.93197456000007,34.005596350000104],[115.9227733750001,34.01228989500007],[115.90688409500018,34.001645865000086],[115.90090011000015,34.0026438350001],[115.88826189500011,34.01562807000004],[115.88864978500004,34.02317308500002],[115.89323055500016,34.021660045000075],[115.8963331550002,34.023990460000064],[115.89189756500018,34.029592780000065],[115.87446218000017,34.03046948],[115.87048932000015,34.02161342000014],[115.87157189500009,34.00458883500007],[115.85021510500016,34.004227730000025],[115.84619014500002,34.006134985000095],[115.8478268550001,34.02492606500005],[115.845230275,34.030753715000024],[115.8318777700001,34.03263050000006],[115.80944239000017,34.05328728500007],[115.81277931500007,34.05935873000008],[115.80880637500023,34.06623701500004],[115.7862725925001,34.06688642750009],[115.77730244500012,34.071969530000075],[115.77218260000014,34.06369619000006],[115.75296657500013,34.06170550500012],[115.75328094500021,34.070033025000086],[115.73555966500017,34.073195985000126],[115.73462770000013,34.080094530000046],[115.72858860000015,34.08103814500008],[115.70779121500004,34.063919715000075],[115.69313541000004,34.06766542000001],[115.67924875500017,34.068039895000105],[115.67091406500023,34.06048310000002],[115.66453216500011,34.05847443000003],[115.66116305000017,34.05887820500003],[115.65700936875008,34.06476596125013],[115.64621455500013,34.06344097000008],[115.64975724000014,34.05812151500004],[115.64548614000014,34.03528620500005],[115.63257183500009,34.032649705000054],[115.62870990250006,34.03366592750012],[115.62811124500016,34.03704313000003],[115.59885913000011,34.03524135000008],[115.59725135000022,34.023201580000155],[115.6009489600001,34.01688713500005],[115.59821945000022,34.01204775500002],[115.58363748000019,34.013836805000096],[115.5774920050001,33.99238014000004],[115.58572511000017,33.98852119000003],[115.58766571000014,33.98218350000013],[115.5821423750001,33.97778147500007],[115.57218313500013,33.9750340500001],[115.57201979500013,33.95207197000013],[115.5643433900002,33.949472390000075],[115.56191236500021,33.93243236000015],[115.55745343500008,33.93167236000015],[115.55483226000018,33.92169179000008],[115.55541492000006,33.915372760000125],[115.56031574500011,33.91191496000008],[115.54983960000007,33.90579893500012],[115.54921180500008,33.89863073],[115.54590441500017,33.893108905000084],[115.54044253500017,33.89334338000004],[115.54012426500012,33.88391289500008],[115.54075754500019,33.87684138000004],[115.55093317000015,33.87845697500006],[115.55324167000018,33.874118475000074],[115.55724035000011,33.87294844000008],[115.56517032000005,33.87784268000002],[115.57305741500008,33.87883227000012],[115.58662194500013,33.86990615500007],[115.59935788500016,33.86861476000017],[115.61324413000017,33.875163930000085],[115.6191098500002,33.87548012500003],[115.62931911500006,33.868449790000085],[115.63121075750004,33.844984922500124],[115.62948672,33.84101578000011],[115.62202810500025,33.84044552500011],[115.61638062500016,33.824762310000104],[115.60662966166683,33.8220800958334],[115.61590593500016,33.81491639500005],[115.60829149000008,33.77753700500011],[115.5828163500002,33.78649828000002],[115.57535410500012,33.791318085000015],[115.56989315500003,33.78890857000013],[115.56248557000015,33.7811050700001],[115.55710198000011,33.77120498500005],[115.5653038750001,33.7699883550001],[115.57238601000005,33.75431852500006],[115.59186506500006,33.73421879000008],[115.59714751500007,33.71824860000009],[115.5911547050001,33.713610765000126],[115.59048439000014,33.70421883500008],[115.59940696500014,33.691335455000086],[115.59384257500007,33.68810954],[115.5903640300001,33.678438770000064],[115.59770421000003,33.675206240000044],[115.59490390000013,33.66203464000011],[115.6094667850001,33.63807833500001],[115.61943672500016,33.6279951150001],[115.63522719000024,33.58345710000003],[115.63039633500011,33.586066975000094],[115.61537515000016,33.584322895000085],[115.6118348000001,33.57530592000009],[115.59710273500016,33.58025557000007],[115.55693385000015,33.5779948150001],[115.55359382000009,33.56537561000002],[115.54815076000006,33.56426812000004],[115.54103916000014,33.570044785000036],[115.5365196100002,33.570619875000055],[115.50435301500016,33.558640620000084],[115.49436202000012,33.560261125000125],[115.49678540500018,33.56457258000008],[115.49465468,33.56821568000008],[115.47159865000013,33.55907163000005],[115.46299481333348,33.55916617000006],[115.45578138000026,33.57154334500008],[115.44645652500017,33.57050469500003],[115.44407747000021,33.568653849999976],[115.4450676900002,33.56567760000006],[115.41020616000016,33.55675749000005],[115.40477565500017,33.551485505000045],[115.39943457000012,33.53519027500016],[115.39907421500007,33.51794966000011],[115.39327107000014,33.50593730833343],[115.36067946750015,33.5250179450001],[115.35351743500013,33.511727270000094],[115.3399866400001,33.505164355],[115.34758098000016,33.47585128500007],[115.34727592500006,33.47265604500011],[115.34209605500006,33.47071182000018],[115.33722789000011,33.463723390000055],[115.34352426000015,33.46066159500004],[115.34572523000003,33.455201085000134],[115.3418668800001,33.447162580000104],[115.3359939750001,33.44611932000009],[115.31898640000009,33.457058935000106],[115.31335493500008,33.445750280000105],[115.3111965300001,33.42340077000003],[115.31637373500008,33.410823655000065],[115.3217259450002,33.409742315000116],[115.32478129500011,33.40064276000014],[115.319230225,33.39478026500006],[115.30721769000023,33.39077671000004],[115.3083098600002,33.375448665000114],[115.31165436500008,33.36806612500008],[115.31584197000006,33.36595949500012],[115.32646978000021,33.36974519000009],[115.32533891000008,33.373813595000094],[115.33758362500008,33.373446350000094],[115.33664239000018,33.36249888000004],[115.34420529500002,33.35172820500009],[115.34553321500012,33.34342528000008],[115.35938755500007,33.34176108500006],[115.36184652333347,33.33338401000007],[115.35644527500015,33.32726500000015],[115.35449581500015,33.31627506000005],[115.35573610750016,33.29997590125009],[115.34638631166676,33.298480103333446],[115.34436310000012,33.30299513500003],[115.33755728500013,33.303073950000076],[115.3293096800001,33.29963551500007],[115.32775287500014,33.28575192000002],[115.33357385000022,33.277870700000086],[115.33822792000018,33.26410683500007],[115.32722635000002,33.25637573500007],[115.32313187000008,33.24606008500011],[115.32494312000011,33.23520790500005],[115.31679165000014,33.2286526],[115.31187341000016,33.228116155000095],[115.30861562000017,33.221081890000015],[115.32205611000016,33.219053770000066],[115.32351402000018,33.21707713500004],[115.31956563500007,33.21190814500003],[115.30615646000011,33.20664521500012],[115.29179140000015,33.2052601500001],[115.2886166150002,33.20255389500009],[115.28564932500016,33.192994585000065],[115.29076657500019,33.18573886500003],[115.29756269000012,33.15021916000008],[115.29598604500012,33.143498535000035],[115.28380811500007,33.14457555000019],[115.28337515000004,33.13479418500008],[115.27098187000021,33.14066888500004],[115.25317085500009,33.135210060000105],[115.24167737000008,33.13610026000004],[115.24156660500016,33.13855166000009],[115.23830149250014,33.138647565000134],[115.2350844950002,33.12983247000013],[115.22874873000009,33.12717330500005],[115.20179691500012,33.11899451833346],[115.1929770250001,33.121967725000104],[115.18624430000017,33.11991846500009],[115.16670836000016,33.11180412875015],[115.16199989000015,33.099108295000036],[115.16756504000008,33.09489352000006],[115.15012596500011,33.08133334500011],[115.13216929000009,33.08313537000007],[115.11353340000014,33.07713675500006],[115.08950626500004,33.084843285],[115.08800459000012,33.088701700000115],[115.07959960000015,33.0900209100001],[115.06452313000015,33.0887098600001],[115.05789557000024,33.07978954000008],[115.04829583500018,33.087955595000004],[115.04805515500014,33.09590493500014],[115.03946778500007,33.09470401000006],[115.03856781000013,33.09140461000002],[115.03280047000008,33.08850869500005],[115.01565423500007,33.090229090000086],[115.00807362000016,33.09724524500011],[114.98993726500012,33.09971566000015],[114.98563913000004,33.106434060000105],[114.98498931500018,33.117538235000055],[114.98136013000021,33.12259060000009],[114.9707813000001,33.127944465000056],[114.96334830500018,33.13527793000002],[114.96628768500011,33.14161793500015],[114.97279842500011,33.14412189500012],[114.97601968000002,33.14942962500008],[114.92749111000012,33.15656373999998],[114.92817912000011,33.1459925550002],[114.92227735500012,33.14089135500013],[114.90273985000015,33.13838240500014],[114.89393328500007,33.12848953000007],[114.89986791500012,33.12401056500002],[114.90007255000009,33.11631594500008],[114.89978259500023,33.110947640000106],[114.89237372500008,33.102295140000045],[114.8925157200002,33.08647770500012],[114.90615448000005,33.08661746000006],[114.91142046500022,33.082600260000014],[114.91541858500008,33.06749133500009],[114.91771186500011,33.03830542000004],[114.92572576000008,33.03239671500009],[114.9272922750001,33.02726021500009],[114.92017087000019,33.01883048500012],[114.90993566500019,33.01818167000004],[114.88767502000016,33.02243104000012],[114.89494335000015,33.01015930500009],[114.89699158500017,33.001395915000145],[114.87915768500011,32.99348231500004],[114.88123833500023,32.97624622000017],[114.89146982000008,32.97278669500007],[114.91375442000015,32.970159310000135],[114.92945162000007,32.953275230000045],[114.93619759000016,32.93628650000004],[114.9414501200001,32.93474155500009],[114.96108198500008,32.941031140000035],[114.99956571000001,32.94210414000005],[115.00885243000013,32.940986075000026],[115.01271933500007,32.934910775000056],[115.02492477500009,32.933896655000105],[115.02973415500011,32.93943784000008],[115.03367315999998,32.93975442000008],[115.03654870500006,32.93769282000002],[115.03721890500017,32.93329784000001],[115.03231305500015,32.9203175750001],[115.03019867000009,32.91694738500004],[115.01890899500015,32.91778557500003],[115.0160130350001,32.909422030000094],[115.02846433000013,32.904949252500074],[115.03722707000014,32.90819137000004],[115.0556040650001,32.904516880000024],[115.08200494000012,32.90413160000007],[115.09551343500011,32.895891220000095],[115.1029779450001,32.89732578500012],[115.1081355800001,32.901179375000126],[115.12744670500005,32.90060843000005],[115.13738925500017,32.896088880000086],[115.13994071500017,32.883848060000076],[115.15030602000017,32.880338310000035],[115.14964613000002,32.86821329000009],[115.15900202500006,32.86163920000018],[115.16995449500006,32.857675845000124],[115.19449567500016,32.85713820000019],[115.19866141000023,32.8479107450001],[115.19515693000015,32.84209994000006],[115.18549048000017,32.84341618000006],[115.1833395250001,32.840233425000065],[115.1835093500002,32.832967625000016],[115.19159833000022,32.831430655000105],[115.19086993250015,32.82550643500014],[115.18514795000016,32.81597467500012],[115.18477941000022,32.808819425000024],[115.18967641500012,32.80390860500005],[115.20640760000023,32.797289425000024],[115.20726608000004,32.78816675000006],[115.19480686500022,32.785706690000076],[115.18839503500014,32.78841772000002],[115.18523655500002,32.79289582000011],[115.17598586000007,32.788387565000136],[115.17559642500007,32.78064910000016],[115.18378273000015,32.77414297500017],[115.18486349000004,32.77022916500007],[115.17611371000014,32.744534085000076],[115.17194523500004,32.7411489750001],[115.17421704500016,32.728412390000116],[115.17885736500014,32.72434345000006],[115.17435450500008,32.68554591000008],[115.17469279000015,32.680265900000094],[115.179514815,32.68073212000016],[115.17936422000022,32.67354272500007],[115.17902560500009,32.67129163000001],[115.16969760500024,32.668977530000106],[115.1720814700001,32.663927970000024],[115.17508682500008,32.662889845000095],[115.19366768500011,32.67376543500004],[115.20052477000021,32.669399505000115],[115.19830250500019,32.65638274000004],[115.18932705499998,32.64485810000011],[115.18900056000015,32.63356612000009],[115.19569243000015,32.63564588000009],[115.19799042000014,32.62944022000012],[115.19402661500014,32.62098089500008],[115.20209466500006,32.616029620000035],[115.18625366000016,32.60495109000007],[115.19175308500016,32.600537225000004],[115.1940445750002,32.59461999500014],[115.20362884500008,32.59464925000009],[115.21106136500018,32.58934603000015],[115.22385809500018,32.59277322000002],[115.22915091000016,32.59007116500001],[115.23427833500011,32.59144158500007],[115.23748409000007,32.59523707500013],[115.2446523300002,32.594652280000076],[115.25076025000013,32.59738821500006],[115.25624606500017,32.5913251700001],[115.24884442000015,32.58774175000009],[115.26037223500006,32.58017738500004],[115.27567265000002,32.58691564000004],[115.27575028500013,32.59330280500014],[115.29558701750011,32.59014315500008],[115.29993528000023,32.585459830000104],[115.2909682950002,32.56416031500013],[115.29991488000013,32.554811335000075],[115.30329497000022,32.55408544500005],[115.31764299000005,32.55646918000013],[115.32674927000015,32.56369517500018],[115.38782026500016,32.57311731000003],[115.39888147500011,32.57920919500012],[115.4046778850001,32.578367425000096],[115.40741932999997,32.56787186500002],[115.40623647000018,32.560103175000066],[115.41541616500021,32.553899070000014],[115.42601430500014,32.55417649000004],[115.43675015000014,32.54897300500011],[115.43794315500018,32.54339791500014],[115.43203755500005,32.5377705400001],[115.43244605500011,32.53452004000011],[115.46018922000006,32.522250345000096],[115.47034410000018,32.52335241000004],[115.47250942500011,32.52116979500013],[115.47229605000004,32.51366136500007],[115.48116234000008,32.51351167500012],[115.48015191500004,32.50969470000005],[115.48349454500011,32.50008769500009],[115.49228922500014,32.49409400500012],[115.50656274500018,32.46308392000002],[115.50831849500008,32.45463848000005],[115.51856002000005,32.45068405000005],[115.51881326000014,32.44300516000013],[115.52386621000008,32.440900585000186],[115.5313797100001,32.44178187000016],[115.54330609500015,32.425465579999994],[115.55231696500007,32.425713730000105],[115.56526569500022,32.422327455000044],[115.56402490000005,32.41744447500007],[115.5591939700002,32.41374669500012],[115.55461730500014,32.412792630000105],[115.5497291550001,32.41536924000012],[115.5468202300002,32.41382096500013],[115.54816539000018,32.409472539999996],[115.55826025500004,32.40562125500007],[115.58306723499999,32.423286340000175],[115.59931918500016,32.428237800000005],[115.60350478500018,32.42705804000015],[115.60554781000012,32.42140932500009],[115.61282006000009,32.41647645500007],[115.61993588000007,32.407105319999985],[115.63896849000017,32.418655765000004],[115.6461306200001,32.42665783500014],[115.65123594500018,32.42149266500008],[115.65063242500025,32.41133358000015],[115.65370015500021,32.40946390500002],[115.66043856500008,32.41093266000005],[115.66614086000008,32.41781031500014],[115.67611694500013,32.44437914500011],[115.67590659000014,32.454402680000086],[115.66908406500008,32.46709816500008],[115.69126222000023,32.469134600000054],[115.69543974000017,32.471521670000136],[115.69539045500002,32.47493842500011],[115.68628595000007,32.48587993000012],[115.68769758000016,32.49123242500014],[115.6942580250002,32.496638440000055],[115.69866824000016,32.497730050000044],[115.71234500000021,32.488421439999996],[115.7388405500001,32.478086865000044],[115.75759736500004,32.48664948500003],[115.76227983500013,32.49740735000009],[115.76205459500015,32.506250520000116],[115.76505495500007,32.507830880000036],[115.77400620500015,32.50002154000001],[115.78138873500009,32.4887125000001],[115.78196123500003,32.48096373000012],[115.77605938000012,32.469022530000046],[115.77839214500021,32.46798122000005],[115.81860125000021,32.504440820000084],[115.83585078500013,32.50269008500003],[115.83190143500012,32.52010714000003],[115.83556641500022,32.52887186000013],[115.84132886000016,32.53433507000007],[115.85980976000008,32.54337641000004],[115.88222793000018,32.569185100000055],[115.8872173600002,32.579039505000104],[115.90838105500006,32.57964892500011],[115.92451725500007,32.56965328500002],[115.91491605500012,32.56758708000006],[115.91019560000026,32.570503715000164],[115.90615663000013,32.5698915600002],[115.89352608500019,32.55787896500006],[115.87247077000013,32.5456185300002],[115.86806974000024,32.52815613000007],[115.84914261500015,32.51839324000008],[115.83925408500016,32.506127190000015],[115.84083197000007,32.504230195000076],[115.84705034500004,32.50722678500015],[115.8668197150002,32.50733693000008],[115.86868736000011,32.500949215000105],[115.87772575500026,32.493530825000214],[115.87666711500025,32.47598372500021],[115.8689653400001,32.47346219000013],[115.8583616400001,32.462402095000265],[115.87094282000021,32.46075728000006],[115.87965106000023,32.45492004500018],[115.8757873000001,32.434633820000066],[115.89396885000014,32.393668740000145],[115.89231799500006,32.348668685000085],[115.8983887400002,32.34121068000011],[115.90380884500021,32.32753186000024],[115.89971521000007,32.3217995450001],[115.90257145500013,32.301570055000084],[115.9067231500002,32.29840153500001],[115.9058321050001,32.286440670000154],[115.9168434800001,32.2736432250001],[115.91817048500012,32.269146040000244],[115.90871598000024,32.25392286500002],[115.90741696000023,32.23125363000012],[115.91650543000029,32.2064784150002],[115.91939425000011,32.19088738000018],[115.9290276800002,32.183214495000094],[115.92749276500017,32.17847439000012],[115.93386996000012,32.164238215000026],[115.93161087500017,32.15429086500015],[115.93415016000006,32.14831577000011],[115.93361975500022,32.14198114500011],[115.92685438000017,32.12328516500005],[115.92644145500012,32.11511195000005],[115.92137000000017,32.10759347000023],[115.92743206000009,32.08747309500018],[115.93771846000014,32.08093198000004],[115.93856635500022,32.07721489500024],[115.92860419500018,32.06053900500016],[115.9196515725002,32.06066745000012],[115.91686568500015,32.05206205500009],[115.92267626000015,32.03869362500001],[115.91595745500015,32.03569667000012],[115.91445827500029,32.030868525000066],[115.92336843500014,32.022062290000086],[115.92228535000004,32.00969914500017],[115.92937893000007,32.000000000000114],[115.92731985500014,31.997436390000075],[115.9229373000001,31.99918819500019],[115.91849097000016,31.997263225000076],[115.91947260500021,31.993549800000224],[115.9164272450002,31.990368120000024],[115.91996389500025,31.985464560000043],[115.91323096000013,31.975920650000045],[115.90860590500019,31.959099380000133],[115.90367133000018,31.9524470100001],[115.90442480000027,31.94510421000005],[115.91145795500017,31.941485530000065],[115.91385328000021,31.93653736000012],[115.91067746500006,31.932344040000036],[115.91741395500023,31.920544880000175],[115.91386234000016,31.909683040000214],[115.9061811750002,31.89948135500016],[115.90507301000028,31.893972430000076],[115.902713755,31.89326674500021],[115.90019389000005,31.883309320000116],[115.89325087000016,31.883805005000102],[115.89068428000016,31.878599395000137],[115.89168600500008,31.86002989000018],[115.88791147000016,31.83822830500012],[115.89146354000025,31.8333936550001],[115.90049843500012,31.829510770000063],[115.90928941500015,31.82206565500012],[115.90540284000012,31.795195495000094],[115.89384685500008,31.793842145000088],[115.88541616500008,31.785472300000098],[115.88274722000007,31.779154520000144],[115.87490946250009,31.77731803750011],[115.86301675000004,31.77830355500004],[115.85204479000012,31.776040870000084],[115.84829831500011,31.785331345000053],[115.84463976000009,31.788337160000083],[115.84013066500005,31.785879425000097],[115.8331700000002,31.775220055000098],[115.82679036000026,31.77969733500003],[115.80962123000005,31.765181890000047],[115.80323658000017,31.768377430000072],[115.80283202500017,31.776020595000183],[115.79861139500011,31.773428855000134],[115.78926917500019,31.775071765000106],[115.78430881000011,31.78145406500003],[115.7630909700002,31.790086945000088],[115.7574220300001,31.78452201500019],[115.73545285000012,31.784942910000066],[115.73543338000012,31.77861241000004],[115.7253213150001,31.770855715000014],[115.73387562000008,31.767433220000026],[115.72895373500016,31.762971297500002],[115.72025446000015,31.767035575000047],[115.71583889000011,31.7650072750001],[115.70669263000018,31.773769920000028],[115.69391564500003,31.769590675000085],[115.68790660500014,31.77280225000007],[115.68607116500004,31.777941315000103],[115.67396866500012,31.781260530000026],[115.66993521500024,31.779108385000143],[115.66040670000012,31.76493230000005],[115.6490193800002,31.761223095000087],[115.63176296500022,31.759812535000012],[115.62839149000015,31.75083102000011],[115.61766793000018,31.741715765000166],[115.61164122500006,31.74040584000011],[115.60846657000018,31.736782295000157],[115.59525024500009,31.733688605000104],[115.59062316500015,31.727099930000147],[115.58082454500007,31.723474430000124],[115.58103343500018,31.717381025000165],[115.57633559000017,31.713469215000053],[115.56962439000017,31.710869230000075],[115.56283922000007,31.711721705000077],[115.55131457500016,31.703953590000108],[115.54848371000026,31.697446955000075],[115.51846367500015,31.701682465000133],[115.51950978000023,31.698241000000053],[115.51120391000016,31.686701380000024],[115.49428636500024,31.675323010000078],[115.48962059000013,31.67499733499999],[115.4891983950001,31.667859680000074],[115.48057058500024,31.661480495000166],[115.48104442000017,31.651720915000066],[115.47816614000007,31.648673415000065],[115.47171614000018,31.647265765000036],[115.4713719750002,31.64418951000001],[115.47410884000018,31.64337035000004],[115.48648522500024,31.62502603000004],[115.48165151500015,31.611764625000124],[115.47714402500014,31.608395765000086],[115.46208133000006,31.604312835000048],[115.4498606400002,31.59584451500005],[115.44290215500007,31.595716420000027],[115.43220894000018,31.58891523000012],[115.43546604500023,31.580706380000027],[115.4280814050002,31.576948610000173],[115.42338354000013,31.56634539],[115.42699600000026,31.561447525],[115.42297791000016,31.55174470000013],[115.42418192000021,31.547814835000032],[115.42083335000018,31.545074725000166],[115.41345406500014,31.527270985000104],[115.40961573000017,31.526097550000017],[115.40590317000014,31.52081489000011],[115.39125122500018,31.515516730000048],[115.38599219000018,31.50771555000008],[115.37771871500013,31.506722025000037],[115.36915061500014,31.501261350000043],[115.36646843500019,31.496196510000107],[115.36633811500015,31.492187205000047],[115.37096139000005,31.48911661500007],[115.36888310500014,31.481512185000053],[115.37312543000004,31.476690480000087],[115.37157857500007,31.472259319999992],[115.37575442000023,31.46890149000008],[115.3769390500002,31.462093185000036],[115.38355525500013,31.45197848000009],[115.38054562500008,31.445723240000152],[115.38236538000021,31.442209119999983],[115.37860112000023,31.431883630000087],[115.37999643500004,31.422152335000046],[115.37808060000015,31.415862570000115],[115.37018843500014,31.413273230000097],[115.36928302500019,31.40657773500004],[115.35946000500012,31.405276850000067],[115.34907348000013,31.40047227999999],[115.33154987000016,31.404122865000094],[115.32462634500011,31.3958265950001],[115.30716513000014,31.384822945000113],[115.29701287000019,31.385514835000087],[115.29029083500008,31.398584590000056],[115.28689161500004,31.397316980000063],[115.27589613500012,31.40208251500009],[115.26598491500022,31.397664970000044],[115.26148387000012,31.39151320500001],[115.25507030500023,31.38827926500004],[115.25123073000006,31.39435487500013],[115.24630674500006,31.395004485000026],[115.25511555000021,31.41106074000008],[115.24706901500008,31.42361120000005],[115.23566462500025,31.425030260000035],[115.22877958500007,31.428669670000087],[115.21515104000018,31.426621480000076],[115.21114126000013,31.436938345000073],[115.20639496000015,31.438962535000037],[115.20242902000011,31.448150995000105],[115.2137890450001,31.469869295000038],[115.20718182500025,31.494310135000095],[115.21355471500016,31.501005500000087],[115.21513366000013,31.50835109000011],[115.21230302000006,31.517167975000106],[115.2181097650001,31.523336325000034],[115.22580718500016,31.539228365000127],[115.22527432000012,31.54902595000005],[115.23148472000017,31.557050505000092],[115.22924888000007,31.559517230000075],[115.22279476000011,31.557296055000062],[115.21675197500012,31.558708685000084],[115.21031309000018,31.555653940000138],[115.20448401000014,31.55915458000001],[115.20565909000013,31.563724590000138],[115.20343135500026,31.566548920000056],[115.1858761550001,31.5654470150001],[115.18783649500003,31.573041715000013],[115.1814202500001,31.574571770000045],[115.17334806500013,31.5822606150001],[115.17096846000003,31.59197545000004],[115.17267780500026,31.59970560500007],[115.16701672500011,31.60468825500003],[115.14655380500011,31.607881439999986],[115.1338944450002,31.605753080000095],[115.12014276500005,31.5997149450001],[115.11868624500006,31.594820930000086],[115.12289717000013,31.590493600000084],[115.12382759500011,31.583699725000077],[115.10813444500008,31.571406785000082],[115.09992457000016,31.568268915000072],[115.09763645500011,31.561253330000124],[115.09813944000005,31.555564135000036],[115.10661541500008,31.553135574999988],[115.1008328050001,31.54876328500009],[115.10019919000024,31.5399707900001],[115.10866449000025,31.535387815000078],[115.11008944000011,31.53191042500015],[115.0924249400002,31.52088948000004],[115.08713767166684,31.520896450000095],[115.08826672750018,31.517531360000095],[115.0932511900001,31.516072490000013],[115.09091554250006,31.510255282500022],[115.07519721000004,31.510687850000114],[115.04919227000009,31.516151015000126],[115.04478476500009,31.519277865000014],[115.0366912000001,31.51617071000003],[115.02474426500008,31.523768860000146],[115.02404989000016,31.529600795000082],[115.01945670000016,31.529821865000077],[115.00924125500015,31.514315470000035],[115.00639455500016,31.505382735000165],[114.99970284500009,31.503785145000048],[114.99870117000013,31.498632005000083],[115.00243559500005,31.496469400000038],[115.0054892300001,31.48993576500007],[114.99858371500011,31.486980575000082],[114.99660015500012,31.478408515000037],[114.9910821250001,31.471277059999995],[114.98621550000013,31.475227589999992],[114.98545795500016,31.480210915],[114.97756359500006,31.479851730000075],[114.97411704000015,31.48812323000004],[114.97581935500013,31.494743005000032],[114.96952136000014,31.501984235000055],[114.95668038500018,31.497731085000066],[114.95511917000007,31.493099640000096],[114.93619745000017,31.480428415000105],[114.93414274000015,31.469447635000034],[114.93066972000005,31.47499393000012],[114.9191340700001,31.48031607000002],[114.91829333000017,31.483702140000066],[114.90024007000007,31.476708320000064],[114.88817932000013,31.475248730000068],[114.8808654900001,31.470411895000094],[114.87134789000007,31.47223161000009],[114.87016047500015,31.48009292000001],[114.85628332500008,31.481318295000012],[114.85065122500014,31.476939345000144],[114.8474737650002,31.47918899000015],[114.84517373500006,31.47806340500006],[114.84399106000015,31.47060423000001],[114.83483575500009,31.461042065000118],[114.82560220000002,31.459404160000034],[114.81700221000007,31.475048745000134],[114.80821933999998,31.480284790000024],[114.79794282000013,31.48214365500008],[114.78816610500007,31.48038901000004],[114.77613366500016,31.486612930000124],[114.77871679000009,31.497928820000112],[114.77623950000003,31.50282109500004],[114.76931221500018,31.50353624000015],[114.77112019000012,31.510311580000092],[114.76860129500017,31.514453690000096],[114.77651447000005,31.521910555000055],[114.78146562000015,31.52176755500013],[114.7818395900002,31.524558125000112],[114.77828471000012,31.527824140000128],[114.77410377000007,31.52610153000008],[114.77470553000012,31.52451621000009],[114.7783295250002,31.52575399000006],[114.77531672000006,31.523065380000045],[114.76342786000012,31.521555200000066],[114.75319020500018,31.52925277000005],[114.74825077000017,31.529037800000115],[114.74739199000005,31.523801430000002],[114.73569963500012,31.52947206000007],[114.71622078500013,31.519244755000006],[114.7125806100002,31.530226230000032],[114.69208259500019,31.52615892000003],[114.68955754000024,31.531438095000123],[114.69568360500014,31.540843730000105],[114.69391983000013,31.547179325000126],[114.67135870500019,31.54532645000004],[114.66520993000009,31.54837106000014],[114.66314966500016,31.552269450000008],[114.65831370000008,31.55445149500008],[114.65475924000003,31.564395815000083],[114.65108771500019,31.56336758499999],[114.65218490500011,31.570060895000093],[114.6486262600002,31.57363991500005],[114.64008535500005,31.57641556500001],[114.63992486,31.58345951500011],[114.62996454000012,31.5845649],[114.62179753000021,31.588969500000097],[114.61696785000002,31.58586174500009],[114.61166885500006,31.587682965000145],[114.60699413499998,31.580485665000065],[114.59116197500009,31.577709515000045],[114.58658430000014,31.563709190000004],[114.5693336250002,31.5619925600001],[114.5680023800001,31.55719360000013],[114.56163314500006,31.55810612500012],[114.55442101000008,31.564729055000022],[114.5552572150001,31.56865604500012],[114.55094434000011,31.57519219500015],[114.55309166500015,31.580857520000116],[114.54861788000008,31.585860620000076],[114.55060410500002,31.59048165500004],[114.54833835000005,31.601091590000145],[114.54264206000009,31.61162979500007],[114.5444565100002,31.617769000000077],[114.54303984500015,31.624198500000027],[114.54719466500019,31.629662460000066],[114.54779102500007,31.636508695000114],[114.54444092500016,31.64538359500012],[114.55048540500016,31.649661620000128],[114.55265075500009,31.65815859499998],[114.5663548250001,31.660974900000017],[114.56479666500016,31.665531885000075],[114.5693658250002,31.67275239500012],[114.56976291500001,31.693106800000127],[114.58340089000018,31.692500635000084],[114.58593050000013,31.69741668000005],[114.58623560000015,31.705175375000053],[114.57723229000004,31.707528735000057],[114.57415821000006,31.71057141000002],[114.57851575000001,31.716568115000037],[114.5763614000002,31.72316217500004],[114.57986027000014,31.733000900000086],[114.57720589500008,31.742578415000008],[114.58304977500016,31.75639217500006],[114.57953707500005,31.766494295000026],[114.54481574500008,31.769110820000005],[114.54417383000009,31.766249760000065],[114.5494757400001,31.762060860000123],[114.53988091000008,31.75462791000008],[114.5402505000001,31.749830155000062],[114.53236544000006,31.742042060000138],[114.52608055500016,31.74354280000015],[114.52552355000017,31.751789520000084],[114.51709668000015,31.75919788000012],[114.51843831000014,31.764272290000143],[114.51288543500004,31.76989729500006],[114.50892381500017,31.769675600000006],[114.50110219000024,31.766728675000078],[114.50002163500008,31.76058261000012],[114.49281980500018,31.75459829500005],[114.4926577550001,31.748958879999996],[114.49987112000017,31.75097571000006],[114.50487195500021,31.748447740000053],[114.5053557750002,31.745356155000064],[114.50123332500007,31.74198626500003],[114.49311443500012,31.73858471000004],[114.49022172500014,31.74015279500013],[114.48851017000001,31.745499340000016],[114.46821068500024,31.742438745000086],[114.45502619500013,31.73439157500012],[114.44733767000017,31.741319490000034],[114.44491215000014,31.738828350000063],[114.44656371000018,31.732132710000105],[114.44418964000022,31.72960118000008],[114.4308655750001,31.73249050500013],[114.42602118000019,31.737996880000104],[114.42231252500002,31.733028260000115],[114.41484584000023,31.733754305000073],[114.41560928000015,31.737761305000078],[114.41075584000012,31.745108145000163],[114.4008756450001,31.75022014500008],[114.39254234000009,31.750000760000045],[114.38194542000011,31.74267464500006],[114.35895804500025,31.749388840000044],[114.34176868000014,31.758305215000064],[114.3257705100002,31.755121800000094],[114.31842952500006,31.75742644000017],[114.30602542000011,31.75360186000011],[114.30350781000007,31.756419940000136],[114.2974432550001,31.75625575500015],[114.29156305000012,31.750656850000027],[114.28611700000019,31.763966625000073],[114.27069344000017,31.774162055000044],[114.26803882500016,31.78278922500011],[114.25808938500012,31.7911028300001],[114.2572336750001,31.798607315000037],[114.25308085500012,31.800750340000043],[114.25261024500017,31.80503365500007],[114.24483898500014,31.809909070000135],[114.24172200000007,31.816666894999994],[114.23466239000011,31.822894270000116],[114.22948807000017,31.8338636650001],[114.23082184500014,31.84293350500012],[114.22724151000011,31.84260308000014],[114.22117145500013,31.833754275000032],[114.21473896000019,31.834190405000026],[114.21482113500015,31.837076585000098],[114.20751605500004,31.839827745000083],[114.20491171000012,31.84355624000014],[114.19417138000009,31.84674479000016],[114.18913723000011,31.8522232450001],[114.17609980500018,31.85623243000011],[114.16718395500001,31.856322435000024],[114.16090365000022,31.85311771000017],[114.15544381500013,31.842467900000045],[114.14146798000016,31.840964610000064],[114.13324620500015,31.845971174999995],[114.12697628000015,31.845216695000108],[114.12395356500008,31.82933868000005],[114.11480461000016,31.8196383600001],[114.11493347500017,31.809331540000127],[114.11117528500009,31.806788515000136],[114.09816059500017,31.807210762500116],[114.09076442500015,31.802063290000078],[114.08869251000023,31.797075305000156],[114.09250796000018,31.79323463250004],[114.0848470050002,31.786537645000017],[114.08521180500009,31.781168380000036],[114.07157148500019,31.78268573],[114.05762976000011,31.781145484999996],[114.05097201750006,31.772512242500092],[114.03737121000017,31.775934235000147],[114.0304400250001,31.77098845500011],[114.02397235750021,31.773962465000064],[114.0123630600001,31.773892545000045],[113.9846939650001,31.751435525000023],[113.97574376000023,31.754868890000154],[113.96946539500007,31.76091329500006],[113.96779494000015,31.769905055000073],[113.96322455500027,31.778055200000015],[113.96404367500017,31.783068085000128],[113.94722583500017,31.79409463000011],[113.94781246500021,31.814810935000107],[113.94682699500004,31.818274555000162],[113.94277427500018,31.81946409000008],[113.94077600000021,31.82504121500002],[113.94485617500004,31.834990105000106],[113.95259529000009,31.843282895000154],[113.95221083500016,31.85970464750001],[113.94688666500008,31.860314940000155],[113.9281016900002,31.87073576500009],[113.92999485500027,31.88101585500006],[113.9246988200002,31.883562425000004],[113.91226873500017,31.88111334500015],[113.90192220000012,31.873202175000063],[113.89056644000013,31.85050422000008],[113.87758164750007,31.848581595000102],[113.87091598000006,31.842904365000066],[113.86093169500015,31.847491965000156],[113.8528773050002,31.84340547000009],[113.83408684500014,31.85479573000006],[113.83113383000014,31.86286553000013],[113.83537978833351,31.86908029500008],[113.82598964000013,31.875635000000102],[113.82547616000011,31.88372251000011],[113.82991284500011,31.895800935000096],[113.8276478250001,31.90050233000009],[113.83278388500017,31.910879510000083],[113.8271860700001,31.918215045000142],[113.80033845500023,31.93301541500012],[113.80173498000013,31.953598485000093],[113.80841616000022,31.967475735000136],[113.79730337000018,31.975833430000122],[113.7840967050002,31.975511122500055],[113.77212644500025,31.98078484000008],[113.76179552500025,31.981875545000083],[113.75033102000017,31.99586515500002],[113.75243559750018,32.00461678750016],[113.75931876000014,32.00988375000006],[113.76259085000007,32.01696531000006],[113.76579685000013,32.0205007950001],[113.77209708000024,32.019700100000065],[113.78642757000023,32.03874676500006],[113.77412421500017,32.05182492500008],[113.75720402500014,32.05676929500007],[113.7405531150001,32.07132024000012],[113.73708343000007,32.07921006000002],[113.72493849000017,32.08314042000006],[113.71875248,32.08867271500003],[113.72457316000023,32.09928277500013],[113.71950543500014,32.1095048850001],[113.71907399000014,32.12066393500003],[113.71527810500004,32.12409851000012],[113.71851603000016,32.1275623050001],[113.72748811000018,32.124376690000126],[113.73318428000005,32.120315030000036],[113.73243038000018,32.11492318000017],[113.73664413000014,32.113182465000015],[113.75331911000022,32.12702791000003],[113.76054553500022,32.13617737500016],[113.7591025700002,32.15340142000001],[113.7549341350001,32.15958538000004],[113.7772567500001,32.18835709000006],[113.77136874250013,32.21055471000007],[113.75867817500017,32.205280230000085],[113.74614109500016,32.215731085000186],[113.74318404500026,32.23728326],[113.7334019150002,32.244922430000024],[113.73243344000026,32.25507446000009],[113.73317073500007,32.25985362500009],[113.74323337000017,32.26245575000011],[113.7461984200001,32.267564935000046],[113.7440430300002,32.275337025000105],[113.73690986500027,32.280863885000066],[113.73784429000014,32.28794613000003],[113.7422180900002,32.2950618200001],[113.76739894500008,32.305073870000136],[113.7663439800001,32.31086548000003],[113.76167413500016,32.31226572500008],[113.7631966800001,32.31799711500001],[113.75827255000019,32.32257547500013],[113.7527336950001,32.32334546500013],[113.74754747000016,32.33159310000008],[113.7489607450002,32.34953991500003],[113.75187821000011,32.353677915000034],[113.75605563500017,32.35382098000009],[113.76404998000018,32.35900875500012],[113.76572353500019,32.364751840000054],[113.76251644500005,32.372429310000065],[113.75775251500022,32.37223623500007],[113.75087017000018,32.36312110000004],[113.7415022700002,32.36619584000007],[113.7374455900001,32.37366666000003],[113.73899792500012,32.37723822000014],[113.74502686500014,32.37851307000002],[113.74481292500022,32.38969412000008],[113.74084675000006,32.395188410000046],[113.73415569000021,32.394540675],[113.73089062500024,32.39752201000011],[113.73199920000013,32.403357350000036],[113.72831221000015,32.41280126000002],[113.71758649000017,32.419027025000055],[113.71263329000016,32.419280275000204],[113.70691357500012,32.413200005000135],[113.70181524000017,32.412552385000026],[113.69553176500011,32.422781990000054],[113.68275409000009,32.41919296500016],[113.6735580150002,32.422871975000156],[113.66644997500022,32.419669720000144],[113.6597759250001,32.42399312499999],[113.65500691500013,32.413566060000164],[113.64523679000015,32.41485330500008],[113.63843532000007,32.40643316000015],[113.63303123000023,32.390844655],[113.61921196500016,32.37802696],[113.61929804500008,32.366289430000094],[113.61690146000021,32.36199464500008],[113.60963756000022,32.35978368500003],[113.59670460500023,32.3680189200001],[113.58744479000003,32.36732604500007],[113.58583246000012,32.36515978500005],[113.58742461500015,32.360656295000084],[113.59713197500024,32.35845559000011],[113.60029291000012,32.356100935000065],[113.59988733500013,32.35306267000012],[113.58554725000023,32.35290694999999],[113.5721993200001,32.342038980000076],[113.55905853500013,32.34293737000008],[113.54711561000016,32.33248435000007],[113.55279092500007,32.32295986500003],[113.55531324500012,32.30996485000004],[113.56800536166685,32.3038661200001],[113.55791115000014,32.302701085000066],[113.54399306000008,32.30748948500014],[113.54163140500016,32.314135285000134],[113.54479844000019,32.321102280000076],[113.5434094850002,32.33064899000013],[113.52694554500007,32.332169055000115],[113.51872555500003,32.32940531500007],[113.51751505000014,32.325552130000105],[113.5089248300001,32.31779099000009],[113.5005357250001,32.31767816000017],[113.4710449050002,32.299893800000085],[113.46245203000012,32.30125152500012],[113.45963862250017,32.29395271250013],[113.45297437500003,32.29441253000002],[113.42123528500017,32.27120549000002],[113.41429198000024,32.2721520450001],[113.40344744000011,32.28168848500015],[113.39347898500017,32.28055046500007],[113.38942882500017,32.28707426],[113.39060160500021,32.289609650000074],[113.38539217000005,32.2953442350001],[113.37501871000006,32.29954212000008],[113.36633341500007,32.301357630000105],[113.35220690500009,32.296539187500166],[113.34200009500023,32.30103105500008],[113.32962934000011,32.31680289000006],[113.31181389500017,32.323986820000094],[113.31325944500023,32.33096644500009],[113.32804993500008,32.33871230500007],[113.32688393000015,32.34403242000009],[113.31235984500003,32.35217385500003],[113.30254977500023,32.35191211000006],[113.29297990500014,32.35570346000011],[113.28775902000018,32.36452677500009],[113.28962573500017,32.37091046000016],[113.27028676000012,32.38178599500007],[113.26801800500007,32.38663754500007],[113.24981840000012,32.39506082000009],[113.22693521500028,32.411196025000066],[113.22312365500021,32.42433343500009],[113.20295567000012,32.43477865000017],[113.19808026500004,32.434375765000006],[113.18062617000015,32.424207635000094],[113.16838022000016,32.4242464600001],[113.1609019550002,32.421597995000106],[113.15948541000014,32.417730855000045],[113.15247917500017,32.41431200500007],[113.15580043000016,32.40415318500017],[113.15025284750011,32.39785857500011],[113.14872526500015,32.387360815000136],[113.15084355750014,32.38296066750015],[113.14506717000009,32.379425660000045],[113.13498097500008,32.38055968500006],[113.11310265500015,32.377264590000095],[113.10730300500016,32.38390763500014],[113.10740510000008,32.39299894500007],[113.10327028500018,32.40002392000011],[113.08903728500027,32.40075160500012],[113.07273290000012,32.39567094500009],[113.05996270000017,32.40384590000003],[113.05158830500014,32.40603196500008],[113.05116745000012,32.413943330000095],[113.04250938500016,32.42218516500007],[113.02807845000012,32.42496875500008],[113.0249502800002,32.42782720500008],[113.00954495500008,32.41952816750012],[112.9947949600002,32.41881469750003],[112.98867521000011,32.411850915000066],[112.98519297000013,32.403270084999974],[112.99248117000016,32.39335320500008],[112.98380579000019,32.3703438250001],[112.95866236000009,32.37612607500014],[112.96314715500017,32.393132530000024],[112.95892907000014,32.39511392000008],[112.94833896500009,32.39238599000007],[112.94656551500017,32.38865941000001],[112.9482520300001,32.38422885500008],[112.94634811500022,32.382649020000024],[112.90963932000014,32.39330769500014],[112.90157856000022,32.39932022000005],[112.8848432850001,32.39029809000005],[112.88678667500014,32.38101780000016],[112.8741817750002,32.37823944500012],[112.86684201000024,32.39937977500011],[112.8596331750002,32.39649663500012],[112.85440460500013,32.389964995000135],[112.84550514000017,32.38786561000008],[112.83443266000009,32.376462950000146],[112.81275813000013,32.37110777000014],[112.80322718000016,32.372049165000135],[112.7960385750001,32.36788273500011],[112.78697519500008,32.357688460000034],[112.77630033000023,32.358003090000146],[112.77083783000015,32.36084016000005],[112.76589668500014,32.354146830000126],[112.76591182500007,32.34829635000011],[112.75652668000016,32.34566146000011],[112.74453536500019,32.34612274000003],[112.72913769500018,32.352835220000124],[112.73098354500013,32.361385015000096],[112.72598542000021,32.36849914000003],[112.71154906500007,32.36412562000007],[112.70639440000016,32.353935270000115],[112.69492999000018,32.357111910000036],[112.68548211000014,32.35649380500015],[112.67978850000014,32.35858552500011],[112.67235979500029,32.368483715000025],[112.66725344000011,32.370625610000005],[112.6616284150002,32.37170198500012],[112.65741998500015,32.36409775500011],[112.65388090500015,32.37658668000004],[112.6378591050001,32.37614295000002],[112.63541727500022,32.370337455000005],[112.59106494500008,32.38890007500004],[112.58294451000012,32.384376255000106],[112.57420886500003,32.38548628500008],[112.56592020500017,32.39586579000015],[112.5563023200001,32.401493890000125],[112.55395638000014,32.40006189500017],[112.54917303500014,32.402066700000105],[112.5415244250002,32.407926670000094],[112.53719041000016,32.40171649500007],[112.53879501000006,32.39536681500016],[112.52603150750019,32.37990569000011],[112.51148232000017,32.385967315000116],[112.49875764500018,32.384330540000065],[112.48842058500011,32.376670080000004],[112.4764922750002,32.383190370000136],[112.47098710750019,32.38273358750013],[112.46551170500017,32.37256696000005],[112.45334488500015,32.369737780000015],[112.43983558000025,32.35824076500008],[112.43977616000004,32.35315072500011],[112.44588349000026,32.34724536500009],[112.44477978000015,32.34511129000009],[112.4136953800001,32.35697049000004],[112.40613465000015,32.3657977250001],[112.39450362000024,32.37102608500004],[112.38588365500013,32.372257595000065],[112.38381572000027,32.365650610000074],[112.36172346500004,32.37076102000003],[112.35481088000009,32.36839288500002],[112.3478263250002,32.36014898500006],[112.34493453000013,32.35169440500015],[112.33265830000002,32.34983594500009],[112.31807061000006,32.3285681600001],[112.3044737100002,32.331263360000136],[112.28036573750012,32.34951116000017],[112.25572931250014,32.36136032500008],[112.2469118250001,32.36269990000019],[112.24435977000005,32.36928928000013],[112.23125775000018,32.373081100000064],[112.22157563500014,32.38274913000013],[112.22147403000008,32.38976080500002],[112.21610966000014,32.38835827500005],[112.20448641500023,32.3932436500001],[112.19985792000017,32.385960495000084],[112.1968396600002,32.385483215000114],[112.19416716250018,32.39480151250014],[112.19073445000006,32.39468295000005],[112.16693999500012,32.38708899500003],[112.16636120500002,32.389843770000056],[112.17300189000014,32.39457750500003],[112.17149608000014,32.40039497500009],[112.16311594500017,32.41176389500008],[112.1586248600002,32.413334635000105],[112.14429957000002,32.41374063000014],[112.13754272500015,32.40902682000009],[112.14264724500016,32.403752505000064],[112.14927173250014,32.40455240500008],[112.15560140000014,32.402177705000135],[112.15524450500001,32.39512377000002],[112.14341596500017,32.389048395000046],[112.14456289500012,32.38620538500002],[112.15306168000006,32.388491205000065],[112.15386985000023,32.39053945500007],[112.15842681500015,32.387357575000124],[112.15326469000016,32.37893943000003],[112.14927078500011,32.3792288400001],[112.1285961050001,32.394117075000025],[112.1272176900001,32.40435884000014],[112.12184850500012,32.405153205000026],[112.11684208500021,32.39679694000009],[112.11291325500014,32.40157427000013],[112.10225189000005,32.40657159000017],[112.10011534500012,32.413135225000104],[112.09546991500015,32.41638331000007],[112.08820174000007,32.420355750000155],[112.07660911000005,32.42169998499999],[112.0734946800001,32.43538953000007],[112.06034400000021,32.442381370000106],[112.0641213350002,32.461237730000114],[112.05723165000009,32.472209700000164],[112.05838685000018,32.47593467000014],[112.04112657500016,32.47545691500013],[112.03349972000025,32.4730292950001],[112.02887849000015,32.46936944750011],[112.02564146000012,32.4604214350001],[112.01688535000002,32.45435427500016],[112.00549559500017,32.452460245000104],[112.00014306999998,32.455342425000026],[111.99784551000012,32.461171290000046],[111.98435373000007,32.46105003500005],[111.98273449000011,32.46471080500007],[111.9860953300001,32.46661430000008],[111.98633157750007,32.47109633500015],[111.96885189500006,32.47377531500009],[111.96106753500017,32.4973656450001],[111.95172303999999,32.51380104000008],[111.94585741500005,32.51862506500008],[111.93325029000002,32.52120026000009],[111.91228877000009,32.507358710000034],[111.88624667000008,32.50178255000005],[111.86417710000012,32.509319055000155],[111.85695246000009,32.51669312000011],[111.8571961850001,32.532095870000006],[111.82511010500014,32.53072042000004],[111.82091525500007,32.53741132500017],[111.81565112499999,32.53961222500012],[111.80291835000011,32.53936139500011],[111.78987933000005,32.5462431550001],[111.78263555000012,32.547134015000076],[111.78089929500008,32.55838151000008],[111.76926383000006,32.562776445000004],[111.75764908500014,32.56202550000013],[111.74120723499999,32.577498290000136],[111.73535343000015,32.58892567000009],[111.72201908500006,32.5962298700001],[111.71898450000015,32.60143757000008],[111.7097318750001,32.608584575000144],[111.6976394300002,32.61040601500005],[111.68932267500014,32.608215432500046],[111.65187592000001,32.61799423500006],[111.64377362000002,32.60224147500006],[111.64017051000015,32.60251650000006],[111.6342446000002,32.610754365000005],[111.63193822500006,32.619904630000015],[111.64017135000013,32.62810636000007],[111.62199580000005,32.630659880000046],[111.61590761500008,32.629675635000154],[111.60295930500007,32.609291615000025],[111.59053095000007,32.59927453000015],[111.57949758833337,32.6016807216667],[111.57852057500003,32.59466396000006],[111.57263913500012,32.59042920000015],[111.55587030500007,32.596698690000025],[111.55422786000015,32.60473987000008],[111.54859385000003,32.60983995000003],[111.52258054500008,32.61976868500006],[111.53110370000007,32.625774590000155],[111.53112438000002,32.63037956000003],[111.51874128000003,32.64157794000004],[111.51900427500004,32.64388583500011],[111.52583159000005,32.64668667500007],[111.5138366400002,32.6688614400001],[111.49395056000009,32.6804383550001],[111.48109668500007,32.693259270000134],[111.46999501000015,32.69827102000012],[111.46431444500007,32.70977703000009],[111.46694918000011,32.714955214999996],[111.46532166000019,32.71958776500006],[111.45469121500018,32.72591888000011],[111.44386214500008,32.724553865000075],[111.43050228000011,32.72648703000004],[111.41938379000014,32.73428042000015],[111.41932952000018,32.73688205000013],[111.42249464500014,32.73750777500002],[111.43701011000007,32.72885267000002],[111.4533658250002,32.729061240000064],[111.46167258500006,32.74051358000011],[111.46450893000008,32.754169520000076],[111.46829566000005,32.76082993500005],[111.458453595,32.77527130500007],[111.45608549500008,32.775977910000066],[111.45491757000008,32.7737197350001],[111.45361740000007,32.76312168000004],[111.4432504950001,32.763239470000016],[111.44014659500014,32.754495140000095],[111.43512220500018,32.75190568500006],[111.40965493500003,32.75558148500011],[111.39755365500011,32.77742772500009],[111.39875673,32.78402627500005],[111.3936946400001,32.792134579999974],[111.38551896000008,32.79735737000013],[111.38659516500013,32.8062494700001],[111.38166200500008,32.81679083500011],[111.36689358500001,32.82321142000015],[111.36164776500001,32.83325140500004],[111.35713103000013,32.83554173],[111.33544050500011,32.837552380000034],[111.32249093000007,32.83564637000006],[111.31083609000004,32.85088544000005],[111.294140305,32.85633629500015],[111.28426075000004,32.85658493500011],[111.27844276500014,32.873411075],[111.28261973000006,32.874090905000145],[111.2871952450001,32.87890029000007],[111.28981482000013,32.893072555000124],[111.27230749000019,32.900956965000105],[111.26545006500008,32.89730189500002],[111.25905579500011,32.887017830000076],[111.25304971500019,32.88294029500004],[111.23894876500009,32.88430533000011],[111.23920114000019,32.89342733500007],[111.2462989250001,32.9073847700001],[111.23989918500013,32.91913493000003],[111.23908731500009,32.93391774500003],[111.24636615625019,32.952102585000084],[111.25141291500003,32.95209059000009],[111.2669832150002,32.96095443000012],[111.26530743500001,32.97861691000001],[111.26998377000004,32.98950856000014],[111.26594647000013,32.99274776999998],[111.25916347000013,32.99186357500007],[111.25409399000009,33.009170160000075],[111.2494376500001,33.01383856500016],[111.24162911000018,33.015076355000126],[111.2422582050001,33.029944330000035],[111.23438980500009,33.03927603500006],[111.21338017,33.04487280500004],[111.18432912500016,33.04000320500009],[111.17886868500008,33.04461801500012],[111.16699177499999,33.04837676000013],[111.16293618000006,33.04778751500003],[111.15289313500008,33.03827825000009],[111.14570787500003,33.04378389000008],[111.14635311500012,33.05006382500004],[111.16312304500008,33.061700550000054],[111.18065209000012,33.06511055000011],[111.18836161500012,33.06840204000005],[111.19303911500025,33.07344791000003],[111.19369605500025,33.07740588000015],[111.18856621000009,33.08118577500015],[111.18850086000009,33.09083565000002],[111.18562025000006,33.09497054000011],[111.17693801500013,33.09312595000006],[111.17008180000012,33.09462819000011],[111.17082895500003,33.11046696000001],[111.17450679500014,33.11624940000008],[111.15642387000008,33.12643556000008],[111.14788259000011,33.123832710000144],[111.14047222000008,33.12574614000008],[111.13314656000013,33.13586858000008],[111.1256373750001,33.13998560500006],[111.1227583800001,33.15235148250013],[111.12487384000008,33.16268591000009],[111.11327178500005,33.15890511000006],[111.09863809500011,33.173176997500136],[111.08479041250006,33.17338255500015],[111.08726146375008,33.17895919500017],[111.08593271750016,33.18452221750015],[111.0776469575001,33.18559943000006],[111.07209463214292,33.179435802857164],[111.06297434750003,33.17746334250006],[111.05025398000008,33.15785492000008],[111.0316962950001,33.155646440000005],[111.03165790000011,33.158318530000045],[111.05199953500009,33.17516675999999],[111.05237562000012,33.18181404500012],[111.05742247000008,33.18655498000008],[111.05578533000008,33.194420800000124],[111.02145823000014,33.212968165000156],[111.01205106000009,33.221510290000104],[111.00646222000006,33.23140122500012],[110.99545587000021,33.23886220000007],[110.98837663500015,33.238499140000044],[110.98856585499999,33.24478870500013],[110.99174405000005,33.249103415000036],[110.988249285,33.25396253000008],[110.9899080000001,33.25659559500014],[110.97548539500005,33.271582450000096],[110.98497728500007,33.27834831000009],[110.99188470500015,33.28837699000007],[110.98989982000015,33.29494199500004],[110.9919239600002,33.30237536],[111.00177129750011,33.304387940000076],[110.99849047000004,33.3147287400001],[111.00577514500014,33.327730385000116],[111.02023853500003,33.32955166500007],[111.029372335,33.33507156500018],[111.02011354500007,33.35447786000009],[111.02792802500005,33.36157751500012],[111.03147203500019,33.37068507500006],[111.02511135499998,33.37527654000009],[111.01943828500016,33.38814574000005],[111.0105589500001,33.39313730500014],[111.00366066500007,33.423967955000016],[110.99091839000005,33.43653687500011],[110.99667078000002,33.441187260000135],[111.0078099250001,33.437774370000014],[111.01623027500011,33.452591860000055],[111.02001655500004,33.466214740000034],[111.01692599000022,33.46885052500008],[111.01735316000003,33.473049145000125],[111.01970224500006,33.478583915000044],[111.02679059500018,33.485319720000106],[111.01534859000009,33.521825180000064],[110.99658231500007,33.53506151000011],[110.99955046000008,33.55184240500008],[111.00479325000008,33.56038999000006],[111.00030076000007,33.576200105000105],[110.98535525500017,33.590907850000114],[110.98110251500012,33.591103415000156],[110.9706180350001,33.60065181500012],[110.96819266000016,33.60628663000008],[110.956948565,33.611412150000056],[110.94364472000014,33.609175030000024],[110.93877852000011,33.61886714750009],[110.93307971500005,33.62259731500016],[110.90094388500005,33.62894509500008],[110.88587247000004,33.63550273000007],[110.87447182,33.633025090000054],[110.85309232500012,33.65888360000007],[110.83226106000004,33.667055540000035],[110.82789199500012,33.677078975000114],[110.81842402000011,33.68646069000006],[110.81861673000024,33.69690351499999],[110.82658522500009,33.716950420000096],[110.81694183500004,33.72695696000002],[110.81111106000014,33.7401743350001],[110.81165553500009,33.75344413000008],[110.80274493500018,33.757484460000136],[110.79461210000005,33.77400272500006],[110.77813975500004,33.78348871000006],[110.77721089500001,33.79664537000009],[110.76929286500017,33.79827115500005],[110.76024290500001,33.79575256500002],[110.73282101500007,33.80068625500003],[110.72039999500005,33.80979306500011],[110.71808134500006,33.82073107500007],[110.70650284500003,33.83572177500004],[110.68313344000009,33.839679205000024],[110.66698349000019,33.84839100500008],[110.66213230500009,33.85403211000009],[110.65700738000007,33.85483898000008],[110.63591833500007,33.84848379000006],[110.62127099500015,33.84933488500012],[110.60567598500006,33.85353455000005],[110.60791043500012,33.8602722500001],[110.60648622500014,33.870595750000106],[110.59438003000024,33.87206416000001],[110.59294261500006,33.87788618000015],[110.58215938000012,33.88789765000011],[110.58526601000003,33.90069147500008],[110.60596559500004,33.91000384500015],[110.62301361000009,33.90895711000008],[110.62218676499998,33.914426070000125],[110.61789184000006,33.91913360500009],[110.62072052000008,33.92705567500013],[110.62865203500014,33.92685382999999],[110.6373324800001,33.934214265000044],[110.64549853500012,33.946130745000154],[110.65271174500009,33.944935345000076],[110.65563012000007,33.93948051500014],[110.66537631,33.94186695000006],[110.67192010500008,33.95036051000009],[110.66750534500021,33.95524631000013],[110.66670686500004,33.96359568500002],[110.66340392000014,33.96710769000001],[110.65031472500009,33.971862555000065],[110.64469544000002,33.976855690000114],[110.64363631500014,33.995691825000144],[110.63245445500007,34.00899649500014],[110.62980804000004,34.017802940000045],[110.622073215,34.02081208750011],[110.62570110500005,34.02788152500016],[110.61821106500018,34.03612633000013],[110.6144455650002,34.037563470000094],[110.60974448000007,34.03541237500012],[110.60671088500007,34.03152080000007],[110.61073551000001,34.03100920000009],[110.60830314000019,34.02509578500004],[110.58005503000008,34.02530656500007],[110.58623500500009,34.04696372500009],[110.58561311000005,34.06352820000007],[110.58924771000005,34.070630665000074],[110.58900856000017,34.08654250500014],[110.58473397000006,34.10164069000009],[110.5885204550001,34.10734048500013],[110.59944758500022,34.10872213000005],[110.60697137000014,34.11309119500007],[110.6140827300001,34.12589719500012],[110.62081795000006,34.13155159500021],[110.61943899500008,34.13572080000007],[110.62163863000009,34.14162933500009],[110.63356844000006,34.15233237000007],[110.63775523000008,34.16205572000016],[110.61860899000007,34.178184625000064],[110.6088980050002,34.176936314999985],[110.58299301500008,34.1805432000001],[110.58498903000003,34.19066324500007],[110.5719238150001,34.19363765500006],[110.56469360500006,34.19098111500008],[110.55371785500009,34.194174575000055],[110.54831560500003,34.19936826500012],[110.54699983500014,34.21160589500005],[110.5435384800001,34.216350245000065],[110.51410790000011,34.220994130000214],[110.50534300000001,34.216891155000084],[110.4977804850001,34.22413722000012],[110.48085488500006,34.23409805000004],[110.46756427000014,34.23570799000002],[110.459254165,34.24010187500006],[110.43628400500006,34.241673715000076],[110.43260597500011,34.248842300000064],[110.43758286500005,34.258418495000164],[110.42716576000012,34.27324208000001],[110.42226942000018,34.27595355000008],[110.42369988500013,34.2904818500001],[110.42885827000009,34.29266288499998],[110.44267686000009,34.291976375000125],[110.44996001999999,34.29611887000013],[110.45407253500008,34.302516660000045],[110.46129555500015,34.30713328500009],[110.46712306000003,34.32127323000008],[110.47122814500005,34.323380865000125],[110.48403916000001,34.319330365000056],[110.49603797000016,34.32237472000005],[110.50128937000008,34.34199181500004],[110.49456825000006,34.351779445000034],[110.48131514250008,34.356865818750116],[110.48115718500011,34.36919899500001],[110.46876370000007,34.39645540000002],[110.4714090050001,34.40953770000012],[110.462550615,34.411361845000066],[110.45707863500012,34.408849940000046],[110.45416193750006,34.4037255950001],[110.44568972250002,34.40279437000004],[110.42426525000002,34.40987510500007],[110.40557726000009,34.421227520000116],[110.40260009500014,34.42585385500011],[110.40506897500013,34.42949541000005],[110.39822379000006,34.43589192500015],[110.39546986500011,34.441913975000006],[110.39684622500013,34.446198330000136],[110.38968196500021,34.45534054500012],[110.38754440500018,34.46701831500014],[110.37461574500018,34.47983412000004],[110.3689942000001,34.49544141500008],[110.3659756200001,34.49450850000021],[110.36309656000019,34.49777476500007],[110.35693341000007,34.51922513000012],[110.35681949500005,34.534843015000014],[110.37423986000007,34.553248715000095],[110.38120811500012,34.555751835000066],[110.3880574400001,34.55345645500003],[110.39571894000002,34.555460825000054],[110.39895917000007,34.559281415000065],[110.39369286499999,34.56447560000005],[110.37370076000015,34.56334234000007],[110.36004035500018,34.56799629000012],[110.35912888000017,34.56985337000002],[110.36611808000016,34.579111285000074],[110.36373039000006,34.589603475000104],[110.37169402500011,34.600638940000046],[110.37987045000011,34.60141469500008],[110.39781699500016,34.592953744999996],[110.41802847500011,34.59185944500005],[110.44044156000007,34.60224244000002],[110.45855171000005,34.61667210000007],[110.46654406,34.61973492500006],[110.5306926150001,34.58397450500011],[110.57903490500014,34.59451769000009],[110.59688659000007,34.60908969750012],[110.60730060500019,34.612921575000065],[110.63931469000015,34.59950071],[110.64867039500001,34.593070155000035],[110.66325536250005,34.590255255000116],[110.67479627500012,34.59444361250014],[110.68096061,34.60637568500014],[110.68786391999998,34.612450455000065],[110.69918864500015,34.60523207000003],[110.7042130100001,34.60654095000006],[110.71466946500001,34.62862673500009],[110.73154566750019,34.63707257250015],[110.74236188000006,34.65200271000004],[110.75071376500019,34.654745515000066],[110.77709620000012,34.65302006500011],[110.79190089500008,34.64860625500014],[110.80938612000016,34.62217492500007],[110.81843244000001,34.617538725000074],[110.82505517500014,34.617458405000086],[110.83511267500009,34.62374241499997],[110.84575531000011,34.63824631500003],[110.85351896499998,34.64047588000006],[110.86506284500007,34.63979920500002],[110.87561452500003,34.64377039500005],[110.89385494000007,34.661937475000045],[110.90099525500021,34.6789372800001],[110.90666989500006,34.70296531000008],[110.91499030000007,34.7173104750001],[110.91263466000004,34.724970230000004],[110.91604985500017,34.73078792000016],[110.9290401500002,34.732854605000085],[110.94432959000005,34.725505755000086],[110.95389246500018,34.718457550000025],[110.95753976999998,34.71276357500007],[110.95841553000014,34.70507474500011],[110.96375997500013,34.70121804000011],[111.00953180500002,34.731837725000055],[111.05202949000008,34.75212875000011],[111.10139542000017,34.75692641500005],[111.11737280000018,34.76117483500012],[111.13134087500003,34.79600053250006],[111.14841446000014,34.81497219000005],[111.16209367750011,34.81460035500012],[111.17131445500016,34.80537364000008],[111.17725352500003,34.80260556000011],[111.2014543650001,34.80236184500011],[111.21994842500007,34.78974245000002],[111.23470324000009,34.79508308500012],[111.24418486500008,34.81709870000005],[111.25033042000007,34.82227724000005],[111.25677705500004,34.821311215000094],[111.27461664500002,34.81033755500001],[111.28409381,34.80726119000011],[111.30143166000005,34.81708820500017],[111.31845409000002,34.822263055000164],[111.3353309550001,34.83249944500005],[111.34344926500009,34.83201116000006],[111.34557354500016,34.82658256000013],[111.35213962000006,34.822590120000115],[111.38864462500007,34.81600989500009],[111.3977747600001,34.81922294000002],[111.4099220250002,34.82869524000016],[111.42539907750006,34.830427752500086],[111.43423188000006,34.83937806500012],[111.44667778000017,34.837388760000024],[111.45853481500006,34.82785893500013],[111.47277533500015,34.82676752000007],[111.49644838500008,34.83062857500017],[111.50569618000009,34.84125461000001],[111.5189696000001,34.84990008500006],[111.53479490500023,34.85414606000008],[111.54907323000016,34.85334053500002],[111.55367516250013,34.85056318750015],[111.55473338500015,34.846537890000036],[111.56486838500001,34.84473772000012],[111.57669865500009,34.85292085500006],[111.58293905000012,34.86155565500005],[111.5870814400002,34.88612826500004],[111.59877409500017,34.893246565],[111.6067952850001,34.893166795000084],[111.61161723500001,34.89607144500008],[111.61781231500004,34.91849889500014],[111.64028295500003,34.93943267500004],[111.65746659500002,34.94027267500012],[111.6755455750001,34.95104743500006],[111.66948666000008,34.973463380000055],[111.65877873000005,34.98307109000009],[111.6603036900001,34.9877413900001],[111.67795193000016,34.98942861500004],[111.69004453500008,35.000036822500114],[111.71211419000005,35.004345425000146],[111.73421317500004,35.00529769500008],[111.73490896000013,35.011641162500055],[111.74307703000015,35.017005495000056],[111.76153983500019,35.01606649000008],[111.76806817000008,35.01962496500005],[111.77311999500009,35.030526175000126],[111.78681131000003,35.027654760000104],[111.79512841500012,35.02964218500003],[111.80391624500017,35.03947602500013],[111.8058503575001,35.050229875000106],[111.80400041000011,35.064310860000084],[111.81119840000007,35.06954484500007],[111.8584532950001,35.077605805000125],[111.87858316000006,35.07021759500013],[111.89528832500015,35.08141650000003],[111.91063344000008,35.072014980000084],[111.91685042000003,35.075516380000046],[111.92225063500001,35.082790749999994],[111.93048869500022,35.084271400000006],[111.95606926000015,35.08050209500001],[111.97177039000005,35.068109395000135],[111.98313150500002,35.07030899000005],[111.99683881000013,35.067159445000144],[112.0140576450001,35.06883520500006],[112.01846836500009,35.060119925000066],[112.03018047500007,35.05296008000008],[112.03292346500001,35.04608193500001],[112.03686993500013,35.047801435000096],[112.0458886800001,35.045598375000075],[112.05462490000022,35.05292571000006],[112.05647184000019,35.059323650000074],[112.05598710500004,35.078412740000104],[112.04808963000005,35.093823060000055],[112.05811475000014,35.132370045000116],[112.0537925550002,35.13956422000011],[112.05984972499999,35.146659025000126],[112.06035622000016,35.15100753500008],[112.05296011000016,35.166839720000105],[112.03731928500018,35.18777812500016],[112.03411400000002,35.19745882500011],[112.06366235500023,35.21655919500005],[112.0747255225002,35.21953199500006],[112.07536813000013,35.22370815500011],[112.07273735500014,35.24152285000001],[112.06838363000017,35.24992306000012],[112.04619396500013,35.271890335000045],[112.05139451000011,35.279826105000126],[112.06962028000017,35.27712250500005],[112.08450272500008,35.27932696500013],[112.10297099500005,35.2745982350001],[112.10599379500013,35.27092815],[112.10462625500014,35.26834936500012],[112.11143070000011,35.265111525000066],[112.11748544000017,35.26605399500014],[112.12364015500003,35.27162946500005],[112.14410971000011,35.26934027000008],[112.18954667500019,35.25698905000016],[112.2024614750001,35.2498658950001],[112.20956225000019,35.23951121500007],[112.21981372500011,35.23770394500012],[112.2359969950001,35.23602866000007],[112.25765107000004,35.248339935000146],[112.29221572500009,35.252580825000116],[112.29606869000003,35.24703970500012],[112.28059542500016,35.22157901500005],[112.28129871000017,35.21849798000005],[112.30013795500018,35.22201278500007],[112.32936228000005,35.22037856500004],[112.35375991000016,35.222457715000125],[112.3589965000001,35.21999361000008],[112.37633018500024,35.230593920000075],[112.38068298500025,35.234562495000056],[112.381818065,35.239230320000054],[112.39887781000013,35.242730610000095],[112.44299642500002,35.235209355000045],[112.44558110000018,35.22874381500002],[112.4614220250001,35.23204035000004],[112.47454999500007,35.22597950000013],[112.48405879500017,35.23257303000005],[112.49095913500018,35.226936475000166],[112.51175146000014,35.21973273500008],[112.52680080500019,35.22442707000008],[112.55931592500005,35.21097031500008],[112.56129215000004,35.21191122500014],[112.56263258250006,35.22015959750009],[112.56683184750014,35.22243446500015],[112.58504063500008,35.220732285000075],[112.58941709499999,35.22419151000006],[112.61366271000014,35.22082389000012],[112.61772281500006,35.22288576000001],[112.62036673000016,35.22887297500005],[112.62991839500017,35.231122170000056],[112.63260098000018,35.24158615500006],[112.61431263000009,35.24599972500005],[112.60960981,35.25274724000013],[112.62114697000015,35.26375365000014],[112.62255178500013,35.26745193000009],[112.62094977500017,35.27109268500012],[112.62294490500005,35.27305850000005],[112.63652503500003,35.259262315000164],[112.64589767500007,35.25807784000001],[112.64950417500013,35.24605040000007],[112.65497526500002,35.23944765500007],[112.67686639000013,35.23408550000013],[112.67853749000011,35.22713410500017],[112.68952978000011,35.21923211000013],[112.70187914000014,35.21732042500017],[112.69739040000019,35.21000971000009],[112.69734671000012,35.19969975500006],[112.70208175000012,35.18950695000011],[112.7057989000001,35.18735391000008],[112.7116212900001,35.205333810000106],[112.72133328500023,35.211201910000064],[112.72968089500017,35.21076292500009],[112.74171551,35.203592645000136],[112.75570769500017,35.20506280000007],[112.76196995500015,35.2148617700001],[112.77343312500022,35.222969160000076],[112.77592343000012,35.229653595000094],[112.76961625500007,35.237768470000134],[112.77833068500007,35.24493667500012],[112.78779872875016,35.244296373750146],[112.78428677500013,35.23895637750018],[112.79783271500023,35.236800930000086],[112.8078918300002,35.24270009500005],[112.8109541850001,35.25592793000011],[112.81790228000015,35.257020280000084],[112.84678266500009,35.25340143000007],[112.86110695500018,35.244520135000116],[112.87763012500014,35.239677535000055],[112.92046647000016,35.25003904500013],[112.9301246200001,35.271761690000055],[112.92702726000016,35.28251283000011],[112.93037975500008,35.28467100000015],[112.9473159500001,35.287329680000134],[112.96062167000021,35.2943014300001],[112.979982035,35.28648524500009],[112.9867332400001,35.298479035000135],[112.9784579950001,35.31216942000011],[112.97794021500016,35.33587433500012],[112.98512391500017,35.351081310000104],[112.98329219000014,35.356391835000075],[112.99048971000023,35.363476684999995],[113.00139821500015,35.35906865000004],[113.00722079000016,35.362273575000096],[113.01818505000008,35.35656670500008],[113.03003027500006,35.3602927800001],[113.05193967500017,35.352702855000025],[113.05719195000015,35.34874138500002],[113.06380065500011,35.353255725000054],[113.07489685000002,35.34324265500003],[113.08815891500007,35.336503355000126],[113.10145934000019,35.33837791000005],[113.11769589000014,35.33062828000003],[113.12868348000003,35.33413885500014],[113.13312164500007,35.3392534300001],[113.13037369000008,35.34799459000013],[113.1435720800001,35.35067621000002],[113.14040746000009,35.3574602550001],[113.14025978000014,35.369998730000155],[113.14408793000007,35.37173475000009],[113.15416951500004,35.384913960000034],[113.16429668500007,35.39029063500001],[113.17083838000016,35.39681504500001],[113.16935336500012,35.400852015000076],[113.16313072000014,35.402164720000066],[113.15910168000002,35.41537881000013],[113.17044782500008,35.41459284500013],[113.17886977375021,35.409392085000114],[113.18194276500012,35.412460309999986],[113.18225117500015,35.41669952500008],[113.17756545000013,35.42074508500015],[113.18626047500014,35.432847330000065],[113.18173845000018,35.437785095000045],[113.18486853000016,35.448812595000085],[113.19598676500011,35.44910750000012],[113.20207236250009,35.446799617500076],[113.2147193550001,35.45154939000012],[113.23502252000017,35.45441675500012],[113.23832682500012,35.44754005],[113.25003142500009,35.43922345000006],[113.27379656,35.43491785500004],[113.29652729500012,35.42447737500004],[113.29944148500019,35.42869208500007],[113.29089879000017,35.441075355000066],[113.29182275500006,35.44772051000003],[113.3007661500001,35.45380772000008],[113.29839708500009,35.461693940000046],[113.30654011000017,35.458404300000105],[113.30823893000021,35.44967053500009],[113.31895097500013,35.455554657500066],[113.31612816500017,35.4611625850001],[113.30100273500022,35.46638208000016],[113.2855140425001,35.46709863250008],[113.30331299000014,35.482260205000145],[113.31345157500004,35.47769823000008],[113.3172277750001,35.474013792500095],[113.3166296500001,35.47125042],[113.3232132550001,35.46867695500004],[113.34215187500017,35.467740475000035],[113.34447900499998,35.46936618500014],[113.34386203500009,35.47383756000012],[113.36685497000015,35.48446086000014],[113.37478963500004,35.490584345000094],[113.3789876900002,35.503200510000084],[113.39452507000013,35.508293220000006],[113.39848855000024,35.51483042000011],[113.40318799500005,35.50543491500005],[113.40747580000009,35.503709545000106],[113.41566461500013,35.50467673500008],[113.41931980000004,35.50814921500009],[113.45468796500015,35.51391145500009],[113.46848634000025,35.509996700000094],[113.47226808000016,35.514358040000005],[113.47141145500007,35.51912543000003],[113.4766235950002,35.52218501500012],[113.48335836500002,35.52077423000005],[113.4860763250002,35.515275714999966],[113.4964351700001,35.517577955000036],[113.50059505333346,35.514851391666724],[113.50327321000003,35.52479294000008],[113.49448768000008,35.52838458000006],[113.48935115000018,35.54484945000009],[113.50261708500018,35.558969845000114],[113.497096215,35.57305486500014],[113.49877077000008,35.575577490000136],[113.51032220000018,35.578643735000064],[113.52184271500002,35.59195079000005],[113.53706797500024,35.59716776000005],[113.53937689000006,35.61527804500003],[113.55060852500023,35.62118281000003],[113.54852911500014,35.62742485500007],[113.54316341000009,35.63316690000011],[113.54722313500008,35.63683195500003],[113.54328550000024,35.647739870000095],[113.54505469000017,35.65461677000002],[113.55111619000023,35.6545379950001],[113.55595034000018,35.644666785000034],[113.56705177500007,35.63843709999996],[113.57029016000023,35.63272053500016],[113.61936178000012,35.633144945],[113.61769721000016,35.6450075200001],[113.61959417000017,35.6551969400001],[113.61224525000016,35.66305650500003],[113.61229312500004,35.66688923500009],[113.61904683000009,35.6738001150001],[113.60841515500007,35.68607674000008],[113.60123162500017,35.68577452500002],[113.58676632000012,35.693466380000146],[113.5957295350002,35.69904127000009],[113.59726826500014,35.70858255000003],[113.59309494000007,35.71331204500005],[113.60023951000005,35.71686332000016],[113.58563452000017,35.73534625000017],[113.58266668000019,35.75102784000013],[113.59915332000024,35.759796125000044],[113.60063440500014,35.770294075000045],[113.58834773500013,35.782491250000156],[113.57743985500018,35.786147320000076],[113.57423981500017,35.7900850950001],[113.5831669450001,35.79474217000005],[113.59490063500009,35.79525265500011],[113.60048341250011,35.79958768000014],[113.59156606000005,35.80455604000005],[113.58122198500013,35.805680955000085],[113.58445018500007,35.81523341000013],[113.57813040000002,35.81743630000011],[113.57752630000013,35.82048270000005],[113.58043318000014,35.82661510000001],[113.5852066350002,35.823526490000035],[113.59856986000011,35.822658950000104],[113.61725492500014,35.83516156000012],[113.62730608000001,35.83380692500011],[113.63134255500003,35.8245535550001],[113.63614551000015,35.82250995000003],[113.64716769500015,35.82638907000011],[113.6562152650001,35.835609077500145],[113.65013436500021,35.84117841500002],[113.65477211000007,35.85431053999998],[113.64530510000023,35.85626215999999],[113.6399589500001,35.85338767000011],[113.63162226000009,35.85960434000003],[113.62943540250019,35.86432134750009],[113.63232856500008,35.874845630000074],[113.63977997250008,35.88516933250004],[113.63913472750016,35.90388609500012],[113.64533387250016,35.90844422000012],[113.63751187000014,35.923939862500106],[113.64684550000013,35.929223510000064],[113.65051515500018,35.93560352000012],[113.64585131000013,35.96062991000008],[113.64053399500008,35.96397697500004],[113.63962212000013,35.970927245000084],[113.62888492000016,35.97586503500008],[113.62593572500022,35.98635278000009],[113.63557222000006,35.985976945000075],[113.64112742500006,35.9948474700001],[113.64443374000007,35.996319960000015],[113.66231432500025,35.98357768500014],[113.69630106000008,35.99143271500012],[113.68951724000013,36.007853810000086],[113.69903050500024,36.020992595000045],[113.69068839000022,36.02512692000007],[113.67399987500008,36.02487398000003],[113.65560977500019,36.02905596500009],[113.65289171500018,36.040002480000126],[113.65499557500007,36.045227180000076],[113.66164731000003,36.05033295000008],[113.67837405500006,36.05526955500009],[113.68170102000018,36.060993510000124],[113.66518368500016,36.121212065000115],[113.66981033500016,36.12523437500013],[113.68615913000018,36.12423614500005],[113.69898368500027,36.12666941500004],[113.7054352200002,36.12962205000008],[113.70681291500014,36.1330155750001],[113.69837611500009,36.149198510000154],[113.67257376500011,36.160140820000024],[113.65139650000027,36.165227225000095],[113.64613647500018,36.171423530000084],[113.64914939000016,36.17515118000005],[113.68538750000002,36.17891239000005],[113.69329394000023,36.183678100000094],[113.68895706500004,36.190396885],[113.67932561500001,36.19676001000008],[113.6912530200002,36.201159935000064],[113.69700013000019,36.200174615000066],[113.69437445500012,36.21164555500016],[113.68545488500018,36.21570861000008],[113.69356033500026,36.2471170800001],[113.6924216700001,36.25459325000006],[113.69545174500024,36.25918839000002],[113.70729904500013,36.26301019500008],[113.70152203500007,36.300473405000055],[113.70636629000022,36.303359335000096],[113.71464828000025,36.302161950000055],[113.72067653500005,36.30542619000002],[113.73400386000017,36.3199024800001],[113.73476074500019,36.323999505000046],[113.71970434500008,36.33783400000009],[113.7369444650002,36.35704025000008],[113.73599849500019,36.364526658333425],[113.7494638500001,36.365474260000035]]]}}]}