{"type":"FeatureCollection","features":[{"type":"Feature","properties":{"id":"HN_RSV_001","code":"HN_RSV_001","name_cn":"彰武水库","city":"安阳市","city_official":"安阳市","city_spatial_primary":"安阳市","city_spatial_intersections":[{"name":"安阳市","geometry_ratio_pct":100.0}],"lon":114.132424,"lat":36.0736,"area_km2":3.75,"area_definition":"SHP水面几何的WGS84椭球面积；随边界数据时相和水位变化","center_method":"polygon_representative_point","osm_id":"4013457","feature_class":"reservoir","data_source":"河南省25个省控水库/25个省控水库.shp","geometry_status":"verified-valid","online_name":"彰武水库","online_display_name":"彰武水库, 龙安区, 西方山村, 安阳市, 河南省, 中国","online_center_offset_m":0.0,"online_validation_status":"matched-by-osm-id"},"geometry":{"type":"Polygon","coordinates":[[[114.116625,36.0719776],[114.1197507,36.0728906],[114.1183113,36.0744471],[114.1194874,36.0756684],[114.128666,36.0779342],[114.1281953,36.081157],[114.1294896,36.0830483],[114.1278684,36.0845804],[114.1273324,36.0866829],[114.1247045,36.0848762],[114.1222989,36.0851086],[114.1243123,36.0856792],[114.1216059,36.0873486],[114.1256066,36.0888383],[114.1252536,36.0908668],[114.1265872,36.0902012],[114.1267441,36.0921663],[114.1310585,36.0952828],[114.1320129,36.0947018],[114.1330589,36.0961174],[114.1468589,36.0942211],[114.1466671,36.0932523],[114.1493091,36.0924048],[114.1510056,36.090232],[114.1500816,36.0898202],[114.1504638,36.0884449],[114.1474973,36.0918727],[114.1463855,36.09106],[114.1453475,36.091669],[114.1456144,36.0889803],[114.1471422,36.0872791],[114.1452464,36.0865713],[114.1436971,36.083951],[114.1446123,36.0836868],[114.1438409,36.0831585],[114.145351,36.0808656],[114.1427493,36.0846958],[114.1394037,36.0855436],[114.1385213,36.0870837],[114.1374806,36.0865494],[114.1378131,36.0852911],[114.1338663,36.0835505],[114.132615,36.0813958],[114.1323587,36.0775841],[114.1336807,36.0749315],[114.1372307,36.0743562],[114.1357277,36.072615],[114.1393501,36.0703896],[114.134333,36.0710053],[114.1278246,36.068769],[114.1283476,36.0635709],[114.1355011,36.0533493],[114.1321831,36.0511852],[114.1338998,36.0538025],[114.131137,36.0568507],[114.1248352,36.0604654],[114.1225211,36.0655279],[114.1244561,36.0709176],[114.1291889,36.0740032],[114.1265224,36.0770156],[114.1263728,36.0762677],[114.119989,36.0738491],[114.1205191,36.0732944],[114.1193295,36.0718649],[114.116625,36.0719776]],[[114.1315991,36.091844],[114.1314882,36.0890127],[114.1339381,36.0906114],[114.1364064,36.0904321],[114.133522,36.0931887],[114.1315991,36.091844]]]}},{"type":"Feature","properties":{"id":"HN_RSV_002","code":"HN_RSV_002","name_cn":"陆浑水库","city":"洛阳市","city_official":"洛阳市","city_spatial_primary":"洛阳市","city_spatial_intersections":[{"name":"洛阳市","geometry_ratio_pct":100.0}],"lon":112.144438,"lat":34.163,"area_km2":34.71,"area_definition":"SHP水面几何的WGS84椭球面积；随边界数据时相和水位变化","center_method":"polygon_representative_point","osm_id":"1954099","feature_class":"reservoir","data_source":"河南省25个省控水库/25个省控水库.shp","geometry_status":"verified-valid","online_name":"陆浑水库","online_display_name":"陆浑水库, 洛阳市, 河南省, 中国","online_center_offset_m":542.7,"online_validation_status":"matched-by-osm-id"},"geometry":{"type":"Polygon","coordinates":[[[112.0778184,34.1203806],[112.0877359,34.1290501],[112.0936863,34.1322419],[112.088926,34.1368257],[112.0943369,34.1417376],[112.0970344,34.1467281],[112.1105,34.15575],[112.11475,34.1625],[112.11575,34.16325],[112.11675,34.162],[112.11775,34.16275],[112.11625,34.16525],[112.118,34.16575],[112.1195,34.16825],[112.1235,34.16975],[112.13075,34.1775],[112.13375,34.18175],[112.129,34.18425],[112.1315,34.18425],[112.13425,34.18275],[112.13825,34.1835],[112.138,34.1845],[112.13975,34.18425],[112.1425,34.1865],[112.14175,34.18725],[112.14525,34.1885],[112.14675,34.19025],[112.146,34.19175],[112.14725,34.191],[112.15075,34.19325],[112.14975,34.195],[112.1475,34.1955],[112.14925,34.19575],[112.149,34.197],[112.1525,34.19475],[112.15425,34.19525],[112.15675,34.19775],[112.1565,34.19875],[112.1575,34.1985],[112.158,34.2],[112.16025,34.20075],[112.157,34.20375],[112.1615,34.20225],[112.1645,34.20325],[112.164,34.20475],[112.16675,34.204],[112.168,34.2045],[112.167,34.2075],[112.169,34.2055],[112.17125,34.206],[112.17025,34.2075],[112.17225,34.207],[112.174,34.205],[112.1752661,34.2049934],[112.1754091,34.206024],[112.1764563,34.2052892],[112.1764563,34.2034587],[112.1798493,34.202309],[112.1828849,34.199481],[112.1826473,34.1967579],[112.185,34.196],[112.18475,34.195],[112.186,34.194],[112.1905,34.193],[112.1895,34.192],[112.191,34.191],[112.18975,34.18975],[112.19025,34.18825],[112.18875,34.187],[112.18875,34.18525],[112.1905,34.18225],[112.19325,34.1815],[112.19025,34.18075],[112.18925,34.182],[112.18525,34.1805],[112.18525,34.1795],[112.18275,34.178],[112.1835,34.177],[112.182,34.176],[112.18525,34.1725],[112.1835,34.1715],[112.18175,34.17175],[112.17825,34.16875],[112.17675,34.169],[112.1745,34.1655],[112.17175,34.16475],[112.172,34.16325],[112.1685,34.1625],[112.17125,34.1575],[112.17025,34.158],[112.1685,34.156],[112.16825,34.159],[112.16675,34.16075],[112.16575,34.16025],[112.165,34.15725],[112.1625,34.15725],[112.161,34.15425],[112.161,34.1515],[112.15875,34.151],[112.1585,34.15],[112.1575,34.1505],[112.15725,34.14875],[112.1505,34.14975],[112.14325,34.14425],[112.1425,34.1455],[112.136,34.144],[112.13675,34.143],[112.13475,34.1415],[112.13475,34.13925],[112.13575,34.13825],[112.1345,34.1365],[112.1325,34.135],[112.127,34.1355],[112.12675,34.134],[112.123,34.13175],[112.121,34.13275],[112.12025,34.13075],[112.12125,34.13],[112.1205,34.12925],[112.1185,34.13175],[112.1195,34.13325],[112.11875,34.1355],[112.1095886,34.1348393],[112.1027337,34.131582],[112.093845,34.1305344],[112.0887514,34.1255167],[112.0821186,34.121773],[112.0820076,34.1197763],[112.0810714,34.1209586],[112.0788816,34.118791],[112.0793576,34.1209192],[112.0778184,34.1203806]]]}},{"type":"Feature","properties":{"id":"HN_RSV_003","code":"HN_RSV_003","name_cn":"昭平台水库","city":"平顶山市","city_official":"平顶山市","city_spatial_primary":"平顶山市","city_spatial_intersections":[{"name":"平顶山市","geometry_ratio_pct":100.0}],"lon":112.743102,"lat":33.742083,"area_km2":23.96,"area_definition":"SHP水面几何的WGS84椭球面积；随边界数据时相和水位变化","center_method":"polygon_representative_point","osm_id":"1956424","feature_class":"water","data_source":"河南省25个省控水库/25个省控水库.shp","geometry_status":"verified-valid","online_name":"昭平台水库","online_display_name":"昭平台水库, 鲁山县, 平顶山市, 河南省, 中国","online_center_offset_m":0.0,"online_validation_status":"matched-by-osm-id"},"geometry":{"type":"Polygon","coordinates":[[[112.7010546,33.7350998],[112.7038816,33.7388783],[112.7032658,33.7355575],[112.7041615,33.7352317],[112.7058223,33.7389016],[112.7090225,33.7419506],[112.7070725,33.7426179],[112.7077722,33.743192],[112.7056823,33.745372],[112.7063821,33.7499724],[112.7057663,33.7504844],[112.7071378,33.7496388],[112.7076509,33.7466133],[112.709461,33.7452013],[112.7153669,33.747839],[112.7219165,33.7486381],[112.7164678,33.7497474],[112.7194254,33.7503448],[112.7191642,33.7522996],[112.7225696,33.7495612],[112.7238945,33.7509266],[112.7237825,33.7493207],[112.7253779,33.7485139],[112.7334373,33.7478345],[112.7284497,33.7491182],[112.7254772,33.7516051],[112.7235889,33.7550306],[112.7270222,33.7604539],[112.7265072,33.7613101],[112.7296197,33.7637859],[112.7303696,33.767946],[112.7330303,33.7663049],[112.733717,33.7634508],[112.7365494,33.7602398],[112.7388668,33.7610247],[112.7403259,33.7636649],[112.7418709,33.7619523],[112.7454758,33.7629513],[112.7469349,33.7660195],[112.7518272,33.7702292],[112.7521706,33.7692303],[112.7566338,33.7680887],[112.755518,33.7725837],[112.7581787,33.7686595],[112.7599812,33.7698725],[112.7592945,33.7708713],[112.7601528,33.7708713],[112.7604103,33.7730831],[112.7619553,33.7696584],[112.7636719,33.7712281],[112.7655602,33.7700865],[112.7686501,33.7716562],[112.771225,33.7715135],[112.7750874,33.769159],[112.776804,33.7634508],[112.7792072,33.7627373],[112.7795506,33.7615956],[112.7783489,33.760882],[112.7785206,33.7600257],[112.7806721,33.7582319],[112.7834573,33.7518133],[112.7827184,33.7501457],[112.7839323,33.7476224],[112.783167,33.7446162],[112.7783642,33.7434313],[112.7762003,33.7405127],[112.7756989,33.7390644],[112.7765697,33.7388011],[112.7634279,33.7243163],[112.7616071,33.7246017],[112.7608418,33.7233067],[112.7608418,33.7221873],[112.7619637,33.7216537],[112.7608418,33.7215508],[112.7597334,33.7192242],[112.7610265,33.7167877],[112.7613959,33.7130122],[112.7654071,33.7113439],[112.7623459,33.7113878],[112.7597334,33.7142853],[112.757939,33.7132317],[112.7592056,33.7172048],[112.7582292,33.7187852],[112.7560917,33.7181925],[112.7570153,33.7188949],[112.7562237,33.7196851],[112.757939,33.7194437],[112.7578334,33.7209362],[112.756382,33.721024],[112.7555903,33.7222093],[112.7574903,33.7220117],[112.7574903,33.7239432],[112.7560508,33.7257479],[112.7576065,33.7249203],[112.7584594,33.726142],[112.7601179,33.7264047],[112.7584714,33.7278914],[112.7571372,33.7276664],[112.7572305,33.7287682],[112.7544595,33.7294899],[112.7545715,33.7260911],[112.7529387,33.7258894],[112.7530414,33.7245314],[112.7511007,33.7238253],[112.7509794,33.7200849],[112.7496079,33.7220327],[112.746473,33.7209928],[112.7446164,33.722056],[112.7436461,33.720729],[112.7444298,33.7231657],[112.7485163,33.724966],[112.749356,33.7285665],[112.7505036,33.7285354],[112.7491508,33.7297459],[112.7489828,33.7322832],[112.7449803,33.7356274],[112.7428157,33.736155],[112.7408844,33.7354877],[112.7413695,33.7321746],[112.7387851,33.7340213],[112.7357715,33.7287139],[112.7329912,33.7282871],[112.7347919,33.7297226],[112.7346333,33.7328652],[112.7362007,33.7330436],[112.7355849,33.7356972],[112.736294,33.7367524],[112.7353144,33.7376524],[112.7339335,33.7376835],[112.7337563,33.7357826],[112.7322635,33.7358601],[112.7248461,33.7313056],[112.7236332,33.7328264],[112.725182,33.7333617],[112.7210208,33.7342928],[112.7202651,33.7329815],[112.7158613,33.7323608],[112.7090131,33.7279147],[112.7074364,33.7280078],[112.7044881,33.7247875],[112.7015809,33.725832],[112.704628,33.7308322],[112.7037883,33.7312823],[112.7022209,33.7295131],[112.7026687,33.7310573],[112.7014372,33.7297537],[112.7030326,33.7322444],[112.7016704,33.7323065],[112.7010546,33.7350998]],[[112.7365833,33.7383507],[112.7365739,33.7367602],[112.7374603,33.7367369],[112.7365833,33.7383507]],[[112.7401716,33.7478681],[112.7432971,33.7464562],[112.7459095,33.7467859],[112.7495669,33.7449822],[112.7482794,33.7469721],[112.7451072,33.7482987],[112.7401716,33.7478681]],[[112.751138,33.7305684],[112.7507928,33.7299399],[112.751166,33.7296683],[112.751138,33.7305684]]]}},{"type":"Feature","properties":{"id":"HN_RSV_004","code":"HN_RSV_004","name_cn":"石山口水库","city":"信阳市","city_official":"信阳市","city_spatial_primary":"信阳市","city_spatial_intersections":[{"name":"信阳市","geometry_ratio_pct":100.0}],"lon":114.377868,"lat":31.998832,"area_km2":27.62,"area_definition":"SHP水面几何的WGS84椭球面积；随边界数据时相和水位变化","center_method":"polygon_representative_point","osm_id":"2201520","feature_class":"water","data_source":"河南省25个省控水库/25个省控水库.shp","geometry_status":"verified-valid","online_name":"石山口水库","online_display_name":"石山口水库, 灵山镇, 罗山县, 信阳市, 河南省, 中国","online_center_offset_m":0.0,"online_validation_status":"matched-by-osm-id"},"geometry":{"type":"Polygon","coordinates":[[[114.2964363,31.9955566],[114.2981529,31.9967212],[114.2976379,31.9977403],[114.3010712,31.9968668],[114.3045044,31.9980315],[114.307251,31.997158],[114.3070793,31.999924],[114.3089676,32.0018165],[114.3132591,31.9990505],[114.3132591,31.9973036],[114.3144608,31.9965757],[114.3160057,31.9967212],[114.3175507,32.0006519],[114.3199539,31.9997784],[114.3208122,32.0005063],[114.3187523,32.0028355],[114.3197823,32.0045824],[114.3170357,32.0066203],[114.317379,32.0074937],[114.3151474,32.0102594],[114.3096542,32.0099683],[114.307766,32.0112783],[114.3093109,32.0120061],[114.3115425,32.0115694],[114.3091393,32.0153539],[114.3120575,32.0163727],[114.3137741,32.0134617],[114.3161774,32.0131706],[114.3166924,32.0150628],[114.3175507,32.0152083],[114.317379,32.0127339],[114.3185806,32.011715],[114.3206406,32.0128795],[114.3214989,32.0124428],[114.3197823,32.0115694],[114.3204689,32.0083671],[114.3223572,32.007057],[114.3233871,32.0079304],[114.3247604,32.007057],[114.3263054,32.0115694],[114.3287086,32.0127339],[114.3288803,32.0140439],[114.3309402,32.0137528],[114.3323135,32.0157905],[114.3394231,32.0196112],[114.3399255,32.0207081],[114.3389045,32.0245785],[114.3371376,32.0270539],[114.3385365,32.0289725],[114.341903,32.0247512],[114.3425321,32.0254235],[114.3416129,32.0281899],[114.340059,32.0296743],[114.342017,32.0300071],[114.3436995,32.0259562],[114.3447549,32.0280113],[114.3451207,32.0266505],[114.3477971,32.026555],[114.3476044,32.0251264],[114.3506029,32.0243482],[114.3518304,32.0228169],[114.35247,32.024441],[114.3492723,32.0292466],[114.3536594,32.026425],[114.3541269,32.0245988],[114.3560963,32.0245523],[114.3548958,32.0271317],[114.3580665,32.0267661],[114.357343,32.0301751],[114.3584092,32.0291453],[114.3608093,32.0315088],[114.3622526,32.0302179],[114.3599701,32.0284042],[114.3602943,32.0267063],[114.3618377,32.0274906],[114.3626499,32.026011],[114.3644206,32.0278908],[114.3648767,32.0263108],[114.3640296,32.0250542],[114.3663422,32.0259422],[114.3677903,32.0301925],[114.369562,32.0272763],[114.372139,32.0294714],[114.3729973,32.0272884],[114.3741989,32.0268518],[114.3747139,32.0319454],[114.3755722,32.032673],[114.3769455,32.0288893],[114.3771172,32.0304901],[114.3791771,32.0328185],[114.3788338,32.0296169],[114.3796921,32.0280161],[114.3805504,32.0313633],[114.3819237,32.0313633],[114.3824387,32.0294714],[114.383812,32.032673],[114.3850136,32.0307812],[114.3842762,32.0293213],[114.3854141,32.030529],[114.3869578,32.0302593],[114.3872404,32.0276945],[114.3908501,32.0246688],[114.3905067,32.0220491],[114.39291,32.0208847],[114.3884468,32.0200115],[114.3891335,32.018556],[114.3872985,32.0164301],[114.3875775,32.0153743],[114.3896886,32.018505],[114.3909753,32.0184326],[114.3900837,32.0159583],[114.3919591,32.0151812],[114.3931323,32.0177213],[114.3926173,32.0146555],[114.3947165,32.0130365],[114.3916156,32.0142568],[114.3918081,32.0126781],[114.3901678,32.0140048],[114.3874364,32.0134286],[114.3879422,32.0123879],[114.3863475,32.0124744],[114.3861708,32.0096526],[114.3850278,32.0097608],[114.3846387,32.008392],[114.3852078,32.0073748],[114.3889618,32.0108416],[114.3910217,32.0108416],[114.3915367,32.0077848],[114.3935966,32.0083671],[114.39291,32.0057469],[114.3966866,32.0045824],[114.3920517,32.0041456],[114.3898201,32.0072026],[114.3891335,32.0069114],[114.3894768,32.0042912],[114.3884468,32.0025443],[114.3889618,32.0021076],[114.3906784,32.0035634],[114.3898201,32.0016709],[114.3906784,32.0006519],[114.3922234,32.0007975],[114.3908501,31.9987594],[114.3927383,31.9977403],[114.3937683,31.9986138],[114.3956566,31.9964301],[114.3920517,31.9965757],[114.3896484,31.9977403],[114.3886185,31.9994873],[114.3867302,31.999924],[114.3862152,32.0015253],[114.3853569,31.9975947],[114.3881035,31.9955566],[114.3884468,31.9941007],[114.3848419,31.9962845],[114.3850136,31.9941007],[114.383297,31.9935184],[114.3846703,31.9923537],[114.3836403,31.9906066],[114.3874168,31.9908978],[114.3867302,31.9876947],[114.3882751,31.9860931],[114.3903351,31.9878403],[114.3910217,31.9852195],[114.393425,31.9863843],[114.3946266,31.9853651],[114.3908501,31.9830355],[114.3951416,31.9811426],[114.3980276,31.9785035],[114.3972015,31.9770109],[114.3983817,31.9764376],[114.4001627,31.9729792],[114.3997121,31.970185],[114.3986821,31.9694114],[114.3983817,31.9671542],[114.3966973,31.9667446],[114.3963754,31.9655067],[114.3971157,31.9650789],[114.3950343,31.9648059],[114.3975234,31.9716504],[114.3961608,31.9725059],[114.39556,31.9750087],[114.397459,31.9765013],[114.3945515,31.9750633],[114.392395,31.9770655],[114.3899918,31.972697],[114.3898201,31.9760462],[114.3884468,31.978376],[114.3869019,31.977648],[114.3863869,31.9804146],[114.3841553,31.9805602],[114.3820953,31.9825987],[114.3815804,31.9818706],[114.3829536,31.9786673],[114.3829536,31.9760462],[114.3819237,31.9734251],[114.3805504,31.9737164],[114.3815804,31.9775024],[114.3798637,31.9789585],[114.3798637,31.9812882],[114.3776321,31.9814338],[114.3774605,31.9777936],[114.3760872,31.9769199],[114.3767738,31.9760462],[114.3754005,31.9728426],[114.3760872,31.9716777],[114.3754005,31.9696389],[114.3771172,31.9661439],[114.3762589,31.9659982],[114.372654,31.9690564],[114.371624,31.9731339],[114.3681908,31.9734251],[114.3733406,31.9737164],[114.372654,31.9780848],[114.3709373,31.9795409],[114.3719673,31.9807058],[114.3719673,31.9836179],[114.3690491,31.9828899],[114.3645859,31.9837635],[114.3635559,31.9828899],[114.3611526,31.9831811],[114.3606377,31.9818706],[114.3616676,31.9807058],[114.360466,31.9796865],[114.359436,31.9805602],[114.3582344,31.9798321],[114.3589211,31.9766287],[114.3606377,31.9751725],[114.3585777,31.9740076],[114.3565178,31.9678914],[114.3566895,31.9651244],[114.3522263,31.9662895],[114.3457031,31.9659982],[114.3422699,31.9674545],[114.3462181,31.9699302],[114.3463898,31.9712408],[114.3491364,31.9689108],[114.3510246,31.9699302],[114.3523979,31.9728426],[114.3517113,31.975755],[114.3527412,31.9769199],[114.3506813,31.9792497],[114.3539429,31.977648],[114.3548012,31.9815794],[114.3558311,31.9824531],[114.3544579,31.9836179],[114.3548012,31.9850739],[114.3534279,31.9868211],[114.3554878,31.9865299],[114.3570328,31.9843459],[114.3597794,31.9852195],[114.360981,31.9865299],[114.3596077,31.9874035],[114.3602943,31.9885683],[114.3592644,31.9906066],[114.3602943,31.9908978],[114.361496,31.9890051],[114.3630409,31.9911889],[114.3628693,31.9933728],[114.3659592,31.9927904],[114.3692207,31.9946831],[114.3675041,31.9961389],[114.3678474,31.9973036],[114.3704224,31.9965757],[114.371624,31.9987594],[114.3704224,31.9986138],[114.3688774,32.0007975],[114.370079,32.0006519],[114.371109,32.0018165],[114.372139,32.0003607],[114.372654,32.0019621],[114.3740273,32.0025443],[114.3740273,32.0034178],[114.3724823,32.0029811],[114.3704224,32.0041456],[114.3666458,32.0003607],[114.3663025,32.0026899],[114.3656158,32.0018165],[114.3621826,32.0018165],[114.3616676,31.9967212],[114.359951,31.9961389],[114.359436,31.9945375],[114.3529129,31.9939551],[114.3517113,31.9946831],[114.3575478,31.9975947],[114.3544579,32.0007975],[114.3561745,32.0025443],[114.3542862,32.0035634],[114.3515396,32.0029811],[114.351368,32.0045824],[114.349308,32.0048735],[114.349308,32.0077848],[114.3472481,32.0086582],[114.3475914,32.0095316],[114.3460464,32.0114239],[114.3448448,32.0112783],[114.3448448,32.0127339],[114.3429565,32.0149172],[114.3403816,32.0121517],[114.3407249,32.010405],[114.339695,32.0092405],[114.3417549,32.0089493],[114.3417549,32.0072026],[114.3352318,32.0063292],[114.3369484,32.0045824],[114.3362617,32.0037089],[114.3372917,32.0022532],[114.3357468,32.0018165],[114.3336868,32.0038545],[114.3331718,32.0034178],[114.3335152,32.0022532],[114.3324852,32.0007975],[114.3338585,31.9987594],[114.3330002,31.9980315],[114.3309402,32.0003607],[114.3293953,31.999924],[114.3304253,31.9981771],[114.3300819,31.9970124],[114.3317986,31.9952654],[114.3288803,31.9968668],[114.3278503,31.9965757],[114.327507,31.9977403],[114.326992,31.9973036],[114.3266487,31.9949742],[114.3273354,31.9943919],[114.3250799,31.9906978],[114.3263669,31.9899598],[114.3281209,31.9903958],[114.3270589,31.9871985],[114.3294599,31.9862318],[114.3261548,31.9846945],[114.3260205,31.982414],[114.3270955,31.9811882],[114.3256147,31.9805927],[114.3265204,31.9789117],[114.3223364,31.9763006],[114.3198817,31.9768627],[114.3178623,31.9755905],[114.3161355,31.9763849],[114.3202484,31.9786339],[114.3208324,31.9822518],[114.3180612,31.9833995],[114.3194873,31.9881614],[114.3186208,31.9917127],[114.3163192,31.9899121],[114.3153977,31.9916246],[114.3109589,31.9897418],[114.3075943,31.9939551],[114.3041611,31.9922081],[114.3036461,31.992936],[114.3055344,31.9957022],[114.3021011,31.9942463],[114.2990112,31.9959933],[114.2964363,31.9955566]]]}},{"type":"Feature","properties":{"id":"HN_RSV_005","code":"HN_RSV_005","name_cn":"板桥水库","city":"驻马店市","city_official":"驻马店市","city_spatial_primary":"驻马店市","city_spatial_intersections":[{"name":"驻马店市","geometry_ratio_pct":100.0}],"lon":113.572988,"lat":32.974387,"area_km2":32.09,"area_definition":"SHP水面几何的WGS84椭球面积；随边界数据时相和水位变化","center_method":"polygon_representative_point","osm_id":"2202780","feature_class":"reservoir","data_source":"河南省25个省控水库/25个省控水库.shp","geometry_status":"verified-valid","online_name":"板桥水库","online_display_name":"板桥水库, 驻马店市, 河南省, 中国","online_center_offset_m":157.3,"online_validation_status":"matched-by-osm-id"},"geometry":{"type":"Polygon","coordinates":[[[113.5069656,32.9610021],[113.5079956,32.9630185],[113.5107422,32.9638827],[113.516922,32.9621544],[113.5160637,32.9640267],[113.5184669,32.965467],[113.5189819,32.9670512],[113.5205269,32.9663311],[113.5203552,32.9653229],[113.5244751,32.965899],[113.526535,32.9644588],[113.5282516,32.9653229],[113.5306549,32.9644588],[113.5320282,32.965899],[113.5364914,32.9653229],[113.537178,32.9667632],[113.5402679,32.9650349],[113.5419846,32.965611],[113.5426712,32.9644588],[113.5447311,32.9647468],[113.5471344,32.9664751],[113.549881,32.9661871],[113.5514259,32.9689235],[113.550396,32.9697876],[113.5514259,32.9709397],[113.5543178,32.9711264],[113.5514259,32.9769881],[113.5497093,32.9767001],[113.5481644,32.97454],[113.5461044,32.9774201],[113.5457611,32.975116],[113.5433578,32.9771321],[113.5426712,32.9756921],[113.5388947,32.9756921],[113.537178,32.97454],[113.537693,32.9769881],[113.5370064,32.9781401],[113.5394096,32.9790041],[113.5383797,32.9801562],[113.539753,32.9821721],[113.5394096,32.985628],[113.5349464,32.985628],[113.5354614,32.9872119],[113.5380363,32.9876438],[113.5370064,32.9885077],[113.5373497,32.9902356],[113.5356331,32.9948429],[113.538208,32.994123],[113.538723,32.9968585],[113.5428429,33.0006017],[113.5416412,33.0021854],[113.538208,33.0018974],[113.5356331,33.0029052],[113.5335732,33.0075119],[113.5315132,33.0089514],[113.5315132,33.0106788],[113.5325432,33.0109667],[113.5316849,33.0119744],[113.5267067,33.0103909],[113.5306549,33.0142775],[113.5325432,33.0138457],[113.5354614,33.0099591],[113.5370064,33.010103],[113.5356331,33.0077998],[113.5407829,33.0043448],[113.539238,33.003625],[113.5430145,33.003625],[113.5418129,33.0040569],[113.5418129,33.0066481],[113.5443878,33.0050646],[113.5455894,33.007224],[113.5462761,33.0057844],[113.5442162,33.0029052],[113.5454178,33.0001698],[113.5476494,33.0008897],[113.5459328,32.9982983],[113.5476494,32.9962827],[113.5469627,32.9948429],[113.548336,32.9864919],[113.550911,32.985772],[113.5531425,32.9899476],[113.5543442,32.9903795],[113.5546875,32.9886517],[113.5562325,32.9885077],[113.5545158,32.9873558],[113.5546875,32.985772],[113.5574341,32.9863479],[113.5584641,32.984908],[113.5596657,32.985052],[113.5598373,32.9860599],[113.560524,32.984908],[113.5608673,32.9860599],[113.5636139,32.984332],[113.5643005,32.985484],[113.5653305,32.9840441],[113.5675621,32.985628],[113.5665321,32.9885077],[113.5679054,32.9896596],[113.5672188,32.9905235],[113.5681959,32.9907672],[113.5682487,32.9925393],[113.5666823,32.9934841],[113.5665965,32.9968586],[113.5653734,32.9977494],[113.5649335,33.0006647],[113.5658347,33.0021044],[113.5680771,33.0018974],[113.5703529,32.9980847],[113.5725403,32.9964266],[113.5740852,32.9971465],[113.5733986,32.9988741],[113.5739136,33.0010336],[113.5771751,32.9988741],[113.5773468,32.9978663],[113.5825181,32.9962287],[113.5863805,32.9984962],[113.5903287,33.0044888],[113.58917,33.0017895],[113.5893329,32.9995142],[113.5912514,32.9980103],[113.5915947,32.9965706],[113.5936546,32.9957068],[113.5938263,32.994123],[113.5989761,32.9967146],[113.5984612,32.9948429],[113.6010361,32.9921073],[113.6015511,32.9931152],[113.6008644,32.993979],[113.6029243,32.9948429],[113.602066,32.9964266],[113.604126,32.9958507],[113.6048126,32.994411],[113.6064219,32.9952569],[113.6084175,33.0124062],[113.6096191,33.012838],[113.6116791,33.0085195],[113.612709,33.0099591],[113.613224,33.0095272],[113.6156273,33.0006017],[113.615284,32.9991621],[113.6170006,32.9985862],[113.6142433,32.9952208],[113.6153805,32.99424],[113.6179983,32.9951488],[113.6192966,32.9937631],[113.6233874,32.9815762],[113.6228984,32.9794041],[113.6212416,32.9796679],[113.6224844,32.9771854],[113.6207302,32.9763637],[113.6242962,32.9710837],[113.6230946,32.9697876],[113.6249828,32.9696435],[113.6248112,32.9683474],[113.6224079,32.9669072],[113.6244679,32.9653229],[113.6232662,32.9646028],[113.6242962,32.9607141],[113.626796,32.9599219],[113.6259699,32.9576984],[113.6269891,32.9525309],[113.6268384,32.9516898],[113.6254763,32.9515766],[113.6231804,32.9545925],[113.6216891,32.9484525],[113.6209595,32.9484165],[113.6205733,32.9463908],[113.6194467,32.947012],[113.6191785,32.9519547],[113.6200235,32.953299],[113.6194146,32.9537193],[113.620863,32.9552407],[113.620348,32.9574013],[113.6210346,32.9584095],[113.618803,32.96057],[113.6193503,32.961427],[113.6178593,32.9638741],[113.6177087,32.9542684],[113.6158097,32.9522248],[113.6141467,32.9532421],[113.6150265,32.9553847],[113.6115074,32.9569602],[113.6123121,32.9595798],[113.6132777,32.9582475],[113.6138892,32.9590307],[113.6141682,32.9611552],[113.6132777,32.9610471],[113.6141682,32.9617223],[113.6126232,32.9621544],[113.6124516,32.9633066],[113.6143398,32.9638827],[113.6139965,32.9674833],[113.6159716,32.9676485],[113.6160137,32.9686664],[113.6143398,32.9692115],[113.6153698,32.9723798],[113.6141682,32.9719478],[113.6115074,32.9662591],[113.6103916,32.9670512],[113.6110783,32.9720918],[113.6086878,32.9743008],[113.6096872,32.9719252],[113.6066151,32.9710837],[113.6067867,32.9676273],[113.6035252,32.9677713],[113.6042118,32.9667632],[113.6033535,32.965755],[113.6048985,32.9637387],[113.6033535,32.9631626],[113.603096,32.9615062],[113.6011219,32.9641707],[113.6012936,32.9669072],[113.6005211,32.9675553],[113.5994911,32.9662591],[113.5983753,32.9676273],[113.5992336,32.9702196],[113.6005211,32.9697156],[113.6006069,32.9713717],[113.6021519,32.9720918],[113.6013794,32.9737479],[113.5978603,32.9726679],[113.598547,32.9715157],[113.5971737,32.9715157],[113.5973454,32.9697876],[113.5960579,32.9695715],[113.5945988,32.9713717],[113.5960755,32.9729568],[113.595076,32.9741412],[113.5939338,32.9736821],[113.5932755,32.9750396],[113.5935848,32.9734558],[113.5944018,32.9731032],[113.5930375,32.9716392],[113.5940211,32.970082],[113.5927519,32.9691637],[113.591221,32.9704613],[113.5917922,32.9681654],[113.5910941,32.9673669],[113.5922998,32.9666282],[113.5913797,32.9661424],[113.5917604,32.9642923],[113.5888652,32.9645319],[113.5881513,32.9683052],[113.5888811,32.9702949],[113.5864539,32.9700953],[113.5858273,32.9681255],[113.5828527,32.9687976],[113.5842646,32.9663487],[113.5840267,32.9647049],[113.5858669,32.9645052],[113.5857321,32.9635136],[113.5869933,32.9630411],[113.5855338,32.9616834],[113.5874057,32.961344],[113.5875644,32.9595072],[113.5860018,32.9590679],[113.5857638,32.9574439],[113.5864856,32.9564057],[113.5876358,32.9571311],[113.58877,32.9563724],[113.5879134,32.95582],[113.5885162,32.9549414],[113.5878023,32.9538432],[113.5896188,32.9536369],[113.5883893,32.9521326],[113.5913638,32.9512341],[113.5904437,32.9501291],[113.5908562,32.9488312],[113.5898964,32.9484784],[113.5918953,32.9477795],[113.5915542,32.9454298],[113.5941956,32.9431865],[113.5931327,32.9420083],[113.5950364,32.9344526],[113.5934817,32.936716],[113.593323,32.9394321],[113.5904675,32.9432597],[113.5886035,32.9433729],[113.5871916,32.941336],[113.5880403,32.9441251],[113.5895315,32.9445644],[113.5894205,32.9460089],[113.5883338,32.9450171],[113.5842488,32.9454364],[113.5824482,32.9472204],[113.5841853,32.9499095],[113.5828607,32.9506284],[113.5850975,32.9511675],[113.5813774,32.9546818],[113.5790691,32.9556203],[113.5793626,32.957637],[113.5778952,32.9607251],[113.5790612,32.9635403],[113.5760074,32.9622558],[113.5765467,32.9655967],[113.5746351,32.9652439],[113.573128,32.9604722],[113.5714544,32.96175],[113.5724776,32.9639329],[113.5718986,32.9645185],[113.5669406,32.9622711],[113.5656361,32.9633609],[113.566951,32.9612943],[113.5665558,32.9559847],[113.5683149,32.9543637],[113.5674642,32.9515404],[113.5645771,32.9494704],[113.5644919,32.947591],[113.5657801,32.9460069],[113.563689,32.9473555],[113.5628284,32.949157],[113.5636434,32.9515142],[113.5658305,32.9536701],[113.5629003,32.9546276],[113.5621409,32.9576851],[113.5632209,32.9599863],[113.5599132,32.9626418],[113.5589534,32.962136],[113.5607699,32.9593141],[113.5596277,32.9591012],[113.5578906,32.9606519],[113.5540038,32.9595537],[113.5527992,32.9548086],[113.5509442,32.9524517],[113.5494334,32.9520041],[113.5496857,32.951158],[113.5496693,32.9498771],[113.5494992,32.9495732],[113.5490017,32.9524186],[113.5507916,32.9537471],[113.5512071,32.9587832],[113.5495377,32.9601379],[113.5473061,32.9579774],[113.5473061,32.9568251],[113.5442162,32.9545205],[113.5452461,32.9533681],[113.5443878,32.9520717],[113.5437012,32.9532241],[113.541527,32.9533005],[113.5428429,32.956249],[113.5418129,32.956537],[113.5421562,32.9579774],[113.5402679,32.9595618],[113.5368347,32.9600624],[113.5306549,32.9589857],[113.5289383,32.9595618],[113.5249934,32.9585771],[113.5186888,32.9587311],[113.5131454,32.9624424],[113.5107422,32.9630185],[113.5069656,32.9610021]],[[113.6031818,32.973964],[113.6035252,32.9732439],[113.6038685,32.973964],[113.6031818,32.973964]]]}},{"type":"Feature","properties":{"id":"HN_RSV_006","code":"HN_RSV_006","name_cn":"宋家场水库","city":"驻马店市","city_official":"驻马店市","city_spatial_primary":"驻马店市","city_spatial_intersections":[{"name":"驻马店市","geometry_ratio_pct":100.0}],"lon":113.510668,"lat":32.761141,"area_km2":9.8,"area_definition":"SHP水面几何的WGS84椭球面积；随边界数据时相和水位变化","center_method":"polygon_representative_point","osm_id":"2203429","feature_class":"water","data_source":"河南省25个省控水库/25个省控水库.shp","geometry_status":"verified-valid","online_name":"宋家场水库","online_display_name":"宋家场水库, 泌阳县, 驻马店市, 河南省, 中国","online_center_offset_m":79.8,"online_validation_status":"matched-by-osm-id"},"geometry":{"type":"Polygon","coordinates":[[[113.4892845,32.7699552],[113.4911728,32.772409],[113.494606,32.772409],[113.4976959,32.7752957],[113.4997559,32.7752957],[113.5007858,32.774141],[113.5028458,32.775007],[113.505249,32.7793369],[113.506794,32.778038],[113.5064507,32.777172],[113.5093689,32.7752957],[113.5105705,32.7765947],[113.5107422,32.7802029],[113.5121155,32.7802029],[113.5131454,32.7790483],[113.5141754,32.7799142],[113.5162354,32.7764504],[113.5213852,32.7781823],[113.5200119,32.7744297],[113.5165787,32.775007],[113.5160637,32.7742854],[113.5170937,32.7688005],[113.5167503,32.7644701],[113.5200119,32.7623048],[113.5219002,32.7627379],[113.5222435,32.7592733],[113.5232735,32.7584072],[113.5194969,32.7560974],[113.5196686,32.7553755],[113.5210419,32.7565304],[113.5261917,32.7565304],[113.52705,32.757541],[113.52705,32.7601395],[113.5311699,32.7621604],[113.5304832,32.7633153],[113.5318565,32.7650475],[113.5358047,32.7663466],[113.5358047,32.7675014],[113.5400963,32.7656249],[113.5370064,32.7644701],[113.5359764,32.7604282],[113.5375214,32.7608612],[113.5402679,32.7582628],[113.5440445,32.7576853],[113.5445595,32.7560974],[113.5438728,32.7555199],[113.5467911,32.7533544],[113.5523736,32.7561987],[113.5517666,32.7576876],[113.5530302,32.7578645],[113.5535961,32.7609634],[113.5583316,32.7597509],[113.5651797,32.7629735],[113.5647844,32.7646886],[113.5650876,32.7649287],[113.5666488,32.7634209],[113.565498,32.7590398],[113.5648392,32.759826],[113.5591186,32.7567908],[113.5597319,32.7515256],[113.5549306,32.7520483],[113.5548644,32.7508634],[113.5581033,32.7497496],[113.5616325,32.7469536],[113.561688,32.7459336],[113.5573963,32.7466009],[113.5543028,32.7453456],[113.5520846,32.7488],[113.547821,32.7490232],[113.5457112,32.7501679],[113.5438728,32.7477238],[113.5438728,32.7491676],[113.5421562,32.7503226],[113.5414696,32.7523438],[113.5402679,32.7536431],[113.5395813,32.7521994],[113.537693,32.7537875],[113.5368347,32.7562417],[113.5358047,32.7547981],[113.5337448,32.7568192],[113.5313416,32.7571079],[113.5304832,32.7549424],[113.5311699,32.7540762],[113.5296249,32.7527769],[113.5296249,32.7542206],[113.5284233,32.7534988],[113.5284233,32.7520551],[113.5260201,32.7509001],[113.5258484,32.7496007],[113.5212135,32.7514776],[113.5249901,32.7480126],[113.5246468,32.7468576],[113.5284233,32.7445475],[113.5289383,32.743248],[113.5303116,32.7444031],[113.5315132,32.7436812],[113.5306549,32.7426705],[113.528595,32.7423817],[113.527565,32.743248],[113.5261917,32.7420929],[113.5256767,32.7445475],[113.5208702,32.7480126],[113.5203552,32.7501782],[113.5182953,32.7487345],[113.5188103,32.7497451],[113.5176086,32.7501782],[113.5167503,32.7488789],[113.5186386,32.7472907],[113.5201836,32.7477238],[113.5198402,32.7468576],[113.5208702,32.7462801],[113.5198402,32.7457025],[113.5215569,32.7448363],[113.5227585,32.7426705],[113.5196686,32.7446919],[113.5176086,32.7438256],[113.5170937,32.7442587],[113.5184669,32.7454138],[113.516407,32.7459913],[113.5157847,32.7477148],[113.5131347,32.7467042],[113.5144973,32.7489511],[113.5101843,32.7469568],[113.5130381,32.7494925],[113.5093689,32.7519107],[113.5097444,32.7528852],[113.5083282,32.7531649],[113.50904,32.7540893],[113.5084033,32.7552583],[113.5067189,32.752795],[113.5071051,32.7541845],[113.5056138,32.7538146],[113.5053992,32.757153],[113.5031354,32.7562327],[113.5022557,32.757153],[113.502835,32.7589034],[113.501451,32.7579651],[113.5007965,32.7594087],[113.4989941,32.7577214],[113.4985542,32.7604282],[113.5009935,32.7635294],[113.4994521,32.764117],[113.4979836,32.7621352],[113.4907714,32.764757],[113.4905646,32.7657769],[113.4920311,32.7658413],[113.4918698,32.77047],[113.4908295,32.7709656],[113.4908295,32.7698109],[113.4892845,32.7699552]],[[113.5073841,32.7627424],[113.5091114,32.763834],[113.5096747,32.765273],[113.5085911,32.7646686],[113.5073841,32.7627424]],[[113.5077542,32.7692019],[113.5087037,32.7664594],[113.5094279,32.7702484],[113.5077542,32.7692019]]]}},{"type":"Feature","properties":{"id":"HN_RSV_007","code":"HN_RSV_007","name_cn":"盘石头水库","city":"鹤壁市（跨安阳市）","city_official":"鹤壁市","city_spatial_primary":"鹤壁市","city_spatial_intersections":[{"name":"鹤壁市","geometry_ratio_pct":81.52},{"name":"安阳市","geometry_ratio_pct":18.48}],"lon":114.021311,"lat":35.832396,"area_km2":5.95,"area_definition":"SHP水面几何的WGS84椭球面积；随边界数据时相和水位变化","center_method":"polygon_representative_point","osm_id":"4432171","feature_class":"water","data_source":"河南省25个省控水库/25个省控水库.shp","geometry_status":"verified-valid","online_name":"盘石头水库","online_display_name":"盘石头水库, 淇滨区, 鹤壁市, 安阳市, 河南省, 中国","online_center_offset_m":0.0,"online_validation_status":"matched-by-osm-id"},"geometry":{"type":"Polygon","coordinates":[[[113.9954889,35.8403652],[114.0006963,35.8387151],[114.0024866,35.839444],[114.0031325,35.8386422],[114.0066232,35.8389139],[114.0058138,35.8395236],[114.0063779,35.8410544],[114.0056994,35.8422274],[114.0081437,35.8397886],[114.0105471,35.8407496],[114.0108087,35.8430756],[114.006942,35.8475353],[114.0116589,35.8439437],[114.0126072,35.8407827],[114.0163595,35.8398284],[114.0214606,35.8357659],[114.0253192,35.8378999],[114.0286219,35.8377806],[114.0271259,35.8405375],[114.0238314,35.8416309],[114.0279107,35.8409616],[114.0282703,35.8422539],[114.0288998,35.8401796],[114.031573,35.841737],[114.0297582,35.8394242],[114.0307065,35.8382114],[114.0380557,35.8393181],[114.0410478,35.8407628],[114.0420369,35.8427111],[114.0407943,35.8442552],[114.0412685,35.8462696],[114.0393964,35.8468925],[114.0389059,35.8500931],[114.0375979,35.8503448],[114.0384563,35.850749],[114.0379413,35.8520875],[114.0399932,35.8511864],[114.0393882,35.8550559],[114.0434348,35.8560564],[114.0422413,35.8577327],[114.0438518,35.8585609],[114.0442033,35.8618934],[114.04695,35.8626156],[114.0464432,35.8635431],[114.0474651,35.8621916],[114.045078,35.8613833],[114.0456993,35.8592831],[114.0448736,35.8550758],[114.0415301,35.8542807],[114.0424375,35.853141],[114.0420287,35.8490594],[114.0472198,35.8493178],[114.0523291,35.845554],[114.0546427,35.8449178],[114.0552394,35.8434732],[114.0513645,35.8400802],[114.0478656,35.8426714],[114.0507432,35.8354147],[114.0489938,35.8307488],[114.049705,35.8284821],[114.047882,35.8254],[114.050171,35.8216019],[114.046525,35.8238954],[114.0443504,35.8198254],[114.0438926,35.820886],[114.0425846,35.8205612],[114.0396008,35.8185461],[114.0394046,35.8035569],[114.0383664,35.8025756],[114.0373445,35.8033314],[114.0360365,35.8012098],[114.0374099,35.8045845],[114.0371483,35.8108496],[114.0362491,35.810896],[114.0369848,35.811738],[114.0364698,35.8145687],[114.035309,35.8150128],[114.0364126,35.815384],[114.0360284,35.8169286],[114.0379658,35.8213964],[114.0395109,35.8229342],[114.0423149,35.8235573],[114.0421187,35.8265997],[114.0406881,35.8272227],[114.043443,35.830086],[114.0434267,35.8313321],[114.0415382,35.8318159],[114.0415382,35.8331414],[114.0395436,35.8342946],[114.0384645,35.833221],[114.0381293,35.8340229],[114.0381048,35.8327504],[114.0345405,35.8318557],[114.030265,35.833221],[114.0238641,35.8295691],[114.021011,35.8246046],[114.0220084,35.8291184],[114.0196458,35.82941],[114.0175939,35.8310537],[114.016572,35.830709],[114.0164658,35.8315243],[114.0148717,35.8316767],[114.0093781,35.8353484],[114.0060754,35.8349839],[114.0062798,35.8360443],[114.0101711,35.8366606],[114.0132694,35.8350833],[114.0130159,35.8362033],[114.0142258,35.8367932],[114.0134983,35.8375222],[114.0115526,35.8384433],[114.0063043,35.8365877],[114.0003955,35.8369113],[113.9990205,35.8361636],[113.9956587,35.8378159],[113.9954889,35.8403652]],[[114.0207249,35.8355008],[114.0211336,35.8344868],[114.0216977,35.8347652],[114.0207249,35.8355008]],[[114.0212072,35.8342747],[114.0213952,35.8335788],[114.0220656,35.8335457],[114.0212072,35.8342747]],[[114.0328647,35.837721],[114.0323742,35.8369191],[114.0331998,35.8370251],[114.0328647,35.837721]],[[114.0392738,35.835249],[114.0392574,35.8346724],[114.0395599,35.8352556],[114.0392738,35.835249]],[[114.0410478,35.8405706],[114.0418489,35.8394838],[114.0443014,35.8385494],[114.0430506,35.8404513],[114.0410478,35.8405706]]]}},{"type":"Feature","properties":{"id":"HN_RSV_008","code":"HN_RSV_008","name_cn":"孤石滩水库","city":"平顶山市（跨南阳市）","city_official":"平顶山市","city_spatial_primary":"平顶山市","city_spatial_intersections":[{"name":"平顶山市","geometry_ratio_pct":97.14},{"name":"南阳市","geometry_ratio_pct":2.86}],"lon":113.068258,"lat":33.478187,"area_km2":7.24,"area_definition":"SHP水面几何的WGS84椭球面积；随边界数据时相和水位变化","center_method":"polygon_representative_point","osm_id":"5940003","feature_class":"water","data_source":"河南省25个省控水库/25个省控水库.shp","geometry_status":"verified-valid","online_name":"孤石滩水库","online_display_name":"孤石滩水库, 叶县, 平顶山市, 河南省, 中国","online_center_offset_m":0.0,"online_validation_status":"matched-by-osm-id"},"geometry":{"type":"Polygon","coordinates":[[[113.0291807,33.4726041],[113.0328993,33.4751641],[113.0384216,33.475322],[113.0467543,33.4714325],[113.0466161,33.4705262],[113.0497292,33.4686202],[113.0571843,33.4733274],[113.055897,33.4761155],[113.0575127,33.4760137],[113.0563567,33.477411],[113.0591862,33.4774773],[113.0599761,33.4787234],[113.0583244,33.4799287],[113.0588137,33.4811887],[113.0563697,33.4823022],[113.0572148,33.4827562],[113.0566499,33.4834068],[113.0608392,33.4853069],[113.0604339,33.4863179],[113.0630081,33.486651],[113.0631171,33.4880503],[113.0706901,33.4886062],[113.0725768,33.4903428],[113.0765509,33.4915835],[113.0804427,33.490862],[113.0796664,33.4923917],[113.0822344,33.492221],[113.0821491,33.4940282],[113.0801356,33.49718],[113.0814751,33.4977777],[113.0838384,33.495316],[113.0855532,33.4954796],[113.0858017,33.4943046],[113.0865781,33.4949007],[113.0883394,33.4934433],[113.0880922,33.4886884],[113.0867671,33.4877358],[113.086878,33.4866827],[113.0858901,33.4871944],[113.083213,33.4861538],[113.083887,33.4850509],[113.0812848,33.4846097],[113.0818394,33.4838697],[113.0795444,33.4827525],[113.0771384,33.4789597],[113.0755003,33.4740066],[113.0763791,33.4734729],[113.0760378,33.4698931],[113.074239,33.4668687],[113.074214,33.4629352],[113.0732094,33.4624043],[113.0717172,33.4641041],[113.070262,33.4639529],[113.0668792,33.4616749],[113.0670151,33.4599105],[113.0653762,33.4626878],[113.0668312,33.4640038],[113.0663648,33.4655089],[113.0705105,33.4674612],[113.0646284,33.4706206],[113.0612956,33.4691791],[113.0609931,33.4674269],[113.059132,33.4665265],[113.0597307,33.4646132],[113.0582869,33.4640771],[113.0587112,33.4628345],[113.0535282,33.4643558],[113.0525139,33.4635112],[113.0528057,33.46046],[113.0490583,33.4600153],[113.0477717,33.4583689],[113.0474861,33.4601332],[113.0410604,33.467901],[113.0375644,33.4704142],[113.0373038,33.4710269],[113.0399547,33.4711929],[113.0388691,33.4720412],[113.0336009,33.4724914],[113.0307213,33.4694948],[113.0294939,33.4704348],[113.0312115,33.4722523],[113.0307369,33.4732641],[113.0291807,33.4726041]]]}},{"type":"Feature","properties":{"id":"HN_RSV_009","code":"HN_RSV_009","name_cn":"石漫滩水库","city":"平顶山市","city_official":"平顶山市","city_spatial_primary":"平顶山市","city_spatial_intersections":[{"name":"平顶山市","geometry_ratio_pct":100.0}],"lon":113.539494,"lat":33.264726,"area_km2":8.76,"area_definition":"SHP水面几何的WGS84椭球面积；随边界数据时相和水位变化","center_method":"polygon_representative_point","osm_id":"2202781","feature_class":"water","data_source":"河南省25个省控水库/25个省控水库.shp","geometry_status":"verified-valid","online_name":"石漫滩水库","online_display_name":"石漫滩水库, 舞钢市, 平顶山市, 河南省, 中国","online_center_offset_m":0.0,"online_validation_status":"matched-by-osm-id"},"geometry":{"type":"Polygon","coordinates":[[[113.4830127,33.2675491],[113.4876133,33.2702455],[113.4887189,33.2730505],[113.4874849,33.2734708],[113.4908824,33.2757073],[113.4898866,33.2773757],[113.4870894,33.2784007],[113.4953952,33.2779482],[113.4996562,33.280697],[113.5008342,33.2799816],[113.5029775,33.2807424],[113.5030365,33.279527],[113.5043796,33.2802493],[113.5058654,33.2795915],[113.5061556,33.2805712],[113.5249378,33.2798387],[113.5273078,33.2808895],[113.5346801,33.2810013],[113.5355109,33.2827724],[113.5373733,33.2821752],[113.5384462,33.283123],[113.5417814,33.2824109],[113.541443,33.2802564],[113.5437493,33.2823693],[113.5445577,33.2802777],[113.5459534,33.2825045],[113.5464895,33.281601],[113.5476809,33.2823622],[113.547366,33.2829882],[113.5507795,33.2824073],[113.5526338,33.2836072],[113.5584011,33.2808418],[113.5588887,33.2791109],[113.5603647,33.2781252],[113.5538094,33.2752389],[113.553115,33.2743539],[113.5535901,33.2716384],[113.5517373,33.2735382],[113.5485184,33.2727023],[113.5450228,33.2680168],[113.5436017,33.2682587],[113.5441131,33.2667478],[113.5429974,33.2658272],[113.5432357,33.2640036],[113.540538,33.2624097],[113.539704,33.2606947],[113.5424662,33.2602958],[113.545142,33.2616056],[113.548563,33.2600045],[113.5480099,33.2594281],[113.5441463,33.260467],[113.5427421,33.2585172],[113.5433123,33.2558059],[113.5452696,33.2538204],[113.5496438,33.2517708],[113.5503417,33.2487817],[113.5518565,33.2484045],[113.5507331,33.2464544],[113.5496268,33.2470096],[113.5507331,33.2459847],[113.5529117,33.2460274],[113.5522734,33.2457641],[113.5504608,33.245821],[113.5482312,33.2471092],[113.5483077,33.2486892],[113.5467249,33.2493084],[113.5462994,33.2510449],[113.5428017,33.2511232],[113.5404019,33.252881],[113.5385467,33.2522619],[113.5386233,33.2534788],[113.5373893,33.2536923],[113.5368532,33.2524611],[113.5349639,33.2532582],[113.5351001,33.2524184],[113.532496,33.2515004],[113.5306408,33.25276],[113.5293898,33.2511232],[113.5287345,33.2507531],[113.530428,33.2530233],[113.5336363,33.2538346],[113.5345672,33.2532752],[113.5339257,33.2540908],[113.5348788,33.2555924],[113.5378744,33.2563752],[113.5373638,33.25777],[113.5365808,33.257343],[113.5352277,33.2584176],[113.5354745,33.2619542],[113.5345129,33.263349],[113.5356192,33.2637047],[113.5367255,33.2680808],[113.5337448,33.2686899],[113.5316849,33.2678287],[113.5306549,33.2686899],[113.5297966,33.2682593],[113.5298675,33.26509],[113.5282005,33.2678276],[113.5235332,33.2673163],[113.5206985,33.2686899],[113.519138,33.2679486],[113.5193253,33.2698381],[113.5093845,33.2709022],[113.5037112,33.2736305],[113.501544,33.2734707],[113.5015351,33.2744118],[113.5004886,33.2747176],[113.4980371,33.2738837],[113.4992026,33.2733102],[113.4980483,33.2724631],[113.4927365,33.2733519],[113.4899859,33.2722659],[113.4850211,33.2662541],[113.4856594,33.2679831],[113.4830127,33.2675491]]]}},{"type":"Feature","properties":{"id":"HN_RSV_010","code":"HN_RSV_010","name_cn":"故县水库","city":"洛阳市（跨三门峡市）","city_official":"洛阳市","city_spatial_primary":"洛阳市","city_spatial_intersections":[{"name":"洛阳市","geometry_ratio_pct":80.33},{"name":"三门峡市","geometry_ratio_pct":19.67}],"lon":111.226238,"lat":34.179572,"area_km2":15.61,"area_definition":"SHP水面几何的WGS84椭球面积；随边界数据时相和水位变化","center_method":"polygon_representative_point","osm_id":"903949","feature_class":"water","data_source":"河南省25个省控水库/25个省控水库.shp","geometry_status":"verified-valid","online_name":"故县水库","online_display_name":"故县水库, 洛宁县, 留村, 卢氏县, 三门峡市, 河南省, 中国","online_center_offset_m":191.4,"online_validation_status":"matched-by-osm-id"},"geometry":{"type":"Polygon","coordinates":[[[111.1688821,34.1568153],[111.1815,34.164],[111.1835,34.16375],[111.1885011,34.1604911],[111.1871567,34.1635266],[111.1886567,34.1669217],[111.1919281,34.1705902],[111.1891739,34.1747811],[111.1895054,34.1762989],[111.1918401,34.1772485],[111.1941534,34.1772189],[111.1985,34.17525],[111.19925,34.17575],[111.2005,34.174],[111.20425,34.1735],[111.20775,34.1755],[111.207,34.177],[111.2075,34.17825],[111.20825,34.17625],[111.21275,34.17875],[111.21625,34.1775],[111.21675,34.179],[111.21775,34.17725],[111.2235,34.17875],[111.22625,34.1835],[111.22925,34.18575],[111.2295,34.188],[111.2305,34.186],[111.233,34.187],[111.23925,34.1855],[111.24125,34.187],[111.242,34.186],[111.2435,34.186],[111.24525,34.187],[111.245597,34.1889694],[111.2438306,34.1928393],[111.2472281,34.1886864],[111.249822,34.189542],[111.2514292,34.1916218],[111.2605476,34.1933593],[111.2644999,34.195054],[111.2631675,34.1961845],[111.2581732,34.1969744],[111.2545164,34.1954449],[111.250586,34.1954518],[111.2476672,34.1999303],[111.2448977,34.2019671],[111.2492096,34.2015076],[111.2500222,34.2036267],[111.254674,34.207227],[111.2557022,34.2092842],[111.2553041,34.2107105],[111.2507519,34.2096477],[111.2478828,34.2101482],[111.2551632,34.2123768],[111.2547512,34.213722],[111.2512825,34.2141117],[111.2459923,34.2167379],[111.2529658,34.2152705],[111.2535214,34.2188497],[111.2528829,34.2195285],[111.253737,34.2210438],[111.2528248,34.2229704],[111.2546657,34.2225865],[111.2556524,34.2235738],[111.2502543,34.2271526],[111.2484716,34.2266727],[111.2489359,34.2276462],[111.2471946,34.2282633],[111.2470122,34.2293671],[111.2494003,34.2280919],[111.2499641,34.2288049],[111.2546159,34.2274543],[111.2566143,34.2257746],[111.258339,34.2278725],[111.2597072,34.2276874],[111.2621284,34.2292985],[111.262941,34.2287706],[111.2638863,34.230416],[111.2644087,34.2287706],[111.2669792,34.2286061],[111.2671036,34.2268373],[111.268621,34.2259871],[111.272767,34.2277285],[111.2739362,34.2294013],[111.2734718,34.2313209],[111.2748483,34.2310535],[111.2752604,34.2326674],[111.2776208,34.2341221],[111.2776208,34.2356122],[111.2754321,34.235967],[111.2774062,34.2374926],[111.2758613,34.2397987],[111.2786508,34.2407211],[111.2797236,34.2378474],[111.2810755,34.2378297],[111.2818265,34.2363218],[111.280539,34.2361444],[111.2816548,34.231532],[111.2806892,34.2309466],[111.2795734,34.2319045],[111.2778783,34.230645],[111.2780659,34.2294148],[111.2770414,34.2298821],[111.2762904,34.2262097],[111.2803459,34.2272564],[111.2835608,34.2260117],[111.2907024,34.2269794],[111.2919285,34.2262816],[111.2843968,34.2254588],[111.2850178,34.2241093],[111.2816763,34.225908],[111.2784576,34.2244532],[111.2777281,34.2250919],[111.276269,34.2240984],[111.2735224,34.2242758],[111.272428,34.2236193],[111.2731343,34.2221363],[111.2710994,34.223045],[111.2699178,34.221557],[111.270714,34.2204313],[111.2701726,34.2192726],[111.2690271,34.2205922],[111.2681316,34.2195259],[111.2693495,34.2176633],[111.2681396,34.2174658],[111.2677575,34.216077],[111.2719046,34.2166035],[111.2709892,34.2154912],[111.2721115,34.2151028],[111.2703922,34.2147671],[111.2715623,34.2141155],[111.2720478,34.2114693],[111.2710847,34.2110349],[111.2710449,34.2090667],[111.2723742,34.2078686],[111.2725334,34.2061439],[111.2768237,34.2059662],[111.2788057,34.2125291],[111.2784575,34.2061313],[111.280541,34.2078555],[111.2806604,34.2069997],[111.282714,34.2065191],[111.2837169,34.2090469],[111.2836373,34.2064204],[111.2850223,34.2061834],[111.2851815,34.2070326],[111.2864233,34.2087639],[111.2861526,34.205591],[111.2881744,34.2054527],[111.2896868,34.2069668],[111.2891216,34.2052421],[111.2943831,34.203458],[111.296182,34.2018254],[111.2819021,34.203537],[111.2785669,34.2027866],[111.282905,34.2008182],[111.2934199,34.1983099],[111.288262,34.1972368],[111.2851019,34.1983889],[111.2837249,34.1958147],[111.2839876,34.198593],[111.2815439,34.1992382],[111.2812653,34.1985666],[111.2802226,34.2000282],[111.2795858,34.1990341],[111.2793788,34.2002915],[111.2731145,34.2015028],[111.2732259,34.2002322],[111.2763461,34.1983362],[111.2775003,34.1948403],[111.2811141,34.1915286],[111.2761551,34.1937144],[111.273799,34.1921409],[111.2737831,34.1910018],[111.2693256,34.1902512],[111.2700579,34.1880258],[111.2749213,34.1879994],[111.2732816,34.1868933],[111.2740458,34.1863533],[111.2720319,34.1855237],[111.2720717,34.1842529],[111.2748895,34.1841278],[111.2761471,34.1833244],[111.2757969,34.1826725],[111.2747462,34.1834825],[111.2712121,34.1834956],[111.2707982,34.1856817],[111.2663645,34.185471],[111.2657755,34.1831927],[111.2644303,34.1846677],[111.2593599,34.1841936],[111.2567571,34.182712],[111.2585799,34.1813095],[111.2582615,34.1796435],[111.2576247,34.1794789],[111.2577441,34.1813753],[111.2570436,34.1816453],[111.2552765,34.1811053],[111.2521794,34.1819942],[111.2503416,34.1810661],[111.250994,34.1802631],[111.2501984,34.1804738],[111.2486708,34.1758071],[111.2477161,34.1761889],[111.2474933,34.1826128],[111.2428253,34.183253],[111.245,34.17775],[111.2435802,34.1757976],[111.2413395,34.1838972],[111.2379394,34.1837367],[111.2375631,34.1828173],[111.237,34.184],[111.23425,34.18425],[111.2305,34.18275],[111.2285,34.18],[111.2295,34.177],[111.23375,34.175],[111.233,34.1745],[111.2305,34.1755],[111.2305,34.174],[111.22925,34.175],[111.22925,34.17625],[111.2265,34.17375],[111.22425,34.1735],[111.2235,34.17],[111.223,34.1695],[111.2215,34.1705],[111.22225,34.1695],[111.2205,34.1685],[111.22125,34.168],[111.22025,34.16425],[111.21825,34.165],[111.21975,34.16675],[111.21825,34.167],[111.21975,34.16825],[111.221,34.1715],[111.2235,34.1735],[111.223,34.1765],[111.22125,34.17475],[111.222,34.17425],[111.2185,34.173],[111.2175,34.17325],[111.2175,34.17425],[111.21575,34.173],[111.2155,34.1755],[111.214,34.172],[111.21375,34.17425],[111.21375,34.17325],[111.2125,34.173],[111.214,34.1755],[111.213,34.177],[111.2125,34.17625],[111.2135,34.176],[111.21175,34.17475],[111.21075,34.1755],[111.21125,34.17475],[111.21025,34.1735],[111.2085,34.17425],[111.2085,34.17275],[111.2075,34.17325],[111.20725,34.17125],[111.206,34.16925],[111.20525,34.1695],[111.20575,34.1685],[111.20425,34.1675],[111.20475,34.17225],[111.20375,34.17075],[111.2035,34.17225],[111.2005,34.1725],[111.19625,34.17525],[111.1924882,34.1759556],[111.1908423,34.1752175],[111.193514,34.1707012],[111.1888971,34.1643551],[111.1907457,34.1604794],[111.1901889,34.1592056],[111.1889088,34.1585961],[111.187205,34.1593521],[111.18175,34.163],[111.1722637,34.1564603],[111.172496,34.154012],[111.1753594,34.1520834],[111.1752401,34.1503721],[111.1794476,34.1427823],[111.1818894,34.1357054],[111.1835518,34.1347113],[111.1862326,34.1348791],[111.1868119,34.1328721],[111.1844087,34.1314157],[111.1860824,34.128183],[111.1825204,34.1234581],[111.1796021,34.1213265],[111.1798644,34.1197712],[111.1815354,34.1195449],[111.1804924,34.1184775],[111.1776066,34.1199587],[111.1762318,34.1192869],[111.1742843,34.121293],[111.1787009,34.1255186],[111.1789155,34.1306342],[111.1811042,34.1317354],[111.1803317,34.1327656],[111.18119,34.1348614],[111.1789271,34.1407376],[111.1765874,34.1429673],[111.1772736,34.1444242],[111.1743434,34.1479385],[111.1737247,34.151527],[111.1725493,34.1514247],[111.1730498,34.1519832],[111.1712726,34.153803],[111.1709671,34.157079],[111.1688821,34.1568153]],[[111.2245,34.17575],[111.2265,34.1755],[111.225,34.175],[111.2265,34.1745],[111.22775,34.1765],[111.22675,34.17775],[111.226,34.17675],[111.2245,34.17675],[111.2245,34.17575]]]}},{"type":"Feature","properties":{"id":"HN_RSV_011","code":"HN_RSV_011","name_cn":"窄口水库","city":"三门峡市","city_official":"三门峡市","city_spatial_primary":"三门峡市","city_spatial_intersections":[{"name":"三门峡市","geometry_ratio_pct":100.0}],"lon":110.753721,"lat":34.359178,"area_km2":3.74,"area_definition":"SHP水面几何的WGS84椭球面积；随边界数据时相和水位变化","center_method":"polygon_representative_point","osm_id":"9985875","feature_class":"water","data_source":"河南省25个省控水库/25个省控水库.shp","geometry_status":"verified-valid","online_name":"窄口水库","online_display_name":"窄口水库, 朱阳镇, 灵宝市, 三门峡市, 河南省, 中国","online_center_offset_m":0.0,"online_validation_status":"matched-by-osm-id"},"geometry":{"type":"Polygon","coordinates":[[[110.7401054,34.3372101],[110.742038,34.343517],[110.7440295,34.3463268],[110.7525962,34.3507322],[110.749848,34.3559491],[110.7494699,34.3609924],[110.7511337,34.3599449],[110.7529573,34.3641695],[110.7521506,34.3649533],[110.7565455,34.3668748],[110.7548144,34.3693164],[110.759764,34.3674089],[110.763638,34.3685811],[110.7625119,34.371314],[110.7624531,34.3724654],[110.7630413,34.372944],[110.7653102,34.369136],[110.7682178,34.3690112],[110.769075,34.3737277],[110.7678229,34.374671],[110.7690245,34.3748513],[110.7694195,34.3760859],[110.7685035,34.376502],[110.770075,34.3777366],[110.7687472,34.3780834],[110.7664699,34.3815927],[110.77368,34.3784856],[110.7751674,34.3785827],[110.7750385,34.3803376],[110.7772346,34.3811835],[110.7782346,34.3778406],[110.7796968,34.3780279],[110.7778061,34.3763495],[110.7789825,34.3758085],[110.7793439,34.3750247],[110.7783019,34.3749831],[110.780159,34.3732145],[110.775764,34.3731451],[110.7765035,34.3723544],[110.7734615,34.3710643],[110.7721422,34.3680123],[110.7706212,34.367062],[110.7706968,34.3653834],[110.7723355,34.364225],[110.7702178,34.3646412],[110.7706548,34.3624422],[110.7696212,34.361589],[110.7701002,34.3601045],[110.770806,34.3599102],[110.7718733,34.3579262],[110.7717556,34.3575794],[110.7707304,34.3596328],[110.7693355,34.3597784],[110.7687808,34.3628654],[110.763722,34.3640377],[110.7614027,34.363122],[110.7587808,34.3634481],[110.7564363,34.3564971],[110.7571674,34.3548877],[110.7569279,34.3503437],[110.7514324,34.3438361],[110.7510123,34.3420808],[110.7489452,34.3408805],[110.750172,34.3395831],[110.7486847,34.3404365],[110.7461722,34.3384729],[110.7443656,34.3392639],[110.7442312,34.3406307],[110.7439959,34.3407418],[110.743206,34.3370436],[110.7401054,34.3372101]]]}},{"type":"Feature","properties":{"id":"HN_RSV_012","code":"HN_RSV_012","name_cn":"鸭河口水库","city":"南阳市","city_official":"南阳市","city_spatial_primary":"南阳市","city_spatial_intersections":[{"name":"南阳市","geometry_ratio_pct":100.0}],"lon":112.631167,"lat":33.351076,"area_km2":57.64,"area_definition":"SHP水面几何的WGS84椭球面积；随边界数据时相和水位变化","center_method":"polygon_representative_point","osm_id":"392758","feature_class":"reservoir","data_source":"河南省25个省控水库/25个省控水库.shp","geometry_status":"verified-valid","online_name":"","online_display_name":"","online_center_offset_m":null,"online_validation_status":"official-city-only"},"geometry":{"type":"Polygon","coordinates":[[[112.4550757,33.3592756],[112.4555629,33.3608057],[112.4574508,33.3615438],[112.456485,33.3663087],[112.4574245,33.3665441],[112.4582645,33.3640403],[112.4639466,33.3590598],[112.4624016,33.362931],[112.4627449,33.3647948],[112.4639466,33.364508],[112.4656632,33.35949],[112.4672081,33.3587731],[112.4684098,33.361784],[112.4692681,33.357626],[112.4739029,33.3557621],[112.4739029,33.3580562],[112.4749329,33.357626],[112.4759629,33.3586297],[112.476,33.35425],[112.48125,33.35275],[112.4835,33.3545],[112.48525,33.36],[112.48425,33.3595],[112.48375,33.36075],[112.48275,33.36075],[112.483,33.36125],[112.48525,33.36075],[112.486,33.36375],[112.485,33.36475],[112.48425,33.364],[112.48125,33.3645],[112.4825,33.36475],[112.48275,33.366],[112.48625,33.365],[112.4855,33.3655],[112.489,33.36775],[112.4872925,33.3735399],[112.4843743,33.3762636],[112.4845459,33.3779837],[112.4826577,33.3804206],[112.4764778,33.3825707],[112.4763062,33.3842908],[112.4749329,33.3842908],[112.4744179,33.3857242],[112.4711563,33.3847208],[112.472358,33.3877308],[112.4699547,33.3920307],[112.4725296,33.3905974],[112.4739029,33.3880175],[112.4752762,33.3884475],[112.4752762,33.3911707],[112.472358,33.3937505],[112.4689247,33.3990533],[112.4660065,33.4063619],[112.4575951,33.4109474],[112.4570801,33.4140998],[112.4630239,33.4193117],[112.4625733,33.4166789],[112.4603417,33.4140998],[112.4603417,33.4118072],[112.4632599,33.4096578],[112.4660065,33.4098011],[112.4697831,33.4079382],[112.4697831,33.4089413],[112.4727013,33.4077949],[112.4727013,33.4060753],[112.4763062,33.404499],[112.4785378,33.4023494],[112.4804261,33.3983367],[112.4805977,33.4009163],[112.4831726,33.4040691],[112.481971,33.3973335],[112.4802544,33.3959003],[112.4802544,33.3944671],[112.4838593,33.3911707],[112.4862625,33.3948971],[112.4857476,33.391314],[112.4869492,33.3907407],[112.4874642,33.3860108],[112.4893524,33.3827141],[112.4908974,33.3875875],[112.493129,33.3890208],[112.4927857,33.3855808],[112.4905541,33.3844341],[112.4905541,33.3832874],[112.4924424,33.380564],[112.4953606,33.3808506],[112.4953606,33.377267],[112.4979355,33.3761202],[112.4985,33.372],[112.502,33.3695],[112.5035,33.37],[112.504,33.37175],[112.50475,33.37075],[112.5055,33.36725],[112.5075,33.3665],[112.505,33.366],[112.50575,33.36425],[112.50525,33.36075],[112.508,33.35825],[112.511,33.35725],[112.51075,33.35975],[112.50975,33.36025],[112.51225,33.364],[112.512,33.35875],[112.515,33.358],[112.51275,33.358],[112.51275,33.357],[112.51725,33.35575],[112.52,33.35625],[112.5195,33.35525],[112.522,33.35375],[112.52375,33.3575],[112.52475,33.358],[112.524,33.353],[112.52525,33.35375],[112.52575,33.35225],[112.52725,33.35325],[112.52775,33.3555],[112.5295,33.356],[112.52775,33.35175],[112.5285,33.35125],[112.5295,33.3535],[112.53075,33.35375],[112.52975,33.35175],[112.53175,33.352],[112.52975,33.351],[112.53025,33.35],[112.53125,33.35025],[112.531,33.3485],[112.535,33.3465],[112.5355,33.34725],[112.53375,33.34825],[112.53575,33.349],[112.53475,33.34975],[112.53625,33.35125],[112.53575,33.35275],[112.537,33.3515],[112.538,33.35275],[112.5385,33.35225],[112.53675,33.35],[112.53675,33.34625],[112.53925,33.35],[112.53875,33.34575],[112.54,33.34725],[112.54225,33.3475],[112.54,33.34475],[112.54125,33.344],[112.54375,33.34625],[112.544,33.3455],[112.5425,33.34425],[112.5435,33.3445],[112.54375,33.34275],[112.545,33.3445],[112.545,33.34325],[112.5485,33.3425],[112.547,33.34375],[112.54775,33.3445],[112.54725,33.3455],[112.5445,33.34625],[112.5465,33.3465],[112.5445,33.34925],[112.5455,33.34975],[112.5445,33.35125],[112.545,33.3525],[112.54675,33.34925],[112.54775,33.3495],[112.549,33.34525],[112.5495,33.34525],[112.5485,33.34775],[112.54975,33.35],[112.5485,33.35125],[112.54675,33.351],[112.549,33.354],[112.5475,33.354],[112.5485,33.35475],[112.54625,33.35625],[112.54625,33.3575],[112.5445,33.35725],[112.54625,33.359],[112.545,33.36],[112.543,33.3585],[112.5415,33.3595],[112.5435,33.361],[112.54,33.3665],[112.53875,33.36575],[112.54,33.3645],[112.53875,33.36025],[112.53675,33.35925],[112.53625,33.3605],[112.53275,33.361],[112.531,33.3655],[112.5315,33.3665],[112.53275,33.36425],[112.532,33.367],[112.53025,33.36875],[112.531,33.36925],[112.53275,33.36725],[112.53425,33.36325],[112.53675,33.36225],[112.536,33.36375],[112.537,33.36625],[112.53625,33.36675],[112.54,33.369],[112.539,33.37075],[112.54025,33.37275],[112.54125,33.36825],[112.543,33.36925],[112.54275,33.36825],[112.54575,33.3665],[112.5455,33.36475],[112.5465,33.36325],[112.54725,33.3685],[112.54625,33.36975],[112.5475,33.37],[112.54825,33.37325],[112.5495,33.37175],[112.54875,33.3695],[112.55,33.37025],[112.55125,33.3695],[112.549,33.368],[112.54875,33.36125],[112.55,33.36175],[112.55075,33.36425],[112.55375,33.3665],[112.5515,33.36125],[112.55275,33.361],[112.55175,33.35725],[112.5535,33.35775],[112.55225,33.35525],[112.555,33.35625],[112.55525,33.35875],[112.557,33.358],[112.55575,33.35575],[112.55725,33.3555],[112.55275,33.3535],[112.554,33.353],[112.5535,33.3515],[112.5555,33.3525],[112.5545,33.34975],[112.557,33.35175],[112.5555,33.34875],[112.55625,33.34775],[112.55725,33.35025],[112.558,33.3475],[112.5595,33.35],[112.56075,33.34825],[112.56225,33.3495],[112.5625,33.35125],[112.561,33.35125],[112.561,33.352],[112.56325,33.35175],[112.56475,33.35025],[112.56575,33.35175],[112.56475,33.35275],[112.565,33.35425],[112.56375,33.35475],[112.56475,33.35525],[112.56275,33.35675],[112.56125,33.356],[112.56225,33.3575],[112.5605,33.361],[112.56125,33.36425],[112.56,33.36525],[112.56125,33.366],[112.5605,33.36775],[112.562,33.37075],[112.56,33.37175],[112.561,33.3725],[112.55725,33.37825],[112.55175,33.382],[112.55025,33.3845],[112.55075,33.38525],[112.55225,33.3825],[112.55475,33.3815],[112.55475,33.3825],[112.55725,33.381],[112.55875,33.3825],[112.55975,33.37875],[112.56225,33.37825],[112.5635,33.37625],[112.56625,33.375],[112.568,33.3755],[112.5675,33.37225],[112.5665,33.37175],[112.56725,33.3705],[112.5665,33.37],[112.567,33.367],[112.56625,33.3645],[112.56725,33.364],[112.56925,33.36525],[112.57125,33.371],[112.5715,33.3695],[112.5735,33.3685],[112.574,33.36675],[112.57225,33.36525],[112.57275,33.3635],[112.5715,33.36475],[112.57025,33.364],[112.57025,33.361],[112.56875,33.358],[112.5695,33.356],[112.571,33.3565],[112.5715,33.35825],[112.57175,33.3575],[112.57425,33.3595],[112.57375,33.3575],[112.5775,33.358],[112.5755,33.35625],[112.57325,33.35675],[112.571,33.353],[112.57275,33.3495],[112.5765,33.3505],[112.576,33.34875],[112.57425,33.34725],[112.57075,33.34725],[112.5715,33.34525],[112.573,33.345],[112.57175,33.344],[112.57025,33.3445],[112.56825,33.343],[112.5685,33.34125],[112.5675,33.341],[112.5675,33.342],[112.5665,33.34125],[112.56575,33.34225],[112.56425,33.3415],[112.56425,33.34275],[112.5615,33.34125],[112.562,33.34],[112.564,33.341],[112.56325,33.33825],[112.56525,33.3395],[112.566,33.339],[112.56525,33.337],[112.56675,33.33825],[112.567,33.33675],[112.569,33.33575],[112.56875,33.3365],[112.571,33.33875],[112.57225,33.33575],[112.573,33.3365],[112.5715,33.339],[112.572,33.33975],[112.5735,33.33875],[112.573,33.3405],[112.575,33.3425],[112.575,33.3385],[112.578,33.341],[112.57825,33.34375],[112.57875,33.34175],[112.58175,33.34325],[112.5815,33.342],[112.577,33.3385],[112.57775,33.3375],[112.5765,33.33675],[112.57575,33.33425],[112.57675,33.335],[112.578,33.33425],[112.57825,33.337],[112.5795,33.33575],[112.58025,33.33925],[112.58025,33.338],[112.582,33.3385],[112.581,33.3365],[112.58175,33.33525],[112.58475,33.33725],[112.58525,33.3395],[112.5865,33.3385],[112.586,33.33675],[112.58475,33.33675],[112.5835,33.33475],[112.5805,33.3335],[112.5795,33.33175],[112.5815,33.33275],[112.582,33.3315],[112.58275,33.33175],[112.5835,33.3335],[112.585,33.334],[112.58425,33.33175],[112.58725,33.33275],[112.585,33.32925],[112.58675,33.33025],[112.58675,33.32775],[112.588,33.33075],[112.58875,33.33025],[112.58925,33.331],[112.58925,33.32725],[112.5915,33.3295],[112.5905,33.3315],[112.5895,33.3315],[112.58975,33.33275],[112.58825,33.33425],[112.589,33.33475],[112.588,33.3355],[112.59,33.33825],[112.59,33.34225],[112.59175,33.338],[112.5905,33.3345],[112.5925,33.3345],[112.59175,33.33375],[112.59225,33.332],[112.5945,33.332],[112.594,33.33375],[112.5955,33.3345],[112.59425,33.3365],[112.596,33.33675],[112.59725,33.334],[112.598,33.33525],[112.59875,33.33475],[112.59925,33.3315],[112.6015,33.33075],[112.60325,33.33275],[112.60075,33.33125],[112.60025,33.33175],[112.60125,33.333],[112.6005,33.33525],[112.60125,33.3375],[112.599,33.343],[112.5975,33.344],[112.59925,33.34425],[112.599,33.3495],[112.60175,33.34225],[112.604,33.34525],[112.6025,33.34],[112.60375,33.34],[112.6025,33.33875],[112.60375,33.3345],[112.6055,33.33675],[112.606,33.336],[112.6105,33.33875],[112.61,33.33725],[112.6065,33.33475],[112.608,33.3345],[112.606,33.334],[112.60525,33.32925],[112.60725,33.33125],[112.60775,33.33],[112.604,33.32575],[112.60625,33.3265],[112.60675,33.32775],[112.60725,33.3265],[112.609,33.3275],[112.60675,33.3235],[112.609,33.32175],[112.608,33.321],[112.60825,33.3185],[112.6095,33.31975],[112.6095,33.32375],[112.61125,33.32075],[112.61275,33.32325],[112.61275,33.32675],[112.6135,33.32475],[112.61525,33.32525],[112.61425,33.322],[112.61525,33.32225],[112.613,33.32],[112.61275,33.31675],[112.614,33.3175],[112.61425,33.31925],[112.615,33.318],[112.61725,33.319],[112.6145,33.31525],[112.616,33.314],[112.6145,33.31325],[112.61525,33.3125],[112.6185,33.31575],[112.61775,33.31625],[112.61925,33.31775],[112.61775,33.31825],[112.618,33.31925],[112.62025,33.3195],[112.61825,33.3205],[112.619,33.32125],[112.618,33.32175],[112.618,33.323],[112.61875,33.32225],[112.61975,33.3245],[112.6205,33.321],[112.62175,33.32425],[112.62,33.3255],[112.62075,33.32775],[112.619,33.3265],[112.61875,33.32825],[112.616,33.328],[112.617,33.329],[112.6195,33.329],[112.62,33.33075],[112.615,33.33],[112.6175,33.33175],[112.616,33.33325],[112.61425,33.333],[112.614,33.33525],[112.61625,33.335],[112.6175,33.3335],[112.61825,33.3355],[112.61925,33.3325],[112.6205,33.33275],[112.6215,33.33125],[112.62225,33.33175],[112.6195,33.33375],[112.621,33.3365],[112.62075,33.33775],[112.6195,33.338],[112.62,33.34025],[112.619,33.33925],[112.61575,33.3395],[112.61725,33.34125],[112.614,33.34275],[112.61475,33.344],[112.6165,33.343],[112.61625,33.348],[112.618,33.34425],[112.61925,33.344],[112.61875,33.34175],[112.6205,33.34425],[112.62175,33.344],[112.62175,33.34575],[112.62275,33.346],[112.62325,33.34775],[112.622,33.34875],[112.6205,33.3485],[112.62,33.3505],[112.62075,33.35175],[112.61875,33.354],[112.6175,33.3545],[112.617,33.3535],[112.617,33.3545],[112.616,33.35475],[112.61675,33.355],[112.6165,33.356],[112.61325,33.3575],[112.613,33.35975],[112.61375,33.36025],[112.617,33.35725],[112.61825,33.35775],[112.621,33.35475],[112.62175,33.35525],[112.6205,33.3585],[112.62175,33.35825],[112.62225,33.35675],[112.62475,33.36075],[112.624,33.364],[112.62175,33.36625],[112.62525,33.364],[112.62525,33.3655],[112.62675,33.3655],[112.628,33.36425],[112.6275,33.36325],[112.62925,33.362],[112.63275,33.36425],[112.63125,33.36575],[112.63225,33.3685],[112.63175,33.371],[112.635,33.367],[112.63775,33.37275],[112.647515,33.3736058],[112.649796,33.3763228],[112.6501393,33.3795123],[112.64725,33.3855],[112.64475,33.3865],[112.6445,33.3875],[112.64625,33.391],[112.65175,33.39425],[112.647,33.3905],[112.64575,33.3875],[112.65,33.38475],[112.65325,33.38],[112.655,33.38],[112.65475,33.37775],[112.6565,33.378],[112.6553198,33.3706102],[112.651062,33.3693879],[112.64925,33.3705],[112.64275,33.3715],[112.63925,33.36925],[112.64025,33.36875],[112.6395,33.3675],[112.64075,33.367],[112.6385,33.3665],[112.63925,33.365],[112.638,33.364],[112.64075,33.355],[112.6425,33.35475],[112.64075,33.3525],[112.642,33.35125],[112.63725,33.34675],[112.63225,33.3445],[112.62975,33.33975],[112.63025,33.33875],[112.63175,33.33975],[112.63225,33.3385],[112.634,33.3415],[112.6385,33.343],[112.639,33.34225],[112.64025,33.3435],[112.641,33.343],[112.64025,33.3415],[112.641,33.34],[112.6425,33.3405],[112.64325,33.3395],[112.64475,33.3395],[112.64525,33.3405],[112.6475,33.341],[112.646,33.33875],[112.64475,33.3385],[112.64625,33.3365],[112.64275,33.33675],[112.642,33.339],[112.64075,33.338],[112.638,33.3405],[112.635,33.334],[112.6335,33.334],[112.633,33.33525],[112.63125,33.33575],[112.632,33.33225],[112.6335,33.33375],[112.63375,33.3325],[112.6375,33.33475],[112.6355,33.331],[112.6365,33.3315],[112.63725,33.33075],[112.6395,33.3325],[112.63925,33.3305],[112.642,33.3305],[112.6425,33.329],[112.6415,33.32825],[112.63825,33.3295],[112.6345,33.32775],[112.6355,33.325],[112.637,33.327],[112.638,33.32575],[112.64,33.327],[112.64075,33.3255],[112.63825,33.323],[112.64125,33.32275],[112.63925,33.32125],[112.64025,33.32075],[112.64,33.3195],[112.64225,33.32],[112.6415,33.31875],[112.6385,33.31875],[112.638,33.31775],[112.6405,33.3175],[112.6375542,33.3147357],[112.640324,33.3146226],[112.6393285,33.312129],[112.637,33.31125],[112.6376922,33.3093919],[112.63525,33.3085],[112.63575,33.30725],[112.63375,33.30375],[112.63225,33.30475],[112.63225,33.3035],[112.6299407,33.3008533],[112.6173979,33.2910134],[112.6161104,33.2891411],[112.6160267,33.2868929],[112.6148536,33.2866223],[112.61425,33.28925],[112.6133672,33.2874928],[112.61,33.287],[112.6104083,33.2854515],[112.6131509,33.2839601],[112.6109395,33.2836961],[112.608001,33.2848263],[112.6080923,33.2828541],[112.6075,33.28425],[112.6056939,33.2838904],[112.606,33.2845],[112.60475,33.28475],[112.60775,33.2865],[112.60775,33.28875],[112.60675,33.287],[112.6055,33.28825],[112.6035,33.28625],[112.603,33.28725],[112.605,33.28925],[112.60325,33.2885],[112.59925,33.2905],[112.5985,33.2895],[112.6005,33.28875],[112.59875,33.28825],[112.598,33.2865],[112.59725,33.28825],[112.59425,33.28975],[112.59775,33.292],[112.597,33.295],[112.599,33.29225],[112.6,33.29475],[112.6005,33.29275],[112.6015,33.293],[112.60275,33.2955],[112.60175,33.29475],[112.6,33.29575],[112.60025,33.297],[112.60225,33.297],[112.6015,33.29875],[112.6,33.29675],[112.599,33.29825],[112.59825,33.2965],[112.596,33.29625],[112.598,33.3],[112.597,33.3],[112.5955,33.29725],[112.59475,33.298],[112.594,33.29725],[112.59525,33.2965],[112.59375,33.295],[112.594,33.29325],[112.593,33.29425],[112.5915,33.29375],[112.59125,33.29475],[112.5925,33.2955],[112.59225,33.2985],[112.5915,33.29825],[112.59125,33.2955],[112.59075,33.296],[112.5895,33.29475],[112.5885,33.2955],[112.5885,33.29325],[112.58675,33.29125],[112.586,33.2915],[112.587,33.293],[112.58625,33.296],[112.5845,33.29375],[112.584,33.29525],[112.5795,33.294],[112.584,33.29725],[112.58325,33.29875],[112.582,33.29875],[112.58275,33.2995],[112.5815,33.3015],[112.57975,33.30075],[112.5785,33.30075],[112.5785,33.3015],[112.5815,33.303],[112.58425,33.3005],[112.58425,33.2995],[112.58575,33.2995],[112.586,33.3005],[112.58675,33.29875],[112.588,33.2995],[112.58825,33.3025],[112.5875,33.30375],[112.58625,33.30325],[112.5865,33.30425],[112.5875,33.30475],[112.5895,33.30375],[112.59025,33.30175],[112.5915,33.3025],[112.591,33.304],[112.59375,33.30275],[112.59225,33.30475],[112.593,33.30675],[112.59125,33.30675],[112.5905,33.30425],[112.58825,33.3065],[112.58875,33.3075],[112.5875,33.307],[112.58625,33.30775],[112.58625,33.309],[112.58475,33.3055],[112.58325,33.3075],[112.58425,33.308],[112.5835,33.309],[112.58175,33.308],[112.5815,33.30575],[112.581,33.307],[112.57925,33.30625],[112.5785,33.3075],[112.58075,33.309],[112.581,33.31025],[112.582,33.31],[112.58125,33.311],[112.582,33.31175],[112.58,33.3115],[112.5795,33.3105],[112.57825,33.31125],[112.5785,33.31225],[112.57725,33.3115],[112.5775,33.3105],[112.57475,33.3095],[112.5765,33.30875],[112.57525,33.30775],[112.57575,33.30575],[112.57375,33.307],[112.57125,33.3045],[112.57025,33.305],[112.56875,33.303],[112.56875,33.305],[112.573,33.3085],[112.57125,33.31025],[112.57175,33.311],[112.57325,33.31025],[112.574,33.31225],[112.575,33.312],[112.57525,33.314],[112.5775,33.3155],[112.57625,33.316],[112.575,33.3145],[112.572,33.3135],[112.572,33.31225],[112.57075,33.31125],[112.56875,33.3115],[112.567,33.30975],[112.56575,33.31025],[112.5655,33.311],[112.569,33.313],[112.56875,33.31425],[112.57,33.3135],[112.5705,33.31575],[112.57125,33.31525],[112.57475,33.318],[112.57275,33.31825],[112.57325,33.319],[112.5715,33.31725],[112.569,33.319],[112.56775,33.3165],[112.567,33.31775],[112.56475,33.317],[112.56525,33.3165],[112.56425,33.3155],[112.5635,33.316],[112.5635,33.31475],[112.5605,33.31225],[112.55975,33.3135],[112.561,33.314],[112.56325,33.31775],[112.56275,33.31925],[112.564,33.31875],[112.564,33.31975],[112.56525,33.319],[112.56675,33.31975],[112.5665,33.32125],[112.56525,33.32175],[112.5665,33.3225],[112.56775,33.321],[112.56925,33.323],[112.56825,33.3225],[112.56625,33.324],[112.5645,33.3225],[112.56375,33.324],[112.56325,33.32225],[112.56075,33.321],[112.55975,33.31875],[112.55975,33.32175],[112.563,33.32525],[112.5615,33.32675],[112.5605,33.324],[112.55775,33.3235],[112.557,33.324],[112.55975,33.325],[112.559,33.3255],[112.5595,33.32675],[112.558,33.3265],[112.55825,33.32825],[112.55575,33.3285],[112.5545,33.327],[112.55425,33.322],[112.553,33.32675],[112.55125,33.325],[112.55275,33.32425],[112.5515,33.3235],[112.55175,33.3225],[112.5505,33.32325],[112.54975,33.322],[112.551,33.32175],[112.55025,33.32125],[112.55075,33.32025],[112.54975,33.31675],[112.55125,33.3155],[112.552,33.31675],[112.55275,33.31425],[112.5505,33.31525],[112.5495,33.31375],[112.54875,33.31575],[112.54675,33.3135],[112.544,33.31375],[112.5435,33.31175],[112.542,33.31075],[112.54325,33.31425],[112.54575,33.315],[112.54425,33.3165],[112.54725,33.3175],[112.546,33.31875],[112.547,33.3195],[112.54525,33.3205],[112.54775,33.32075],[112.54575,33.32275],[112.54775,33.3225],[112.5485,33.3255],[112.5475,33.326],[112.54625,33.32425],[112.54275,33.32375],[112.54425,33.32475],[112.544,33.32575],[112.54625,33.327],[112.54725,33.3295],[112.548,33.3275],[112.54875,33.328],[112.54825,33.32975],[112.54975,33.331],[112.5465,33.33275],[112.54525,33.3315],[112.5465,33.3315],[112.545,33.3305],[112.54525,33.3285],[112.544,33.329],[112.53975,33.32575],[112.53975,33.32025],[112.53575,33.32],[112.535,33.317],[112.533,33.3195],[112.53425,33.3195],[112.53625,33.32175],[112.53725,33.325],[112.536,33.326],[112.53775,33.32675],[112.53525,33.328],[112.534,33.32725],[112.5315,33.3295],[112.5375,33.32875],[112.53775,33.33025],[112.5365,33.33175],[112.53825,33.3315],[112.539,33.33025],[112.53925,33.33125],[112.541,33.33175],[112.54025,33.33325],[112.542,33.332],[112.5435,33.33475],[112.542,33.33375],[112.5405,33.33425],[112.541,33.3355],[112.53925,33.336],[112.5385,33.3345],[112.53675,33.3345],[112.536,33.335],[112.53775,33.336],[112.5375,33.33675],[112.5365,33.3365],[112.5365,33.33775],[112.5345,33.337],[112.53425,33.3345],[112.533,33.33425],[112.53375,33.3355],[112.5325,33.33675],[112.53375,33.33725],[112.5335,33.3385],[112.53425,33.338],[112.535,33.33875],[112.53225,33.34],[112.5305,33.336],[112.5285,33.3345],[112.52825,33.33575],[112.53025,33.338],[112.5285,33.33875],[112.52925,33.34025],[112.5305,33.33975],[112.5315,33.341],[112.52625,33.344],[112.52425,33.3435],[112.525,33.3425],[112.52325,33.3425],[112.525,33.3415],[112.52325,33.34125],[112.52325,33.3395],[112.52475,33.3395],[112.524,33.33775],[112.5235,33.3385],[112.5225,33.338],[112.52025,33.33625],[112.52,33.335],[112.51925,33.337],[112.5215,33.33925],[112.51975,33.34025],[112.52175,33.34125],[112.5195,33.34275],[112.522,33.343],[112.5235,33.346],[112.52125,33.3465],[112.51975,33.345],[112.51975,33.34675],[112.51575,33.3455],[112.5168765,33.3450309],[112.5166661,33.3436603],[112.5150555,33.3446593],[112.5130957,33.3441806],[112.5151054,33.3434452],[112.5136521,33.3407257],[112.514823,33.3377978],[112.5137932,33.3366947],[112.5128465,33.3388594],[112.5117337,33.3374648],[112.512315,33.33879],[112.5104548,33.3397058],[112.5114264,33.3403926],[112.5110527,33.3411419],[112.5080381,33.3415859],[112.5099399,33.3428764],[112.5123815,33.3426474],[112.5130126,33.345249],[112.512232,33.3457485],[112.51425,33.3465],[112.5132325,33.3472359],[112.5103551,33.3461231],[112.5109448,33.3476771],[112.5128745,33.3486066],[112.51525,33.34725],[112.51725,33.348],[112.5150157,33.3493332],[112.5128548,33.3489813],[112.51325,33.35025],[112.5088603,33.3503479],[112.5106126,33.3509792],[112.5099316,33.3514648],[112.5109445,33.3522559],[112.509,33.35375],[112.5058623,33.3546349],[112.5042583,33.3533405],[112.5021917,33.3544268],[112.5048242,33.3526995],[112.5042263,33.3519989],[112.5052727,33.3515619],[112.5043343,33.3502508],[112.5058872,33.3480725],[112.5039273,33.3492102],[112.5030138,33.3468307],[112.5027564,33.3497582],[112.5009377,33.3489882],[112.5028644,33.3508543],[112.5012366,33.350889],[112.5021668,33.3515896],[112.4997999,33.352318],[112.4994678,33.3504797],[112.4972836,33.3493351],[112.4948089,33.3455751],[112.4957971,33.3450478],[112.4941196,33.3434106],[112.4964117,33.3418079],[112.4945929,33.3401776],[112.4947839,33.3387345],[112.4931147,33.3404828],[112.494186,33.3416692],[112.4928074,33.3432787],[112.4909306,33.3436742],[112.4931562,33.3443124],[112.4935632,33.346914],[112.496586,33.350008],[112.4954566,33.3507849],[112.4972587,33.3503271],[112.4988117,33.3538164],[112.499692,33.3546002],[112.5019259,33.3541979],[112.5025,33.35625],[112.50025,33.3575],[112.4989113,33.3555922],[112.4979812,33.3557517],[112.4989113,33.3566743],[112.49825,33.35775],[112.4957932,33.3572714],[112.4945514,33.3597887],[112.4910484,33.3611607],[112.4900178,33.3658241],[112.48825,33.3655],[112.4879205,33.3617519],[112.48625,33.35925],[112.4875883,33.358686],[112.4858112,33.3585126],[112.4858942,33.3559114],[112.48475,33.356],[112.4824593,33.3529168],[112.4820658,33.3505146],[112.4779896,33.3514513],[112.4776892,33.3526581],[112.468836,33.356354],[112.4611298,33.3570906],[112.4550757,33.3592756]],[[112.59175,33.3245],[112.59275,33.324],[112.5935,33.32425],[112.59275,33.32475],[112.59325,33.32525],[112.59575,33.3255],[112.59625,33.32625],[112.595,33.327],[112.59625,33.3275],[112.59625,33.3285],[112.59175,33.3245]],[[112.59575,33.322],[112.59625,33.3215],[112.598,33.3235],[112.5975,33.3245],[112.59575,33.322]],[[112.6015,33.29175],[112.60325,33.29175],[112.60475,33.2935],[112.605,33.29225],[112.607,33.29275],[112.6065,33.29425],[112.606,33.29325],[112.605,33.29425],[112.6015,33.29175]]]}},{"type":"Feature","properties":{"id":"HN_RSV_013","code":"HN_RSV_013","name_cn":"五岳水库","city":"信阳市","city_official":"信阳市","city_spatial_primary":"信阳市","city_spatial_intersections":[{"name":"信阳市","geometry_ratio_pct":100.0}],"lon":114.645351,"lat":31.852375,"area_km2":9.5,"area_definition":"SHP水面几何的WGS84椭球面积；随边界数据时相和水位变化","center_method":"polygon_representative_point","osm_id":"2201728","feature_class":"reservoir","data_source":"河南省25个省控水库/25个省控水库.shp","geometry_status":"verified-valid","online_name":"五岳水库","online_display_name":"五岳水库, 殷棚乡, 光山县, 信阳市, 河南省, 中国","online_center_offset_m":0.0,"online_validation_status":"matched-by-osm-id"},"geometry":{"type":"Polygon","coordinates":[[[114.6046556,31.8353499],[114.6055132,31.8370182],[114.6079859,31.8378411],[114.6142227,31.842485],[114.6172546,31.8429015],[114.6192937,31.8420628],[114.6210488,31.8438358],[114.6178428,31.8452387],[114.618,31.847],[114.6165,31.8465],[114.61325,31.8485],[114.612,31.8495],[114.61275,31.85],[114.61425,31.8485],[114.61925,31.84825],[114.6214997,31.8457252],[114.623,31.846],[114.625,31.84825],[114.628,31.84825],[114.63025,31.8515],[114.63075,31.84975],[114.63375,31.85025],[114.63175,31.851],[114.6305,31.85425],[114.6295,31.8535],[114.629,31.855],[114.62675,31.85425],[114.627,31.85325],[114.6255,31.8515],[114.626,31.85425],[114.62475,31.8565],[114.62175,31.856],[114.62125,31.85375],[114.62025,31.85625],[114.6175,31.855],[114.61825,31.8565],[114.6175,31.8575],[114.6150136,31.8568173],[114.6102546,31.859622],[114.6127908,31.8593686],[114.6132383,31.8614382],[114.6143324,31.8621139],[114.6154761,31.8645635],[114.6144815,31.8662529],[114.6126416,31.8659995],[114.6139345,31.867351],[114.6155756,31.8667175],[114.6177139,31.8640567],[114.6167193,31.8632965],[114.6168188,31.8613114],[114.6152275,31.8608469],[114.6159237,31.8592419],[114.62325,31.85925],[114.62175,31.861],[114.62225,31.8615],[114.621,31.86175],[114.6225,31.86275],[114.623,31.865],[114.62375,31.864],[114.62325,31.86125],[114.62375,31.8605],[114.6245,31.86125],[114.6255,31.85875],[114.62775,31.85875],[114.6293006,31.8612692],[114.63,31.85775],[114.63075,31.8575],[114.632,31.86075],[114.63275,31.8585],[114.6320362,31.8568515],[114.63125,31.857],[114.63125,31.856],[114.62975,31.857],[114.6305,31.8555],[114.6315,31.8555],[114.63175,31.85675],[114.63325,31.85675],[114.63225,31.856],[114.6325,31.85475],[114.6345,31.857],[114.634,31.8545],[114.6345,31.855],[114.63525,31.85375],[114.63575,31.855],[114.6365,31.8545],[114.6355,31.85225],[114.63925,31.8535],[114.63725,31.85475],[114.63875,31.8555],[114.63775,31.85625],[114.6375,31.85975],[114.639,31.85925],[114.6385,31.85875],[114.64125,31.8545],[114.6415,31.85575],[114.64475,31.856],[114.6425,31.858],[114.64125,31.858],[114.643,31.859],[114.6427913,31.8601495],[114.6445,31.858],[114.6455,31.859],[114.6465,31.8575],[114.64575,31.859],[114.6465,31.85975],[114.6445,31.8605],[114.6435,31.86475],[114.64475,31.8645],[114.64575,31.86175],[114.6476165,31.8611005],[114.6485922,31.8621495],[114.65025,31.862],[114.65025,31.86325],[114.65125,31.863],[114.64775,31.864],[114.6470121,31.867183],[114.6489272,31.8654742],[114.6514613,31.8654639],[114.64875,31.8685],[114.64575,31.869],[114.6435,31.867],[114.64125,31.8685],[114.63875,31.8685],[114.64125,31.86925],[114.6409708,31.870482],[114.63825,31.87225],[114.6385852,31.8737086],[114.6357293,31.8787273],[114.6314295,31.8781583],[114.6295919,31.8793866],[114.6289862,31.8839022],[114.6273087,31.8849977],[114.6258255,31.8836099],[114.6265088,31.8855094],[114.629382,31.8848813],[114.6305865,31.8798933],[114.6320286,31.8788799],[114.6356205,31.879771],[114.6364756,31.8792307],[114.64,31.87375],[114.64325,31.87125],[114.6456991,31.8715981],[114.6466165,31.8737886],[114.647,31.872],[114.64875,31.87175],[114.6495,31.87275],[114.651,31.872],[114.65125,31.87075],[114.652,31.8725],[114.6535,31.871],[114.65425,31.873],[114.654,31.875],[114.65275,31.87575],[114.6535,31.881],[114.65425,31.87725],[114.65525,31.87675],[114.65475,31.87425],[114.656,31.87425],[114.65525,31.87325],[114.65625,31.873],[114.656,31.87075],[114.65725,31.87075],[114.65625,31.86875],[114.659,31.871],[114.6595,31.8705],[114.65775,31.86725],[114.66075,31.86725],[114.65825,31.866],[114.659,31.8645],[114.6555,31.86375],[114.65725,31.86325],[114.6562958,31.8616633],[114.6571309,31.8596301],[114.65475,31.8545],[114.65375,31.855],[114.6526688,31.853727],[114.6553565,31.8533964],[114.65275,31.851],[114.65425,31.85025],[114.6545,31.851],[114.65525,31.8505],[114.6545,31.84975],[114.65575,31.8495],[114.65375,31.84875],[114.65425,31.8475],[114.6555,31.84725],[114.656,31.8485],[114.6565,31.8475],[114.65775,31.84775],[114.65625,31.84675],[114.658,31.8445],[114.6565,31.84425],[114.656,31.845],[114.65525,31.844],[114.655,31.84525],[114.655,31.84375],[114.65725,31.84375],[114.6565,31.84275],[114.657,31.84175],[114.6585,31.84275],[114.6575,31.8405],[114.6585,31.8415],[114.65825,31.8395],[114.66025,31.83975],[114.66225,31.838],[114.6595,31.8375],[114.65575,31.839],[114.65675,31.83675],[114.65725,31.83725],[114.65975,31.83575],[114.659,31.83525],[114.65725,31.83625],[114.65675,31.83475],[114.65575,31.83625],[114.655,31.835],[114.656,31.834],[114.6555,31.833],[114.65975,31.83125],[114.6535,31.832],[114.654,31.83025],[114.6555,31.82925],[114.65525,31.828],[114.65575,31.8285],[114.65825,31.82475],[114.65275,31.829],[114.65,31.824],[114.6495,31.8255],[114.6485,31.82475],[114.64875,31.82275],[114.6499932,31.8215821],[114.648129,31.8212468],[114.647907,31.8192031],[114.6471864,31.8191285],[114.6463251,31.8201665],[114.6477312,31.8213016],[114.6463857,31.8219516],[114.6475,31.8225],[114.6465,31.82625],[114.6455,31.82675],[114.64725,31.82725],[114.6475,31.829],[114.65025,31.8305],[114.64775,31.83125],[114.64475,31.82975],[114.64425,31.83125],[114.64025,31.83075],[114.647,31.83325],[114.6475,31.8345],[114.645,31.83725],[114.64675,31.8375],[114.64775,31.839],[114.64475,31.84025],[114.647,31.8415],[114.6465,31.84225],[114.64475,31.8415],[114.644,31.843],[114.6445,31.8445],[114.646,31.843],[114.647,31.844],[114.64625,31.8455],[114.64775,31.84525],[114.64725,31.84575],[114.649,31.847],[114.64625,31.848],[114.647,31.84925],[114.64525,31.84775],[114.644,31.849],[114.64525,31.84925],[114.6445,31.85075],[114.643,31.8505],[114.64275,31.84925],[114.64175,31.84975],[114.64325,31.8465],[114.642,31.84775],[114.6415,31.847],[114.6405,31.84775],[114.641,31.84875],[114.64,31.849],[114.6395,31.848],[114.63925,31.8495],[114.63775,31.849],[114.63825,31.8475],[114.64075,31.847],[114.6375,31.84675],[114.6385,31.84475],[114.64125,31.8435],[114.641,31.8425],[114.6385,31.84275],[114.64025,31.841],[114.6385,31.84125],[114.63925,31.83875],[114.63775,31.83625],[114.63675,31.83675],[114.638,31.8395],[114.63675,31.84],[114.63775,31.841],[114.636,31.841],[114.637,31.84175],[114.6355,31.84425],[114.63675,31.84425],[114.63575,31.8455],[114.63625,31.8465],[114.6345,31.84675],[114.635,31.845],[114.63325,31.84175],[114.6325,31.842],[114.63325,31.84325],[114.63175,31.84325],[114.63325,31.8445],[114.63175,31.84475],[114.6335,31.846],[114.6315,31.84675],[114.6325,31.84725],[114.631,31.847],[114.63025,31.8455],[114.62875,31.84525],[114.62825,31.84425],[114.62975,31.8435],[114.62775,31.84325],[114.6295,31.8415],[114.62825,31.84025],[114.627,31.84175],[114.62675,31.845],[114.626,31.84375],[114.62425,31.844],[114.626,31.8415],[114.6245,31.83975],[114.62575,31.83875],[114.6268639,31.8326711],[114.62375,31.83375],[114.62275,31.83525],[114.62325,31.83775],[114.62225,31.838],[114.62275,31.8405],[114.622,31.84125],[114.6194431,31.8384907],[114.6184852,31.8386475],[114.6192234,31.8384384],[114.6192234,31.835743],[114.6180369,31.8391104],[114.6197068,31.8410292],[114.617035,31.8414099],[114.6131417,31.8394389],[114.6117774,31.8376096],[114.6101865,31.8371186],[114.6083834,31.8380234],[114.6094035,31.8365536],[114.6065622,31.8367692],[114.6046556,31.8353499]],[[114.6513833,31.8556438],[114.6536464,31.8570891],[114.6531614,31.8581441],[114.6526595,31.857884],[114.6513833,31.8556438]]]}},{"type":"Feature","properties":{"id":"HN_RSV_014","code":"HN_RSV_014","name_cn":"白龟山水库","city":"平顶山市","city_official":"平顶山市","city_spatial_primary":"平顶山市","city_spatial_intersections":[{"name":"平顶山市","geometry_ratio_pct":100.0}],"lon":113.147176,"lat":33.736717,"area_km2":58.32,"area_definition":"SHP水面几何的WGS84椭球面积；随边界数据时相和水位变化","center_method":"polygon_representative_point","osm_id":"10041652","feature_class":"reservoir","data_source":"河南省25个省控水库/25个省控水库.shp","geometry_status":"verified-valid","online_name":"白龟山水库","online_display_name":"白龟山水库, 平顶山市, 河南省, 中国","online_center_offset_m":1687.1,"online_validation_status":"matched-by-osm-id"},"geometry":{"type":"Polygon","coordinates":[[[113.0583436,33.7451739],[113.0641237,33.7447295],[113.0841715,33.7507724],[113.0847294,33.751825],[113.0919391,33.7500409],[113.0921966,33.7507189],[113.0936343,33.7503799],[113.0932051,33.7514504],[113.1011016,33.7509686],[113.1038052,33.7528241],[113.1039769,33.7537518],[113.09887,33.758087],[113.0967027,33.7585151],[113.0925185,33.7575161],[113.0921752,33.7594785],[113.0930764,33.7597104],[113.0966384,33.7590503],[113.1030971,33.7597639],[113.1033117,33.7581227],[113.1083113,33.7554645],[113.1092555,33.7559819],[113.1083972,33.7582654],[113.1100709,33.7569988],[113.1112296,33.7573377],[113.1126887,33.7542692],[113.1121308,33.7505583],[113.113826,33.7498446],[113.1199843,33.7510578],[113.1218726,33.7527706],[113.1218082,33.7541978],[113.1239754,33.7542335],[113.12522,33.7562138],[113.1265504,33.7561781],[113.1260568,33.7578372],[113.1302411,33.7571236],[113.1313998,33.7553396],[113.136099,33.7559105],[113.1402618,33.7551612],[113.1472474,33.7596796],[113.1445936,33.7596707],[113.1450254,33.7635993],[113.1476433,33.7626003],[113.1484157,33.7593893],[113.1557972,33.7555359],[113.1581146,33.7575696],[113.1560478,33.7632263],[113.1557274,33.7677734],[113.1570455,33.7686352],[113.1645358,33.7691246],[113.1713325,33.7662661],[113.1741478,33.7633427],[113.1831824,33.7597545],[113.1856931,33.75959],[113.1855697,33.7583189],[113.1887562,33.7574091],[113.1903172,33.754122],[113.1931442,33.7529579],[113.1959606,33.7475163],[113.2020921,33.7418691],[113.2067109,33.7397101],[113.208803,33.7396833],[113.2098329,33.73789],[113.2146448,33.7344327],[113.2158894,33.7344996],[113.2146717,33.7356328],[113.2162434,33.7349591],[113.217783,33.7315151],[113.228603,33.7268439],[113.2290698,33.7255947],[113.2307864,33.7254519],[113.2297886,33.7247024],[113.2356412,33.7234576],[113.2385111,33.7218379],[113.2388491,33.7266655],[113.2402599,33.7283653],[113.2414723,33.7273213],[113.2414991,33.7288918],[113.2427115,33.7279683],[113.2417781,33.726719],[113.242572,33.7234531],[113.2461568,33.720724],[113.2408125,33.7089245],[113.2393018,33.7074911],[113.2295686,33.7048546],[113.2235605,33.7042834],[113.2182819,33.7075322],[113.2094413,33.7083176],[113.1709463,33.7162426],[113.1571275,33.7173849],[113.1571275,33.7212468],[113.1553879,33.7229619],[113.1546241,33.7181125],[113.1553251,33.7165639],[113.1505186,33.7156358],[113.1457979,33.7168852],[113.1338674,33.7145649],[113.111251,33.7189199],[113.1144268,33.7198479],[113.1207353,33.7197052],[113.1188041,33.7232746],[113.1151993,33.7254519],[113.1085045,33.7229891],[113.1021101,33.72381],[113.1024534,33.7254876],[113.1000501,33.7269867],[113.0964452,33.7322333],[113.0919391,33.7335539],[113.0895359,33.7328758],[113.0821115,33.7370514],[113.0741293,33.7384432],[113.0669624,33.7370514],[113.0644838,33.7357278],[113.0597978,33.7357159],[113.0588943,33.7382291],[113.0593342,33.7401919],[113.0613834,33.7419316],[113.0583436,33.7451739]],[[113.1592119,33.7252588],[113.1598395,33.72413],[113.1607354,33.7256559],[113.1636429,33.7258031],[113.1648338,33.7303047],[113.1693613,33.730559],[113.1630635,33.7313799],[113.1592119,33.7252588]],[[113.1721146,33.7302557],[113.174082,33.7302378],[113.1737857,33.7288726],[113.1765738,33.7296578],[113.1789965,33.7282882],[113.1762734,33.7307497],[113.1770606,33.7311792],[113.1728053,33.7313197],[113.1721146,33.7302557]],[[113.1796128,33.7285999],[113.1799239,33.7277076],[113.1816827,33.7280272],[113.1841973,33.7268108],[113.1868091,33.7272866],[113.1840585,33.7288994],[113.1796128,33.7285999]]]}},{"type":"Feature","properties":{"id":"HN_RSV_015","code":"HN_RSV_015","name_cn":"尖岗水库","city":"郑州市","city_official":"郑州市","city_spatial_primary":"郑州市","city_spatial_intersections":[{"name":"郑州市","geometry_ratio_pct":100.0}],"lon":113.548906,"lat":34.680325,"area_km2":1.19,"area_definition":"SHP水面几何的WGS84椭球面积；随边界数据时相和水位变化","center_method":"polygon_representative_point","osm_id":"10268686","feature_class":"reservoir","data_source":"河南省25个省控水库/25个省控水库.shp","geometry_status":"verified-valid","online_name":"尖岗水库","online_display_name":"尖岗水库, 马寨镇, 二七区, 郑州市, 河南省, 中国","online_center_offset_m":0.0,"online_validation_status":"matched-by-osm-id"},"geometry":{"type":"Polygon","coordinates":[[[113.5393077,34.6796289],[113.5459408,34.6784334],[113.5464612,34.6804693],[113.5531989,34.6818854],[113.5543428,34.6806744],[113.5556788,34.6829691],[113.5619842,34.6816923],[113.562936,34.6832016],[113.5618383,34.6852719],[113.5643534,34.6859656],[113.565253,34.685315],[113.5666475,34.6877738],[113.5662355,34.6886398],[113.5634518,34.6884637],[113.5631103,34.6906747],[113.5663283,34.6929823],[113.5697146,34.6932238],[113.5700472,34.6940199],[113.5741103,34.6936146],[113.5720044,34.6904166],[113.5683703,34.6909386],[113.5673422,34.68994],[113.568586,34.6886266],[113.568763,34.6856308],[113.5718202,34.6821288],[113.5712032,34.6787353],[113.5736541,34.6773371],[113.5741862,34.674562],[113.5728321,34.6724693],[113.5745936,34.669917],[113.5740811,34.6666632],[113.5731451,34.6668347],[113.5734951,34.6687946],[113.5718459,34.6713243],[113.5718052,34.6735007],[113.5731892,34.6751395],[113.5695396,34.6783601],[113.5702056,34.6811687],[113.5673649,34.6862517],[113.5656769,34.6841165],[113.564102,34.6841068],[113.5652272,34.6817414],[113.5615862,34.6797802],[113.5615264,34.6788739],[113.5610821,34.6801746],[113.5569372,34.6819466],[113.5544206,34.6796538],[113.5478003,34.6800427],[113.5486054,34.6788558],[113.5481349,34.6774806],[113.5393077,34.6796289]]]}},{"type":"Feature","properties":{"id":"HN_RSV_016","code":"HN_RSV_016","name_cn":"小浪底水库","city":"济源市、洛阳市、三门峡市","city_official":"济源市","city_spatial_primary":"洛阳市","city_spatial_intersections":[{"name":"洛阳市","geometry_ratio_pct":43.28},{"name":"济源市","geometry_ratio_pct":26.8},{"name":"三门峡市","geometry_ratio_pct":10.26}],"lon":112.182502,"lat":34.975771,"area_km2":202.37,"area_definition":"SHP水面几何的WGS84椭球面积；随边界数据时相和水位变化","center_method":"polygon_representative_point","osm_id":"2992894","feature_class":"reservoir","data_source":"河南省25个省控水库/25个省控水库.shp","geometry_status":"verified-valid","online_name":"小浪底水库","online_display_name":"小浪底水库, 济源市, 渑池县, 三门峡市, 河南省, 中国","online_center_offset_m":0.0,"online_validation_status":"matched-by-osm-id"},"geometry":{"type":"Polygon","coordinates":[[[111.6528779,34.9865414],[111.6576764,34.9870468],[111.6582893,34.988473],[111.6612826,34.9894278],[111.66163,34.9903188],[111.6623059,34.9896068],[111.66612,34.9905188],[111.6667396,34.9911978],[111.6643497,34.993171],[111.6638991,34.9940147],[111.6645026,34.9945223],[111.6646582,34.9932984],[111.6676515,34.9919471],[111.6675872,34.9902606],[111.6804779,34.9922085],[111.6831923,34.9940851],[111.6822964,34.9946256],[111.6828328,34.9975435],[111.6869608,35.000881],[111.6904262,35.0018444],[111.6906173,35.0027837],[111.6919979,35.0016917],[111.6958979,35.0028617],[111.6971263,35.0042854],[111.7017464,35.0047632],[111.7013159,35.0056047],[111.702767,35.0054849],[111.7029896,35.0063385],[111.7037071,35.0054937],[111.7068708,35.0060759],[111.7079651,35.006701],[111.7082199,35.0083553],[111.7092928,35.0065428],[111.7114118,35.0066043],[111.7117752,35.0106499],[111.7131203,35.0066043],[111.7175218,35.0064615],[111.7181951,35.0073249],[111.7188495,35.0063692],[111.7242274,35.0055728],[111.7298681,35.0065164],[111.7306291,35.0085953],[111.7318073,35.0080279],[111.7328453,35.0088649],[111.7306647,35.0118878],[111.7336366,35.0114089],[111.7342146,35.0133146],[111.739119,35.0168832],[111.7371114,35.0190239],[111.7400242,35.0183418],[111.7404085,35.0172308],[111.7484209,35.019595],[111.7574868,35.0177048],[111.7586254,35.0177948],[111.7576879,35.0187152],[111.7580125,35.0189975],[111.7598256,35.0181441],[111.7605284,35.0193896],[111.7623308,35.0198751],[111.7623791,35.022109],[111.7574143,35.0245076],[111.7610407,35.0247338],[111.7653698,35.0226801],[111.7656206,35.0266293],[111.76495,35.0269742],[111.7658781,35.027531],[111.7648816,35.0288653],[111.7674351,35.0298031],[111.7675504,35.0307212],[111.7638597,35.0334429],[111.7667283,35.0317787],[111.7678817,35.0323014],[111.7689344,35.0309913],[111.7732756,35.031614],[111.7749828,35.0326528],[111.7747025,35.0342341],[111.7758197,35.0324244],[111.776754,35.0327007],[111.7789223,35.0309803],[111.7805403,35.0317051],[111.7810312,35.0307234],[111.7843518,35.0301271],[111.7914918,35.0308749],[111.7898422,35.0323618],[111.7914851,35.0322443],[111.7924091,35.0310177],[111.794115,35.0313779],[111.7957136,35.032957],[111.795774,35.0339727],[111.7943752,35.0348655],[111.7953569,35.0354101],[111.7949975,35.0367213],[111.797111,35.0345031],[111.7984977,35.0379247],[111.7985594,35.0398639],[111.7970386,35.040784],[111.7991871,35.041153],[111.7985111,35.0463881],[111.7938159,35.047934],[111.7926827,35.0470963],[111.793431,35.0483425],[111.7928115,35.0491308],[111.798538,35.0487509],[111.7974758,35.0501826],[111.7981383,35.0526418],[111.7962688,35.0524574],[111.7952737,35.0532687],[111.7980646,35.0536288],[111.7977601,35.0544807],[111.7988035,35.0551954],[111.7951986,35.0552821],[111.7943779,35.0571188],[111.7956439,35.0562471],[111.7989886,35.0565984],[111.7981625,35.0577094],[111.7995411,35.0585195],[111.7951906,35.0603473],[111.7962205,35.0618468],[111.7951282,35.0625521],[111.8005148,35.0602365],[111.8016694,35.0654177],[111.804471,35.0668908],[111.8038112,35.0677316],[111.8065792,35.0688885],[111.8045381,35.0693627],[111.8041357,35.0709982],[111.8032479,35.0704801],[111.8039574,35.0732274],[111.8021194,35.0753419],[111.8029381,35.0754939],[111.8041733,35.0808827],[111.8023306,35.0802242],[111.8027812,35.0812975],[111.8019819,35.0815653],[111.7940962,35.0814512],[111.793946,35.0823467],[111.7903948,35.0837558],[111.7889732,35.0832137],[111.789566,35.0844648],[111.7837992,35.086923],[111.7839306,35.0883262],[111.789279,35.0888303],[111.7965505,35.0858443],[111.7974651,35.0842014],[111.7989242,35.0858212],[111.7987472,35.0839556],[111.8000078,35.0837339],[111.8031782,35.0857444],[111.8065028,35.0851254],[111.8078721,35.087272],[111.8088511,35.086991],[111.8079498,35.083161],[111.8122762,35.0831983],[111.8067214,35.0807093],[111.8046615,35.0758692],[111.8053012,35.0750208],[111.8063921,35.0767319],[111.8078881,35.077206],[111.8067066,35.0754522],[111.8086626,35.0738612],[111.809995,35.0751021],[111.8098703,35.0722451],[111.8117023,35.0744638],[111.8117398,35.0718049],[111.8132472,35.0733009],[111.8157846,35.0717819],[111.8177828,35.0740758],[111.817815,35.0722297],[111.8217203,35.0746136],[111.8236139,35.0772631],[111.8227127,35.0789028],[111.8238741,35.0790652],[111.8217847,35.0797654],[111.8219536,35.0813129],[111.8235844,35.0815192],[111.8236461,35.0827089],[111.8257409,35.081978],[111.8247083,35.0828647],[111.8248263,35.0841948],[111.8296409,35.0845175],[111.8305314,35.0868308],[111.8319985,35.0853779],[111.8322748,35.0863392],[111.8332994,35.0859068],[111.8333504,35.0847326],[111.8348309,35.084118],[111.8421936,35.0867343],[111.842443,35.0882004],[111.845136,35.0892934],[111.8471128,35.0878514],[111.8506077,35.0871227],[111.8516672,35.0852835],[111.8539497,35.0842365],[111.853373,35.0833498],[111.8545747,35.0807861],[111.860607,35.0788238],[111.8606043,35.0813447],[111.8617228,35.0805447],[111.862166,35.0784259],[111.8647335,35.0771951],[111.8666822,35.0773224],[111.8688601,35.079254],[111.867916,35.0809639],[111.8707055,35.0793857],[111.8716469,35.0805095],[111.8729371,35.0804217],[111.872052,35.0810078],[111.8730544,35.0822353],[111.8738598,35.08137],[111.8759358,35.0832686],[111.8778026,35.0835803],[111.8772635,35.0851013],[111.87839,35.0860012],[111.8777543,35.0883562],[111.8642279,35.0932175],[111.8643299,35.0939077],[111.8623719,35.0931714],[111.8625194,35.0942017],[111.8611233,35.0949435],[111.8602248,35.094148],[111.8585283,35.096156],[111.8568344,35.09584],[111.8571576,35.0977032],[111.8561116,35.0988882],[111.856699,35.0997572],[111.853538,35.103096],[111.8525027,35.1021722],[111.8526569,35.0983352],[111.8497145,35.0998823],[111.8487811,35.0989233],[111.8486148,35.095818],[111.8482427,35.0951986],[111.8477887,35.0981421],[111.8460613,35.0977053],[111.8474561,35.0986314],[111.848191,35.1008983],[111.8437734,35.1040472],[111.8427461,35.1035403],[111.8437198,35.1055745],[111.8415123,35.1062174],[111.840013,35.1087474],[111.8405199,35.1097413],[111.8363947,35.1132015],[111.8346539,35.1166242],[111.8296435,35.1195795],[111.8300191,35.1213105],[111.8320602,35.1192504],[111.8420809,35.1171661],[111.8460882,35.1134407],[111.8528795,35.1097589],[111.8533462,35.1080869],[111.8538076,35.1088527],[111.8594415,35.1061604],[111.8593866,35.1053967],[111.8632007,35.1029616],[111.8662021,35.1050369],[111.8654323,35.1021524],[111.8718508,35.1012692],[111.8753242,35.0980587],[111.8777677,35.0976066],[111.8782023,35.0990133],[111.878787,35.0986073],[111.8803078,35.1000381],[111.8800905,35.1021557],[111.8810749,35.1025595],[111.8812251,35.1048613],[111.8815134,35.1037499],[111.884315,35.106755],[111.8867558,35.113388],[111.8891913,35.114281],[111.8883839,35.1167822],[111.8903849,35.116565],[111.8903862,35.1176971],[111.8914443,35.1178945],[111.892308,35.1167493],[111.8933085,35.1172495],[111.8971145,35.1158322],[111.8966317,35.1126727],[111.8980801,35.1112882],[111.8987292,35.1081999],[111.8971641,35.1051268],[111.8981592,35.1046156],[111.8970072,35.1047077],[111.8965352,35.1033736],[111.8982384,35.1018112],[111.896098,35.1024783],[111.8944243,35.0953791],[111.8932602,35.0944881],[111.8939441,35.0881806],[111.8931086,35.0872939],[111.8949634,35.086945],[111.8948615,35.084557],[111.8959129,35.0830074],[111.9004485,35.0814029],[111.9015241,35.0792452],[111.9043887,35.077566],[111.9069475,35.0773158],[111.9073793,35.078387],[111.9060087,35.0789994],[111.9068268,35.0798511],[111.9050512,35.0808125],[111.9057861,35.0820197],[111.9046864,35.0820197],[111.9052309,35.083273],[111.9036457,35.0846974],[111.9044423,35.0852813],[111.903808,35.0866695],[111.9063038,35.0826779],[111.9076811,35.0844845],[111.9069743,35.0816004],[111.9092703,35.0803504],[111.9099314,35.0788512],[111.9109708,35.0792957],[111.9102681,35.081235],[111.9120195,35.079873],[111.9118801,35.0815214],[111.9132091,35.0805886],[111.9144604,35.0820317],[111.9154635,35.0816476],[111.9158766,35.0838744],[111.9173639,35.0838799],[111.9189075,35.0857444],[111.9187492,35.0880314],[111.919348,35.0884665],[111.9198918,35.0855315],[111.919063,35.0834398],[111.9237059,35.0850618],[111.9233867,35.0856939],[111.9254132,35.0868967],[111.9261655,35.0854711],[111.9286036,35.0856237],[111.9299394,35.0887271],[111.9311222,35.0874454],[111.9305912,35.0854722],[111.9334075,35.0844736],[111.9360709,35.0871535],[111.9372994,35.0855721],[111.9403182,35.0857608],[111.9376588,35.0894733],[111.938096,35.0906947],[111.9398662,35.0878865],[111.9442503,35.0870898],[111.9467354,35.0906848],[111.9448712,35.0924482],[111.9458275,35.0938561],[111.9468078,35.0917383],[111.9476849,35.0929538],[111.9480604,35.0904686],[111.9469982,35.0891397],[111.9481167,35.08725],[111.9463089,35.0863107],[111.9461212,35.0850662],[111.947355,35.0842453],[111.9497019,35.0842936],[111.951393,35.0860659],[111.9512375,35.0839468],[111.9559112,35.0829558],[111.9566555,35.0850618],[111.9581509,35.0826101],[111.9595966,35.0820043],[111.9596475,35.0842694],[111.9605139,35.0849016],[111.9593659,35.0858936],[111.9624867,35.0864248],[111.9634616,35.0876643],[111.9626489,35.0887096],[111.9690688,35.0876736],[111.9663893,35.0872775],[111.9640423,35.0851979],[111.9644299,35.0844769],[111.9629091,35.0839501],[111.9643441,35.0838425],[111.9631451,35.0829042],[111.9635354,35.0820833],[111.9651729,35.0824202],[111.9632846,35.0808476],[111.9631317,35.0777131],[111.9642589,35.0768071],[111.9664885,35.0785308],[111.9661666,35.0755949],[111.9679973,35.0754675],[111.9680328,35.0747794],[111.9694658,35.0743173],[111.9696213,35.0753764],[111.9711609,35.074573],[111.9717926,35.0758692],[111.9734039,35.0734409],[111.9748013,35.0746581],[111.9759902,35.0730364],[111.9766514,35.0735446],[111.9758011,35.074325],[111.9778235,35.0752985],[111.9779134,35.0765848],[111.9784337,35.0738739],[111.9800927,35.0740912],[111.9808383,35.0729804],[111.9831772,35.0740385],[111.9867117,35.0711656],[111.9914639,35.0700213],[111.9920097,35.070535],[111.9907504,35.0722253],[111.9914639,35.0734678],[111.9920218,35.0737619],[111.9922847,35.0720892],[111.9936553,35.0722736],[111.9945407,35.0749099],[111.9937116,35.0758846],[111.9951493,35.07527],[111.996721,35.0769536],[111.9983867,35.0762292],[111.9988024,35.0726117],[112.0008516,35.0711145],[112.0034131,35.0739397],[112.0047435,35.0742207],[112.0039576,35.0757836],[112.0050493,35.0760756],[112.0031798,35.0776451],[111.9992369,35.0765431],[111.9994944,35.0757244],[111.9979227,35.0780204],[111.9962919,35.0782245],[111.9989312,35.0799981],[111.998785,35.0812064],[111.9975954,35.0812844],[111.9987059,35.0815873],[111.9988346,35.0848357],[111.9977647,35.0863296],[111.9968471,35.0861504],[111.9981158,35.087441],[111.9976142,35.0878338],[111.9976249,35.088793],[111.9979173,35.0892067],[111.9989902,35.0863831],[112.0008329,35.0854656],[112.0023724,35.0896291],[112.0037045,35.0917612],[112.0045155,35.0918963],[112.0034105,35.0839139],[112.0059022,35.0838327],[112.0062107,35.0825706],[112.0071548,35.0839084],[112.0094883,35.0831918],[112.0120257,35.0787492],[112.0129779,35.0800179],[112.0125112,35.0840653],[112.0146891,35.0863085],[112.0149359,35.0878613],[112.0157768,35.0881532],[112.0149869,35.0860056],[112.0141178,35.0855425],[112.0138818,35.0812514],[112.0176154,35.0822128],[112.014083,35.0794318],[112.0158935,35.0770919],[112.0185059,35.0766024],[112.0149869,35.075169],[112.0178542,35.0746971],[112.015408,35.0726204],[112.0173472,35.069714],[112.0197961,35.0684978],[112.0181411,35.0667086],[112.0198014,35.0671103],[112.019214,35.0652926],[112.0207831,35.0659863],[112.0207348,35.0645198],[112.0225185,35.0667283],[112.0230603,35.0658754],[112.0245945,35.0670972],[112.0242405,35.0661883],[112.0254019,35.0654616],[112.0236289,35.0649018],[112.0225936,35.0626295],[112.0237446,35.0632113],[112.0249942,35.062702],[112.024624,35.0620214],[112.0255548,35.0625022],[112.0263125,35.0614396],[112.0291248,35.0610312],[112.028009,35.0594439],[112.0300233,35.0612947],[112.0325795,35.0614045],[112.0327431,35.0602365],[112.0309675,35.0594483],[112.0315281,35.0580958],[112.0291677,35.0575008],[112.0323864,35.0561066],[112.0317748,35.0544598],[112.032679,35.0536891],[112.0351222,35.0532588],[112.0365089,35.0533269],[112.0358652,35.0544071],[112.0384428,35.0555533],[112.0375094,35.056684],[112.0395505,35.0572395],[112.0396739,35.0581902],[112.0374423,35.0596261],[112.0396793,35.0593034],[112.0400897,35.0601684],[112.0380083,35.0606646],[112.0406744,35.0614506],[112.038762,35.0635889],[112.0370829,35.0639556],[112.0394996,35.0651565],[112.0389819,35.0664408],[112.0400119,35.0669446],[112.0378581,35.0691849],[112.0376676,35.071918],[112.0357633,35.0716743],[112.0338616,35.0733712],[112.0314798,35.0735951],[112.0341191,35.0740605],[112.0361602,35.0728465],[112.0358571,35.0739463],[112.0366511,35.0741483],[112.0348889,35.0761151],[112.0359993,35.0768087],[112.0351303,35.0776868],[112.0359966,35.0779765],[112.0356694,35.080312],[112.0331374,35.0813568],[112.035141,35.081725],[112.0334941,35.0835122],[112.0352912,35.0830315],[112.0337087,35.0847084],[112.0350739,35.0849696],[112.0345643,35.0861438],[112.0321262,35.0864028],[112.034449,35.0876846],[112.0331481,35.0880182],[112.0340601,35.0884813],[112.0330703,35.0895106],[112.0305517,35.0895238],[112.0329228,35.0902525],[112.0323756,35.0910447],[112.0341727,35.0903775],[112.033985,35.0919555],[112.0352563,35.0937705],[112.0345187,35.0941414],[112.0353234,35.0945408],[112.0334271,35.0949512],[112.033183,35.0962526],[112.0348379,35.0958729],[112.0349103,35.0976779],[112.0364231,35.0975364],[112.0390999,35.1001478],[112.0397919,35.0982869],[112.041817,35.0980894],[112.0417231,35.0972994],[112.0429489,35.0991713],[112.0445582,35.0997331],[112.0401004,35.0938276],[112.0425305,35.0938583],[112.0437723,35.0930419],[112.0398322,35.092265],[112.0413181,35.0918941],[112.0401755,35.0911764],[112.0415515,35.0900505],[112.0408756,35.0895282],[112.0414415,35.0881104],[112.0451148,35.0892824],[112.0416346,35.0867957],[112.0416856,35.0853098],[112.0429274,35.0854152],[112.0437643,35.0843792],[112.0420101,35.0843068],[112.0408916,35.0801584],[112.0452127,35.0819472],[112.0423159,35.0786679],[112.051367,35.0797556],[112.0560354,35.0793155],[112.0579612,35.0814556],[112.0599031,35.0813349],[112.0604369,35.0825882],[112.0627892,35.0825377],[112.0625263,35.0838941],[112.0632774,35.0827857],[112.0586801,35.0798598],[112.0587847,35.0785362],[112.0473293,35.0767318],[112.0454679,35.0750416],[112.0438904,35.0749253],[112.0425332,35.0730375],[112.0426163,35.0720288],[112.0443222,35.0723351],[112.0434478,35.071165],[112.0453575,35.0712989],[112.0456284,35.0703857],[112.0493138,35.0716063],[112.0493379,35.0706228],[112.0447004,35.0693759],[112.0462748,35.0682014],[112.0462269,35.0668073],[112.0471787,35.066814],[112.0482168,35.0635911],[112.0471898,35.0605438],[112.0480961,35.0599027],[112.0494345,35.0607414],[112.0525861,35.0603111],[112.0499334,35.0590706],[112.0515937,35.0589499],[112.0512235,35.0582209],[112.0473209,35.0580431],[112.0517948,35.0562273],[112.0487505,35.0553535],[112.0461488,35.0562317],[112.0450437,35.0542403],[112.0461568,35.0531688],[112.0442954,35.0528592],[112.0476186,35.0507073],[112.0458913,35.049952],[112.0437187,35.0509774],[112.0438635,35.0482173],[112.0419551,35.0495655],[112.042619,35.0473038],[112.0402439,35.0468438],[112.0424312,35.0460412],[112.0410258,35.0452265],[112.0423588,35.0451013],[112.0417955,35.0444272],[112.0427839,35.043629],[112.0398295,35.0435664],[112.0400146,35.0445546],[112.0374195,35.0460972],[112.0374158,35.0448398],[112.0357633,35.0443547],[112.0373055,35.0438343],[112.0363426,35.0427978],[112.0377883,35.0426177],[112.0372921,35.0404832],[112.0397168,35.0417075],[112.0426767,35.0407785],[112.041235,35.0395455],[112.0387834,35.0392446],[112.0394781,35.0380675],[112.0425197,35.0374021],[112.0419793,35.0360877],[112.0434853,35.036271],[112.0444563,35.0378457],[112.0482168,35.038689],[112.0482624,35.037233],[112.0460683,35.0364138],[112.0461223,35.035454],[112.0475891,35.035129],[112.0470554,35.0330536],[112.0495605,35.0325419],[112.0541954,35.0320675],[112.055802,35.0336993],[112.0596054,35.0337125],[112.0607078,35.0368618],[112.0598468,35.0378984],[112.0577386,35.0376371],[112.0577926,35.0390117],[112.0555982,35.0403097],[112.0545186,35.0398716],[112.0549411,35.0409663],[112.0537448,35.0421302],[112.0586653,35.0402504],[112.0581718,35.0420489],[112.0598817,35.0419326],[112.0571271,35.0442965],[112.0605898,35.0432062],[112.0613649,35.0440336],[112.0600963,35.0444579],[112.0606273,35.0459907],[112.0593211,35.0468998],[112.0616814,35.0464474],[112.0620342,35.048315],[112.0637307,35.0489858],[112.06442,35.0504702],[112.0642979,35.0485071],[112.0624351,35.0478462],[112.0628616,35.0467812],[112.0618048,35.0455416],[112.0648277,35.0434401],[112.062407,35.0404382],[112.0645273,35.0402218],[112.066614,35.0417305],[112.0661715,35.0391677],[112.0645541,35.0383069],[112.0662761,35.036416],[112.0658174,35.0338333],[112.0680839,35.0333918],[112.0703235,35.034782],[112.0727965,35.0336301],[112.0727697,35.0357],[112.0746633,35.0362491],[112.0748457,35.0342813],[112.0807037,35.0341978],[112.0804408,35.0376371],[112.0843971,35.0340946],[112.0875004,35.0344965],[112.0928232,35.0328395],[112.0931062,35.034547],[112.0903784,35.0366115],[112.0907271,35.0397826],[112.0893511,35.0408389],[112.0900995,35.0414428],[112.0863926,35.0417679],[112.0899653,35.0434017],[112.0914137,35.0427473],[112.0923203,35.0445304],[112.0877016,35.0445677],[112.0892492,35.0451584],[112.0891929,35.0471084],[112.0863336,35.048371],[112.0890319,35.0485599],[112.0879966,35.0510828],[112.0907646,35.0483293],[112.0900565,35.0509862],[112.0919341,35.0544269],[112.0903918,35.0554918],[112.0931143,35.0549451],[112.0947611,35.0559265],[112.0952198,35.0533313],[112.0939967,35.0531117],[112.0926288,35.0508918],[112.0933234,35.0492472],[112.0923203,35.0471831],[112.094155,35.047003],[112.0956328,35.0490759],[112.0950669,35.0476837],[112.0962846,35.0439902],[112.0992713,35.0432282],[112.0977733,35.0413748],[112.0960647,35.0410871],[112.0980267,35.0397409],[112.1008363,35.0407577],[112.098358,35.037334],[112.0996347,35.0366554],[112.0994255,35.0332249],[112.1011233,35.0339782],[112.1012413,35.0363765],[112.1026495,35.0359175],[112.1041207,35.0383969],[112.1058333,35.0384562],[112.1062999,35.0396333],[112.1044171,35.0425496],[112.1062249,35.045086],[112.106933,35.0452155],[112.1062088,35.0423213],[112.1073031,35.0413418],[112.1092665,35.0419391],[112.1079844,35.0406633],[112.1085155,35.0384013],[112.1097064,35.0380675],[112.1083009,35.0370946],[112.1099102,35.0369716],[112.1094489,35.0352894],[112.1072978,35.0361437],[112.108258,35.0338618],[112.1050823,35.0312263],[112.1047993,35.0298349],[112.1073702,35.0274815],[112.1087515,35.0278308],[112.1135473,35.0255816],[112.1142367,35.0263658],[112.1163234,35.0243582],[112.1182573,35.0244483],[112.1189815,35.0251182],[112.1185899,35.0264953],[112.1150145,35.0285995],[112.115913,35.0300293],[112.1149287,35.0304334],[112.115905,35.0309012],[112.115111,35.0317248],[112.1157145,35.0322805],[112.1169913,35.0315338],[112.1171415,35.0332161],[112.119872,35.033629],[112.1200919,35.0349907],[112.1207437,35.0341956],[112.1228412,35.0354409],[112.1205854,35.0379006],[112.1151674,35.0381795],[112.1167231,35.0402789],[112.1197915,35.040806],[112.1207651,35.0419468],[112.1178603,35.0425584],[112.1185201,35.0435576],[112.1177611,35.0446468],[112.1190968,35.0452858],[112.1173319,35.0482283],[112.1159828,35.0486718],[112.1181165,35.0502934],[112.1185443,35.0476925],[112.1203762,35.0468734],[112.1223316,35.0435093],[112.1226132,35.0470557],[112.1255824,35.0501211],[112.1259633,35.0517196],[112.1248797,35.0528394],[112.1247858,35.0533686],[112.1264246,35.0523081],[112.1265614,35.0495963],[112.1255288,35.0488102],[112.1260142,35.0428593],[112.1244451,35.0396959],[112.1283719,35.0387812],[112.1307349,35.0422927],[112.1276826,35.0432545],[112.1304613,35.0474949],[112.129823,35.0483139],[112.1315557,35.048797],[112.132245,35.0520533],[112.1333984,35.0508676],[112.1348682,35.0520028],[112.1344873,35.0527889],[112.1358794,35.0526176],[112.1351874,35.0543501],[112.1377086,35.0541723],[112.1363461,35.0558497],[112.1383417,35.055415],[112.1389613,35.056572],[112.1388727,35.0602167],[112.1402621,35.0604999],[112.1383497,35.0629632],[112.1408147,35.0612178],[112.1434244,35.0626471],[112.1440011,35.0660039],[112.1467048,35.0689939],[112.1462113,35.0697601],[112.1472734,35.0695515],[112.1542686,35.0755005],[112.1594399,35.0769448],[112.160958,35.0748156],[112.1580344,35.0713209],[112.1595955,35.070917],[112.1557009,35.0669084],[112.1555346,35.0651565],[112.1509346,35.0610071],[112.1512833,35.0601816],[112.1495855,35.0592067],[112.1489713,35.0569124],[112.1500844,35.0559485],[112.1440735,35.0491813],[112.1494782,35.0502265],[112.1497786,35.0492976],[112.1519861,35.0501496],[112.153523,35.0494755],[112.1549875,35.050558],[112.1551779,35.0498532],[112.1577179,35.0499783],[112.1599254,35.0489134],[112.1575946,35.0496775],[112.1493119,35.0475564],[112.1469475,35.0484885],[112.144669,35.0480856],[112.1427834,35.0460829],[112.1405652,35.045916],[112.1402568,35.0448861],[112.1398061,35.0454241],[112.137773,35.0431074],[112.132194,35.0411486],[112.1295655,35.0372022],[112.130059,35.0363721],[112.1286401,35.0360646],[112.1299812,35.034692],[112.1258587,35.0357506],[112.1259673,35.034043],[112.1193463,35.0305498],[112.123493,35.0283447],[112.121374,35.0280328],[112.1242332,35.0261791],[112.1251935,35.02411],[112.124303,35.0225944],[112.1230879,35.0225823],[112.123662,35.0219662],[112.1263844,35.0218388],[112.1286052,35.0205604],[112.1323255,35.0210766],[112.1350801,35.0199761],[112.1357265,35.0208547],[112.1351069,35.021852],[112.1367645,35.0214654],[112.1361637,35.0197037],[112.1388727,35.019159],[112.1400382,35.020914],[112.1412876,35.019252],[112.1433252,35.0187811],[112.1432501,35.0195631],[112.1458304,35.020657],[112.1458143,35.0177883],[112.1476489,35.0168832],[112.1489632,35.017529],[112.1493602,35.0158156],[112.1513343,35.0161847],[112.1518815,35.013553],[112.1569052,35.0119757],[112.1593326,35.0098272],[112.1603465,35.0109564],[112.1588981,35.0138825],[112.1603049,35.0140582],[112.160258,35.0148952],[112.1616983,35.014111],[112.1614757,35.0152445],[112.1629053,35.0170699],[112.1649331,35.0160419],[112.1667141,35.0164087],[112.1675241,35.0144712],[112.1687633,35.01419],[112.1699636,35.0173072],[112.1715876,35.0186625],[112.1697771,35.0140319],[112.1672291,35.0138913],[112.1662903,35.0152489],[112.1632165,35.0160792],[112.1628034,35.0128061],[112.1665531,35.0110442],[112.1659201,35.0095482],[112.1683636,35.0092714],[112.1689162,35.0067954],[112.1701366,35.0074787],[112.1698523,35.0062462],[112.171129,35.00524],[112.1695143,35.0039042],[112.1719551,35.0028716],[112.1713221,35.0016939],[112.1728483,35.0018609],[112.1736717,35.0033791],[112.1782637,35.0037262],[112.1780893,35.0028079],[112.1753293,35.0015511],[112.1743718,34.9996638],[112.1766892,34.9967833],[112.1766141,34.9978248],[112.1775395,34.9979434],[112.1771345,35.0001757],[112.1784729,34.9991672],[112.1794009,35.0007777],[112.1803746,34.9990464],[112.1819571,35.0003691],[112.18189,35.0023355],[112.1829066,35.0007646],[112.1854117,35.0003471],[112.1812744,34.9974425],[112.1817774,34.9966273],[112.1807528,34.9950738],[112.183966,34.9969107],[112.1843067,34.9961571],[112.1813938,34.9927777],[112.186034,34.9959769],[112.1850201,34.993015],[112.1874207,34.9936126],[112.1864766,34.9921932],[112.1879974,34.9922525],[112.1849987,34.9908176],[112.1869192,34.9905759],[112.1863666,34.9894728],[112.1831721,34.9884949],[112.1864659,34.9888861],[112.1872437,34.9881895],[112.1849075,34.9841373],[112.1865597,34.9824671],[112.1846366,34.9819001],[112.1850952,34.9803332],[112.1838132,34.9797333],[112.1832097,34.9772806],[112.187925,34.9763466],[112.1869835,34.977874],[112.1896201,34.9781377],[112.189199,34.9800673],[112.191833,34.9791816],[112.1926403,34.9806892],[112.1920824,34.9823441],[112.1937427,34.9822935],[112.1932706,34.9838604],[112.1901914,34.9866139],[112.1915728,34.9869216],[112.1932465,34.9856932],[112.1948343,34.9874599],[112.1940914,34.9891212],[112.1971437,34.9893234],[112.197251,34.9905364],[112.1951455,34.9913076],[112.1949282,34.9920152],[112.1966851,34.9916702],[112.1962559,34.9931688],[112.1927717,34.998396],[112.195057,34.9952518],[112.1979511,34.994162],[112.1992841,34.9906067],[112.2005045,34.9946212],[112.2000593,34.9975347],[112.2011241,34.9977413],[112.2006199,34.9972491],[112.2022453,34.9949816],[112.201513,34.9918548],[112.2044581,34.9924129],[112.20548,34.9939752],[112.2070491,34.9924986],[112.2058421,34.9927029],[112.2039351,34.9908682],[112.2063947,34.9893519],[112.2027576,34.9903452],[112.2029132,34.988974],[112.1998098,34.988807],[112.2007406,34.9875105],[112.1970418,34.9859613],[112.2025377,34.9854602],[112.1983427,34.9842823],[112.2006762,34.9839835],[112.2012126,34.9835857],[112.2003208,34.9826407],[112.2034201,34.9817375],[112.201851,34.9813683],[112.201674,34.9804695],[112.197597,34.9827968],[112.1983856,34.9814145],[112.1968272,34.9779136],[112.1979913,34.9793069],[112.1996409,34.9785333],[112.1998501,34.9772235],[112.2016311,34.9775795],[112.2031438,34.9763685],[112.2053486,34.9769312],[112.2062176,34.9786388],[112.208004,34.9781773],[112.2064751,34.9750565],[112.2093692,34.9755554],[112.2093505,34.9729334],[112.2108847,34.9709245],[112.2125235,34.9738828],[112.213752,34.9722784],[112.2131646,34.97012],[112.213937,34.9674451],[112.2155705,34.9667967],[112.2181575,34.9685364],[112.2176519,34.9651943],[112.2184029,34.9638227],[112.220141,34.9629017],[112.2201437,34.9637897],[112.2222814,34.9645437],[112.2232068,34.9632248],[112.2247839,34.9637897],[112.2252023,34.962073],[112.2275707,34.9624137],[112.2289199,34.9608794],[112.2282198,34.9600199],[112.2336996,34.9572787],[112.2340912,34.9580701],[112.2319669,34.9603892],[112.2339892,34.9610794],[112.2338846,34.9632248],[112.2284719,34.9677638],[112.2295623,34.9695706],[112.2281393,34.9705662],[112.2297862,34.9713751],[112.2284934,34.9723971],[112.229113,34.9737663],[112.2275466,34.9752675],[112.2295395,34.974085],[112.2302529,34.9757554],[112.2305104,34.9742894],[112.2291023,34.9729312],[112.2305775,34.9720168],[112.2298613,34.9705355],[112.2312185,34.9672275],[112.2336298,34.965291],[112.2354645,34.9697112],[112.2350273,34.970975],[112.2361699,34.9706849],[112.2352606,34.9677528],[112.2355771,34.9631347],[112.2372642,34.9636798],[112.2379026,34.9662208],[112.2371918,34.9665395],[112.2387984,34.9670912],[112.2389942,34.9691573],[112.2415048,34.9670627],[112.2403488,34.9666384],[112.2405311,34.9648558],[112.2422907,34.9649789],[112.2419044,34.9636183],[112.2375244,34.9616092],[112.2421753,34.9618092],[112.2442983,34.9607145],[112.2459036,34.9618004],[112.2450989,34.9594154],[112.2432026,34.959655],[112.2418803,34.9582591],[112.2416711,34.9572743],[112.2429264,34.9564038],[112.2396058,34.9550342],[112.243664,34.9544275],[112.2413224,34.953115],[112.2430927,34.951519],[112.2407886,34.9512793],[112.2456327,34.9479706],[112.2453216,34.948894],[112.247116,34.9493667],[112.2457319,34.950123],[112.2463703,34.9504615],[112.2458513,34.9520103],[112.2493476,34.9509056],[112.2517723,34.9529391],[112.2533843,34.952306],[112.2534111,34.954289],[112.2548139,34.9546143],[112.2545564,34.9576985],[112.2526038,34.9585339],[112.254075,34.9593879],[112.2499913,34.960409],[112.256906,34.9615103],[112.2539878,34.9647459],[112.2588184,34.9626489],[112.2587165,34.9640601],[112.2599718,34.9635018],[112.2610098,34.9638535],[112.2605163,34.964592],[112.2638744,34.9654823],[112.2603634,34.9665681],[112.2610393,34.9675528],[112.26046,34.9679375],[112.261793,34.9689419],[112.2605672,34.9689046],[112.2610608,34.9698453],[112.2599396,34.9707267],[112.2585475,34.9706827],[112.2604573,34.9713641],[112.2605941,34.9727224],[112.2573647,34.9727399],[112.2559941,34.9735026],[112.2611976,34.9736147],[112.2620451,34.9720102],[112.2643599,34.9720102],[112.26403,34.9696563],[112.2655159,34.9689309],[112.265591,34.969698],[112.2677663,34.9698739],[112.2661918,34.9706519],[112.266798,34.9717751],[112.2644511,34.9734499],[112.2656366,34.9754784],[112.2666773,34.9739641],[112.268858,34.9742477],[112.270765,34.9728652],[112.2713524,34.9745466],[112.2721732,34.9745532],[112.2734445,34.9722256],[112.2728223,34.9717949],[112.2745764,34.9717246],[112.2743109,34.9733553],[112.276395,34.9741685],[112.2749734,34.9758433],[112.2749948,34.9773026],[112.2720095,34.9792234],[112.2722214,34.981632],[112.2684342,34.98052],[112.2684315,34.981709],[112.2657037,34.9826122],[112.267651,34.9826232],[112.2680077,34.9847043],[112.2652477,34.988607],[112.2611439,34.9893454],[112.2622704,34.9903034],[112.2610474,34.9934105],[112.2579092,34.9944916],[112.2553986,34.9941092],[112.2544599,34.9943465],[112.2574425,34.9952562],[112.2604197,34.9947948],[112.2604224,34.9967745],[112.2613639,34.9978006],[112.2608516,34.9966295],[112.2639763,34.990299],[112.2658029,34.9907319],[112.2655374,34.9927996],[112.2668382,34.9934391],[112.2659907,34.9928546],[112.2662991,34.9919119],[112.2670796,34.9921448],[112.2665057,34.9902463],[112.2674122,34.9900178],[112.2679111,34.987271],[112.2690752,34.9871655],[112.2707328,34.984212],[112.2725862,34.9843395],[112.2724897,34.9856492],[112.2752818,34.9886312],[112.273753,34.9853635],[112.2761965,34.9822562],[112.2790289,34.9832099],[112.2792005,34.9843175],[112.2808582,34.9841593],[112.2801179,34.9867436],[112.281518,34.9870161],[112.2816467,34.9882466],[112.2826767,34.9870732],[112.2839266,34.9879434],[112.2839802,34.989609],[112.2824112,34.9911802],[112.2831649,34.992659],[112.2827357,34.9913252],[112.284742,34.989853],[112.285265,34.987717],[112.2828671,34.9856514],[112.2838354,34.9837945],[112.2796404,34.9815617],[112.2814161,34.9795838],[112.2838327,34.9798805],[112.282623,34.9753136],[112.2873437,34.9772411],[112.2866839,34.9747949],[112.2884166,34.9748015],[112.2878963,34.9727048],[112.2866651,34.9731927],[112.2854716,34.9725773],[112.2860375,34.9714937],[112.2838032,34.9709113],[112.2835082,34.9696409],[112.2847769,34.9687793],[112.2840071,34.9682979],[112.2864479,34.9678342],[112.2851229,34.9663527],[112.2831997,34.9661505],[112.2851175,34.9650382],[112.2869106,34.9664538],[112.2885588,34.9659109],[112.2876522,34.9641656],[112.2893661,34.9639348],[112.2873156,34.962173],[112.2893299,34.9613982],[112.2893313,34.9597605],[112.2905195,34.9603013],[112.290675,34.9589186],[112.294178,34.9579953],[112.2941485,34.9538735],[112.2949532,34.9565488],[112.2966215,34.9550298],[112.2972894,34.9561839],[112.2986332,34.9552848],[112.2970614,34.9572149],[112.2982872,34.9578854],[112.2957551,34.958092],[112.2973618,34.9594527],[112.294634,34.9590197],[112.2924533,34.9605584],[112.2947118,34.9608882],[112.2939125,34.961818],[112.2957337,34.9628995],[112.2916996,34.9625368],[112.2920993,34.9633853],[112.2910988,34.963981],[112.2957927,34.9647129],[112.2966725,34.9665351],[112.2952563,34.9655614],[112.2927055,34.9656625],[112.2891569,34.9679243],[112.2898677,34.9687991],[112.2918311,34.9687727],[112.2918284,34.9673572],[112.2943148,34.9666648],[112.29498,34.9680583],[112.2941539,34.9686936],[112.2950685,34.969076],[112.294347,34.9700959],[112.297056,34.9691288],[112.297335,34.9703223],[112.2954628,34.9715377],[112.2982496,34.9711399],[112.2984883,34.9756015],[112.3004611,34.9746894],[112.2980431,34.9794586],[112.2951946,34.9811178],[112.2975066,34.9805596],[112.2987431,34.9823419],[112.2981369,34.980353],[112.3022662,34.9755762],[112.300618,34.972863],[112.304475,34.9735861],[112.3029542,34.9723971],[112.303488,34.9713707],[112.3014951,34.9714959],[112.3010981,34.9707289],[112.3020825,34.9701332],[112.3006663,34.9699618],[112.2995397,34.968832],[112.3003659,34.968199],[112.2988236,34.9676012],[112.2992849,34.9660186],[112.3011437,34.9662977],[112.2997811,34.9647635],[112.3007092,34.9640425],[112.2996578,34.9622159],[112.3014253,34.9617411],[112.3007092,34.9626511],[112.3017231,34.9629544],[112.301318,34.9644096],[112.3033431,34.9665373],[112.3042336,34.9659592],[112.3036113,34.9643612],[112.3053628,34.9634864],[112.3038393,34.9628006],[112.3038527,34.9619543],[112.3051912,34.9622576],[112.3048425,34.9610355],[112.3057517,34.9621521],[112.3066664,34.9618224],[112.3080504,34.9638403],[112.3082864,34.9621983],[112.3105556,34.9631765],[112.3108131,34.9618158],[112.3063606,34.9597495],[112.3111725,34.9599649],[112.3061031,34.957925],[112.3071706,34.9572435],[112.306087,34.9569226],[112.3083991,34.9559245],[112.3115587,34.95787],[112.3117599,34.9568852],[112.3144448,34.9567885],[112.3098206,34.9544077],[112.3125029,34.9538933],[112.3104295,34.9515959],[112.3140988,34.9532403],[112.3143643,34.9516201],[112.3172772,34.9520202],[112.3142007,34.9504439],[112.3141605,34.9493293],[112.3192298,34.9503406],[112.3208043,34.9497228],[112.3195839,34.9478145],[112.3220327,34.9457764],[112.3234731,34.9482542],[112.3208418,34.9515519],[112.3217565,34.9524709],[112.3191842,34.9535283],[112.3213193,34.9549814],[112.3196831,34.9554958],[112.3219013,34.9561224],[112.3203778,34.9578964],[112.321102,34.9587977],[112.3225397,34.9585317],[112.3224512,34.9596814],[112.3199674,34.9597341],[112.3192137,34.9621257],[112.316553,34.9604925],[112.3170197,34.961774],[112.3155311,34.9633501],[112.3173335,34.962816],[112.3182991,34.964148],[112.3183393,34.9666494],[112.3173764,34.9669264],[112.3179531,34.9684496],[112.3133799,34.9687419],[112.3130769,34.9695024],[112.3109096,34.9684034],[112.3112825,34.969786],[112.3085546,34.9706629],[112.310451,34.9721839],[112.3080745,34.9729114],[112.3112449,34.9735246],[112.3090321,34.9744389],[112.3103276,34.9752828],[112.3080316,34.9756191],[112.3093432,34.9762894],[112.3074576,34.9773729],[112.3085198,34.978263],[112.3107621,34.9774147],[112.3098582,34.9799574],[112.3089114,34.9802409],[112.3093781,34.9808475],[112.306618,34.9812277],[112.3077983,34.9819946],[112.3071063,34.9833484],[112.3090053,34.9821661],[112.3093191,34.9838033],[112.3108479,34.9817155],[112.3106843,34.9831528],[112.3136964,34.9875325],[112.3129776,34.9886751],[112.3110545,34.9879522],[112.3104081,34.9887762],[112.3081952,34.9884928],[112.3105931,34.9900881],[112.3083562,34.9922811],[112.3104,34.992536],[112.3080692,34.9936808],[112.3091018,34.9948321],[112.3064357,34.9963724],[112.3083186,34.997014],[112.3101935,34.9959813],[112.3103464,34.9969876],[112.3124251,34.9951617],[112.3111805,34.9975941],[112.3126557,34.998407],[112.3116821,35.0013907],[112.3103195,35.0021136],[112.3119879,35.00437],[112.3105127,35.0046688],[112.3124009,35.0057255],[112.3121193,35.0065076],[112.3134148,35.0062967],[112.3120978,35.0075292],[112.3135596,35.0073842],[112.3156142,35.009836],[112.3189294,35.0107674],[112.3243153,35.009814],[112.3249054,35.0108114],[112.3264504,35.0100017],[112.3294866,35.0107147],[112.3284888,35.0086848],[112.3342475,35.0057672],[112.3264959,35.006925],[112.3189428,35.0012084],[112.3235884,34.9980599],[112.3225477,34.9964493],[112.3253185,34.9962098],[112.3256108,34.9970162],[112.3268902,34.9960252],[112.3236635,34.9948343],[112.3267829,34.9914878],[112.327424,34.9890597],[112.3302296,34.9871523],[112.3281643,34.9853811],[112.3279953,34.9775663],[112.332724,34.9773531],[112.3345654,34.9778949],[112.3347732,34.9792717],[112.3354036,34.9793058],[112.3352171,34.9762988],[112.3338425,34.9771114],[112.3323137,34.9756367],[112.3294115,34.9748806],[112.3274025,34.9712256],[112.3294973,34.9706234],[112.3309283,34.9722751],[112.3306333,34.9687122],[112.3279417,34.9686496],[112.327314,34.9678583],[112.3299533,34.9652449],[112.333526,34.9644689],[112.3332095,34.9633479],[112.330758,34.962794],[112.3311979,34.9614663],[112.3299372,34.9610948],[112.3292908,34.95889],[112.3305809,34.9571995],[112.3301893,34.9550386],[112.3315868,34.9546561],[112.3335113,34.9572633],[112.3332041,34.9590878],[112.3354357,34.960919],[112.3339806,34.9627764],[112.3359655,34.9620961],[112.3370478,34.9648899],[112.3376405,34.9631457],[112.3398855,34.9635688],[112.3374903,34.9615169],[112.338067,34.9606266],[112.3426549,34.9633677],[112.3422593,34.9616268],[112.3437781,34.9608508],[112.3409155,34.9601408],[112.3412535,34.9589779],[112.3401806,34.9595868],[112.3377773,34.9588285],[112.3346686,34.9546803],[112.3363772,34.9541636],[112.3393464,34.9555816],[112.3400545,34.9552672],[112.3389173,34.9546825],[112.3390567,34.9536163],[112.3418462,34.9528226],[112.3439142,34.953425],[112.3445284,34.9524049],[112.3419026,34.9513255],[112.3425812,34.9504703],[112.3454592,34.9509628],[112.3455182,34.9492963],[112.3417711,34.9489204],[112.3419106,34.9478343],[112.3364282,34.9478871],[112.3395181,34.9470934],[112.3401014,34.9451509],[112.3434743,34.9450355],[112.3435709,34.9468735],[112.3453599,34.9466691],[112.344912,34.9451784],[112.3477095,34.9461018],[112.3484284,34.9445936],[112.3474547,34.9428523],[112.3489836,34.9431073],[112.348887,34.9442836],[112.3506761,34.945152],[112.3505098,34.9470252],[112.3494181,34.9473902],[112.3501664,34.9479486],[112.3485571,34.9491007],[112.3500082,34.9494898],[112.3493698,34.9505407],[112.3504463,34.9507173],[112.3488522,34.9529721],[112.3501396,34.9530183],[112.3497292,34.956052],[112.3507243,34.9587163],[112.3514807,34.9544956],[112.3523095,34.9539944],[112.3529895,34.954755],[112.3532617,34.9540339],[112.351757,34.9528094],[112.3532027,34.9524819],[112.3526394,34.9500548],[112.3553672,34.9529446],[112.3550427,34.9502087],[112.3531571,34.9485554],[112.3536774,34.947709],[112.3565876,34.9511562],[112.3576283,34.9510375],[112.3578724,34.9530315],[112.3587629,34.9515981],[112.3606727,34.9532293],[112.3607048,34.9517674],[112.358205,34.9498701],[112.3579717,34.9486851],[112.3607746,34.9499647],[112.360898,34.9488456],[112.363615,34.9496327],[112.3640643,34.9508067],[112.3645914,34.9495206],[112.3586449,34.9460733],[112.3609731,34.9462052],[112.3600396,34.9446771],[112.3624483,34.9451498],[112.3633951,34.9466735],[112.3639423,34.9451301],[112.3658332,34.9466779],[112.3653612,34.9448091],[112.3676464,34.9443452],[112.3662865,34.9437823],[112.3665252,34.942949],[112.3644814,34.9435163],[112.3616329,34.9424433],[112.3619977,34.9415594],[112.3598117,34.9419024],[112.3579408,34.9413857],[112.3600343,34.9410383],[112.3580494,34.9392574],[112.359235,34.9373444],[112.3619717,34.9358631],[112.3648086,34.9360449],[112.3668203,34.9377138],[112.367405,34.9350026],[112.3679173,34.9357481],[112.3687971,34.9350422],[112.3650232,34.9286938],[112.3660223,34.926995],[112.3629498,34.9214762],[112.361539,34.9161154],[112.3556194,34.9152609],[112.3530686,34.91845],[112.3543131,34.9165102],[112.3535205,34.9153302],[112.3561692,34.9136663],[112.355386,34.9118782],[112.3535702,34.9132968],[112.3534146,34.9117891],[112.3507592,34.9124566],[112.3500779,34.9145219],[112.3489568,34.9136795],[112.3496005,34.9114229],[112.3461056,34.9118408],[112.3454109,34.9100679],[112.3464462,34.9096214],[112.3460957,34.9084916],[112.3491177,34.9091485],[112.3497453,34.908768],[112.3489943,34.9082951],[112.3505849,34.9079234],[112.3465642,34.9067993],[112.3468539,34.9055807],[112.3457864,34.9043181],[112.3468298,34.9025517],[112.3454887,34.9014343],[112.3447698,34.9017928],[112.3461217,34.9030269],[112.3442736,34.903612],[112.3445123,34.9056049],[112.338767,34.9056929],[112.3346499,34.9090715],[112.3331974,34.9072833],[112.3352373,34.9062824],[112.3341697,34.9062208],[112.334328,34.905055],[112.332842,34.9035042],[112.3270968,34.9035064],[112.3276734,34.9009393],[112.3259971,34.9017378],[112.3236769,34.9001738],[112.3212281,34.9004356],[112.3193452,34.9028971],[112.3183581,34.9023054],[112.3192567,34.9010207],[112.3182642,34.9007611],[112.3173898,34.9029059],[112.3193921,34.9045645],[112.3207158,34.9033436],[112.3220247,34.9042477],[112.3218262,34.9025055],[112.3236313,34.9025099],[112.3257932,34.905077],[112.3284164,34.90511],[112.3276252,34.9065508],[112.3298943,34.905077],[112.3313749,34.9056115],[112.3302215,34.9085172],[112.3320168,34.9094352],[112.3304683,34.9104793],[112.3301384,34.9119529],[112.3279685,34.9127513],[112.3299828,34.9129361],[112.3293981,34.9153555],[112.3308814,34.9146935],[112.330876,34.9127272],[112.3321125,34.9108532],[112.3356825,34.9118694],[112.3378175,34.9106992],[112.337206,34.9127382],[112.3347947,34.9143394],[112.3360339,34.9143965],[112.3366709,34.9173162],[112.3375386,34.9139479],[112.3399003,34.9118968],[112.3403522,34.913519],[112.3394223,34.9143907],[112.3414171,34.9152345],[112.3416021,34.916928],[112.3402825,34.9189185],[112.3433456,34.9188569],[112.3393518,34.9208186],[112.3433214,34.9212871],[112.3433778,34.9234863],[112.34146,34.9240801],[112.3447967,34.9240361],[112.3447752,34.9224703],[112.3463845,34.9217335],[112.3473045,34.9225714],[112.3468459,34.9236007],[112.3501128,34.9249333],[112.3473018,34.9265827],[112.3481333,34.9291248],[112.3446035,34.9269521],[112.3441663,34.9283574],[112.3409222,34.9295492],[112.3446491,34.9292392],[112.3439598,34.9302265],[112.3451373,34.9312886],[112.34249,34.9317174],[112.3438069,34.9339384],[112.3421252,34.9335294],[112.3410442,34.9347058],[112.3367205,34.9350114],[112.334843,34.9334645],[112.3333946,34.9354644],[112.3306185,34.9344155],[112.3311764,34.9329643],[112.3291299,34.9332347],[112.3295617,34.9317438],[112.3272416,34.9311523],[112.325989,34.9312711],[112.3257074,34.932276],[112.3243529,34.9317196],[112.3241383,34.9325069],[112.3231512,34.9316163],[112.3227462,34.933404],[112.3216733,34.9319615],[112.3210055,34.9327576],[112.3199514,34.9320935],[112.3192862,34.932652],[112.320528,34.9343386],[112.3170599,34.9357019],[112.3192593,34.9338988],[112.3179075,34.9327488],[112.3160541,34.9333733],[112.3148954,34.9325465],[112.3180926,34.9307741],[112.3140854,34.9308467],[112.3152709,34.9291622],[112.3135275,34.9291138],[112.3141792,34.9282342],[112.312763,34.927271],[112.3147586,34.9261978],[112.3163867,34.92673],[112.3182254,34.9251302],[112.3135972,34.9251093],[112.3132941,34.9231608],[112.3121917,34.9256811],[112.3113361,34.9255733],[112.3102364,34.9240559],[112.3107272,34.9221866],[112.3096436,34.9233499],[112.3087129,34.9229497],[112.3089409,34.9269192],[112.3067924,34.9238799],[112.3061943,34.9253886],[112.3048398,34.9244715],[112.3047808,34.9230531],[112.3034906,34.9239503],[112.3036113,34.9251379],[112.3016185,34.9251005],[112.3016573,34.922799],[112.2985768,34.9227188],[112.2996846,34.9204294],[112.2952455,34.9204492],[112.3034129,34.9188415],[112.3040378,34.9193737],[112.3072645,34.9180233],[112.3064867,34.917258],[112.3054567,34.9181113],[112.3012698,34.9169412],[112.2997087,34.917843],[112.2985433,34.9170204],[112.2969058,34.9177506],[112.2970372,34.9162704],[112.2947493,34.9167345],[112.2962004,34.9152081],[112.2952482,34.9151773],[112.2953287,34.9144185],[112.2933009,34.9153775],[112.2932607,34.9136982],[112.2920698,34.9137653],[112.2936872,34.9119529],[112.2922736,34.9106574],[112.2910345,34.9124841],[112.2895284,34.9106068],[112.2869253,34.9112513],[112.2873062,34.9103847],[112.2866195,34.9105738],[112.2862816,34.9093333],[112.2796029,34.9063198],[112.2796512,34.9075472],[112.2844469,34.910675],[112.283594,34.9112205],[112.2795761,34.9102175],[112.273761,34.9053916],[112.2722885,34.9058865],[112.2736725,34.9057171],[112.2769046,34.9084821],[112.2787955,34.9109214],[112.2785327,34.9118913],[112.2809923,34.9113987],[112.2797906,34.9132176],[112.2817594,34.9122301],[112.2821912,34.9130967],[112.2847474,34.9128217],[112.2834599,34.9149046],[112.2870943,34.9136817],[112.2882557,34.9142712],[112.2878426,34.9158987],[112.2889772,34.9154897],[112.2901574,34.9166553],[112.288709,34.9182543],[112.2868985,34.9177462],[112.2869575,34.9186501],[112.2847983,34.9185413],[112.2848225,34.9192154],[112.2817567,34.9199763],[112.2790933,34.9187931],[112.2757727,34.9189932],[112.2736001,34.9173393],[112.274842,34.9195145],[112.2732863,34.9207219],[112.2763601,34.9198488],[112.28118,34.9213223],[112.2802412,34.9222701],[112.2810969,34.9225956],[112.2809091,34.9235545],[112.2799945,34.9234885],[112.2785783,34.9246607],[112.276293,34.9248828],[112.2760275,34.9251577],[112.279163,34.9259625],[112.2819713,34.9237744],[112.282902,34.9211815],[112.2851825,34.921193],[112.2825024,34.9250895],[112.2826526,34.9263254],[112.2820464,34.9269719],[112.2819042,34.9278252],[112.2820544,34.9281067],[112.2843477,34.9245397],[112.2854769,34.9251049],[112.2850263,34.9237326],[112.286059,34.9224615],[112.2879633,34.9219051],[112.2886902,34.9203898],[112.2915146,34.9198158],[112.2893795,34.9216016],[112.288878,34.9244781],[112.2912933,34.9228045],[112.2922549,34.9238162],[112.2907448,34.9259911],[112.2937059,34.9256986],[112.2947359,34.9265893],[112.2925794,34.9281594],[112.2911404,34.9276899],[112.2917479,34.9288521],[112.289798,34.9299561],[112.2917774,34.9297537],[112.2907367,34.9323233],[112.2929817,34.9312249],[112.293034,34.9297977],[112.295267,34.9300066],[112.2960072,34.9286894],[112.2984266,34.928287],[112.2984025,34.9295591],[112.3009479,34.9294239],[112.2975683,34.9307323],[112.2967395,34.9322826],[112.2966322,34.9333974],[112.300964,34.9325091],[112.3007655,34.9335558],[112.2974664,34.9356425],[112.2983086,34.9363395],[112.2977212,34.9369618],[112.290388,34.9380129],[112.2864988,34.9399478],[112.2840714,34.9395124],[112.2836503,34.9412208],[112.2812363,34.9426786],[112.2790664,34.9415133],[112.2791134,34.9427258],[112.2782001,34.942241],[112.2742009,34.9456709],[112.2743672,34.9464316],[112.2703305,34.9463965],[112.270427,34.9510397],[112.2695634,34.9485477],[112.2683309,34.948606],[112.2689129,34.9467867],[112.2664198,34.9474012],[112.2657895,34.9483312],[112.266389,34.9490732],[112.2651699,34.9494315],[112.265127,34.9479948],[112.2632199,34.9479706],[112.2649178,34.9460007],[112.2626647,34.9446837],[112.2632441,34.9420146],[112.261506,34.942329],[112.2611573,34.9406074],[112.2600201,34.9405392],[112.2610286,34.9383119],[112.2584403,34.9379051],[112.258046,34.9360361],[112.256096,34.9362186],[112.2574773,34.9347937],[112.2561792,34.933879],[112.2541594,34.9340395],[112.2523221,34.9321462],[112.2506458,34.9327773],[112.2465017,34.9316075],[112.2464401,34.9302155],[112.2449273,34.9299605],[112.2451258,34.9288895],[112.2438839,34.9291578],[112.2437337,34.9282672],[112.2414672,34.9276427],[112.2433957,34.9265585],[112.2414806,34.925316],[112.2466359,34.9242076],[112.2487012,34.9226374],[112.2495246,34.9230882],[112.2511715,34.9208868],[112.2494321,34.9207867],[112.2494441,34.9217533],[112.2416711,34.9234951],[112.2396809,34.9247376],[112.2383586,34.9242538],[112.2392732,34.9210012],[112.2420064,34.918991],[112.2428352,34.9166685],[112.2419527,34.91695],[112.2412902,34.9191736],[112.2386402,34.9201589],[112.2376236,34.9224549],[112.2363844,34.9227144],[112.2357702,34.9270687],[112.2250333,34.9297384],[112.2266507,34.930475],[112.2221017,34.9326938],[112.2221071,34.9340527],[112.2210556,34.9340263],[112.2219059,34.93557],[112.2196609,34.9369112],[112.2188616,34.9358734],[112.2180113,34.9377666],[112.215777,34.9359328],[112.2149858,34.9374412],[112.2103456,34.9385318],[112.2121534,34.9372257],[112.2118449,34.9351522],[112.2074783,34.9349147],[112.2092834,34.9332017],[112.212612,34.9328587],[112.2126201,34.931845],[112.2111073,34.9311325],[112.2130626,34.9311171],[112.2135186,34.9300528],[112.2123653,34.9296284],[112.2129124,34.9286542],[112.2113138,34.9272292],[112.2138673,34.9265717],[112.2128695,34.9249048],[112.2104663,34.9246167],[112.2124162,34.9235237],[112.21008,34.922225],[112.2118583,34.921562],[112.2146934,34.9237612],[112.2155142,34.9222855],[112.2148061,34.9205899],[112.2137707,34.9204799],[112.2139156,34.9187513],[112.2169492,34.9195255],[112.216343,34.9177088],[112.2175419,34.9171986],[112.2187489,34.9180739],[112.2182822,34.9160329],[112.2206882,34.9156722],[112.2209752,34.9143482],[112.2187704,34.9143888],[112.2208303,34.9099668],[112.2224665,34.909892],[112.2271657,34.9122565],[112.2265488,34.910829],[112.2240543,34.9104639],[112.2252935,34.9093465],[112.2236574,34.909749],[112.2196341,34.9082467],[112.2205326,34.9045579],[112.2235581,34.9031677],[112.2245774,34.9037616],[112.2239497,34.9029873],[112.2248188,34.9017224],[112.2247329,34.9012385],[112.2236118,34.9028839],[112.2194731,34.9038254],[112.2185156,34.9053652],[112.2187865,34.9071073],[112.2169331,34.9084799],[112.2182393,34.9096874],[112.2160855,34.9123686],[112.2147149,34.913332],[112.2120354,34.9125336],[112.2111475,34.9096984],[112.2081864,34.9060163],[112.2087336,34.9025187],[112.2105521,34.9014893],[112.2071752,34.900396],[112.2083393,34.8986449],[112.2110081,34.8982907],[112.2118905,34.8972414],[112.2127944,34.8978551],[112.2145835,34.8964692],[112.2157744,34.8970852],[112.2156832,34.8960072],[112.2197413,34.8956002],[112.2193444,34.8947907],[112.2128802,34.895862],[112.2118235,34.8949513],[112.2090983,34.8964516],[112.2078109,34.8951756],[112.2075641,34.8964208],[112.2059011,34.8972304],[112.2050911,34.8958884],[112.2052762,34.8928481],[112.2064725,34.8914906],[112.2063947,34.8897504],[112.2085082,34.8893412],[112.2087765,34.8909428],[112.2104126,34.8913542],[112.2103643,34.8884589],[112.2114909,34.8878627],[112.2130144,34.8879023],[112.213355,34.8890178],[112.2145325,34.8886305],[112.2157851,34.8899396],[112.2161257,34.8889342],[112.2209886,34.888888],[112.2160104,34.8881883],[112.2145325,34.8871498],[112.2164959,34.8857549],[112.2198594,34.8853633],[112.2226059,34.8834029],[112.2193471,34.8841818],[112.2189796,34.8831917],[112.2182447,34.884591],[112.2138834,34.8841224],[112.2139451,34.8852973],[112.2104126,34.8863028],[112.2100049,34.8842962],[112.2086236,34.8868352],[112.2038305,34.8870376],[112.2051153,34.884866],[112.20191,34.8856977],[112.199496,34.884712],[112.2000539,34.8829782],[112.1974254,34.8835635],[112.1967763,34.8825074],[112.1984017,34.8813676],[112.1977848,34.8807647],[112.2019046,34.8789032],[112.203691,34.8798494],[112.203235,34.877583],[112.2064966,34.8782343],[112.2076687,34.8779504],[112.2040129,34.8767116],[112.2083554,34.8732964],[112.2012502,34.8763529],[112.2014701,34.8770703],[112.1999627,34.8771055],[112.1983454,34.8786458],[112.1975166,34.8774179],[112.1967977,34.8789032],[112.1959984,34.8784895],[112.1939197,34.8796491],[112.1936676,34.8775324],[112.1952769,34.8772089],[112.1949899,34.8747532],[112.2008988,34.8733141],[112.2041389,34.8710035],[112.2045305,34.8697205],[112.2085136,34.8686532],[112.2101122,34.8667584],[112.206333,34.86818],[112.2036695,34.8663799],[112.2016525,34.8698988],[112.1991017,34.8694267],[112.1989033,34.8705171],[112.196492,34.871492],[112.1948585,34.8706382],[112.1949685,34.8698503],[112.1936113,34.870011],[112.1932894,34.8688028],[112.1915942,34.8689239],[112.1920744,34.8677443],[112.1901083,34.8677267],[112.1903792,34.8661048],[112.1878874,34.8672073],[112.1884695,34.864835],[112.1860018,34.8661334],[112.1872947,34.8628212],[112.1853635,34.8631007],[112.1872061,34.8600834],[112.1849424,34.8589741],[112.1827778,34.8558664],[112.1849665,34.854603],[112.18752,34.8557497],[112.1864498,34.8543741],[112.1889549,34.8542772],[112.1941209,34.8507467],[112.189014,34.8522523],[112.18108,34.8518605],[112.1799266,34.8504165],[112.1805945,34.8491112],[112.1771318,34.8482285],[112.1786043,34.8472028],[112.1772578,34.8469959],[112.1758792,34.8447484],[112.1764049,34.8435046],[112.1816862,34.8423863],[112.1821153,34.8419901],[112.1822306,34.8413913],[112.1816674,34.84212],[112.1757129,34.8420341],[112.1718049,34.8387893],[112.1657324,34.8373275],[112.1618029,34.8341815],[112.1548694,34.8321186],[112.138347,34.8302339],[112.136727,34.8305774],[112.1362978,34.8316958],[112.148931,34.8378558],[112.1566558,34.8430335],[112.1630824,34.8452437],[112.1658933,34.84505],[112.1670574,34.8434034],[112.1685219,34.8433902],[112.1692622,34.8443323],[112.1674168,34.8451688],[112.1680766,34.8478896],[112.1667784,34.8500401],[112.1685165,34.8495713],[112.169413,34.8526826],[112.1646461,34.8532912],[112.1626988,34.8526176],[112.160368,34.8540197],[112.1555749,34.8527783],[112.1566397,34.8538084],[112.1559638,34.8553822],[112.1582839,34.8541298],[112.1612611,34.8547439],[112.161119,34.8562361],[112.1621275,34.8544049],[112.1630984,34.8544929],[112.1647829,34.8556595],[112.1648875,34.8582698],[112.1656787,34.857297],[112.1664861,34.8577856],[112.1658263,34.8547395],[112.1696296,34.8545546],[112.1703055,34.8560953],[112.1725237,34.8566719],[112.1733659,34.8578451],[112.1751362,34.8609703],[112.1739131,34.8615624],[112.1755359,34.8621082],[112.1757773,34.8632966],[112.1721214,34.8656712],[112.1611458,34.8649494],[112.1610975,34.8659221],[112.1567577,34.8679358],[112.1554863,34.8694542],[112.1494514,34.8653609],[112.1455085,34.8661224],[112.1438751,34.8678345],[112.1376121,34.8649692],[112.1364158,34.8665801],[112.1374458,34.8657439],[112.1389586,34.8661928],[112.1427995,34.8693794],[112.1418983,34.8700308],[112.1461871,34.8698944],[112.1464366,34.8705501],[112.1476945,34.8687566],[112.1500951,34.8710783],[112.1516454,34.8711663],[112.1507844,34.871668],[112.1522704,34.8724294],[112.1500897,34.8763177],[112.1521457,34.8745254],[112.1527237,34.8767996],[112.1538609,34.8716724],[112.1542633,34.8740556],[112.1557546,34.8730742],[112.1563044,34.8744495],[112.1570849,34.8735605],[112.1570903,34.8744759],[112.1610546,34.8708758],[112.1603867,34.8763639],[112.1620229,34.8717935],[112.1636859,34.8708978],[112.165204,34.8709837],[112.1649411,34.8728431],[112.1658021,34.8723216],[112.16625,34.874005],[112.1667114,34.8704819],[112.1689564,34.8704709],[112.1689859,34.8718023],[112.1710914,34.8702575],[112.1715689,34.8751889],[112.1722475,34.8720201],[112.1745086,34.8743901],[112.1736664,34.8712147],[112.1757156,34.870757],[112.1769762,34.8723766],[112.1772766,34.8710387],[112.179063,34.8726759],[112.178666,34.8736848],[112.1804363,34.8733801],[112.1830112,34.8750261],[112.1804014,34.8754133],[112.182802,34.8762539],[112.182236,34.8781133],[112.179468,34.8785402],[112.180396,34.8792267],[112.1799427,34.8800298],[112.1813965,34.8797702],[112.1819141,34.8862236],[112.1793956,34.8852951],[112.1789315,34.8837351],[112.1773115,34.882591],[112.1780035,34.8852819],[112.1731165,34.8837527],[112.1701607,34.8844986],[112.1674329,34.8862324],[112.1731406,34.884932],[112.1738031,34.8855723],[112.1730334,34.886712],[112.1751013,34.8857461],[112.1765712,34.8866306],[112.1753561,34.8888462],[112.176708,34.8887031],[112.1786553,34.8866372],[112.1796852,34.8886217],[112.1829066,34.8888263],[112.18476,34.8901772],[112.1823674,34.8911144],[112.1820858,34.8921639],[112.1801613,34.891308],[112.1775502,34.8921001],[112.1798649,34.8929273],[112.1795592,34.8947445],[112.181316,34.8934817],[112.1817318,34.8949248],[112.1840063,34.8959984],[112.1841887,34.8939217],[112.1873403,34.8924477],[112.1891642,34.8944673],[112.1909559,34.8949513],[112.1898615,34.8974152],[112.1931955,34.8971974],[112.1922675,34.8996216],[112.1953922,34.8982863],[112.1914494,34.9022416],[112.1908218,34.904857],[112.186954,34.9071491],[112.1864176,34.9059019],[112.1889603,34.9045469],[112.1895075,34.9027299],[112.1881503,34.9038298],[112.1871793,34.9029323],[112.1854895,34.9044765],[112.184937,34.9025187],[112.1836281,34.903843],[112.1837515,34.9050704],[112.1828073,34.9049648],[112.1813697,34.9031963],[112.1824211,34.9007017],[112.1841779,34.8998504],[112.1821207,34.8998262],[112.1808654,34.8986955],[112.1812034,34.9003234],[112.1803343,34.9008403],[112.1757129,34.9014915],[112.175222,34.9000242],[112.1743476,34.9008909],[112.1720624,34.9007985],[112.1691629,34.903766],[112.1689135,34.901784],[112.1677601,34.9008865],[112.1700132,34.8978067],[112.1694446,34.8963856],[112.1672907,34.8986823],[112.1653408,34.8979629],[112.16658,34.8994918],[112.1661535,34.90207],[112.161878,34.9017378],[112.1610787,34.9003498],[112.1603948,34.9015003],[112.158815,34.9011307],[112.1528256,34.8946345],[112.155996,34.8990915],[112.1560362,34.9004312],[112.1504867,34.895708],[112.1472412,34.8946345],[112.1433949,34.8949073],[112.1413672,34.8971248],[112.1473968,34.8958224],[112.1490275,34.8962536],[112.1501943,34.8977473],[112.1484348,34.8978727],[112.1513021,34.8985415],[112.1493119,34.9009085],[112.1501273,34.9014563],[112.1497947,34.9028993],[112.1513933,34.902114],[112.1516401,34.9030489],[112.1560228,34.9029807],[112.1575087,34.9049472],[112.1611082,34.9055895],[112.1514094,34.9050484],[112.1486762,34.9081587],[112.1442586,34.9087856],[112.1445885,34.9097666],[112.1474531,34.9091331],[112.1479493,34.909903],[112.1479762,34.9091309],[112.1520156,34.9071843],[112.1513075,34.9090825],[112.1518922,34.9099756],[112.1500522,34.9137059],[112.1519244,34.9111699],[112.1534988,34.9135915],[112.1529195,34.9098106],[112.1535122,34.9080399],[112.1550089,34.9072195],[112.1576509,34.9078948],[112.156519,34.9098018],[112.1594962,34.9087372],[112.1585816,34.911722],[112.160655,34.9100613],[112.161642,34.9136223],[112.1608883,34.9144185],[112.1623367,34.9144559],[112.1624091,34.9110313],[112.1630958,34.9109214],[112.1624413,34.9094389],[112.1651839,34.907402],[112.1649921,34.9081433],[112.1672612,34.9085216],[112.1676958,34.9097468],[112.1690851,34.908592],[112.1695277,34.9091991],[112.1683851,34.9148672],[112.1703029,34.9111303],[112.1718746,34.9115636],[112.1715367,34.9102967],[112.1725935,34.9098832],[112.171644,34.9090605],[112.1743584,34.907468],[112.1785963,34.9087988],[112.1772122,34.9112381],[112.1779203,34.9121355],[112.1812355,34.9117044],[112.1806776,34.913255],[112.1766382,34.9154259],[112.1749029,34.9150696],[112.1753937,34.9157338],[112.1739587,34.9162858],[112.1743396,34.9170468],[112.1765739,34.9164992],[112.176531,34.9172909],[112.179586,34.9155578],[112.1800232,34.9166047],[112.1825391,34.9164706],[112.1783951,34.9202886],[112.1767858,34.9203546],[112.176657,34.9216346],[112.1722019,34.9214762],[112.1662715,34.9263518],[112.1621704,34.9238404],[112.1624762,34.9249004],[112.1606094,34.925195],[112.1630019,34.9254062],[112.1653569,34.9270907],[112.1622294,34.9281682],[112.1614408,34.9293645],[112.1661615,34.9279835],[112.1651047,34.9331688],[112.1680605,34.9274074],[112.1718639,34.9253842],[112.1706408,34.9291754],[112.1736234,34.9263166],[112.1750665,34.9267652],[112.1748412,34.9249443],[112.1781886,34.9245749],[112.1780491,34.9260219],[112.1814823,34.9252566],[112.1801949,34.9273436],[112.1810049,34.9278384],[112.1790147,34.9301606],[112.181257,34.9303189],[112.180801,34.9319681],[112.1819705,34.9315679],[112.1837139,34.9284409],[112.1847036,34.9289577],[112.1842048,34.9319505],[112.1830112,34.9323464],[112.1818203,34.9348949],[112.1796343,34.9340483],[112.1765926,34.9353281],[112.1793285,34.9363791],[112.1764773,34.9379205],[112.1803424,34.9382239],[112.1781591,34.9396004],[112.1775985,34.9410361],[112.1766195,34.940935],[112.1765792,34.943226],[112.1733874,34.9437032],[112.1700239,34.942905],[112.1657941,34.9442726],[112.1602955,34.9431161],[112.1597216,34.9420168],[112.1618003,34.940968],[112.1569884,34.9415111],[112.1563607,34.9395498],[112.157262,34.9369728],[112.15554,34.936942],[112.1554595,34.9350422],[112.1534532,34.9344705],[112.1544188,34.9332787],[112.1537751,34.931779],[112.1514523,34.9316427],[112.1499127,34.9298747],[112.1474343,34.9299495],[112.1458089,34.9284629],[112.145015,34.9294085],[112.1464151,34.9293249],[112.146973,34.9313084],[112.1494514,34.9318626],[112.1496659,34.9333711],[112.151522,34.9333799],[112.1507978,34.9360801],[112.1518761,34.9364803],[112.1517688,34.9374961],[112.154054,34.937461],[112.1537188,34.9387912],[112.1514684,34.9390265],[112.1533567,34.939519],[112.1525896,34.9428853],[112.1533808,34.9442792],[112.1511532,34.9476958],[112.148644,34.9488192],[112.1507254,34.9490567],[112.149438,34.9496349],[112.1494406,34.9512837],[112.1523535,34.9485071],[112.1541452,34.9485312],[112.1538717,34.9475881],[112.1564519,34.9454994],[112.1561086,34.9475705],[112.1601105,34.94648],[112.161634,34.9479926],[112.1611512,34.9487137],[112.1655822,34.9486522],[112.1624225,34.9515124],[112.1661481,34.9500834],[112.1665719,34.9509056],[112.1681437,34.9489204],[112.1704155,34.9500152],[112.1699649,34.951088],[112.1667168,34.9523148],[112.1665075,34.9529721],[112.1703404,34.9518531],[112.1716064,34.9529413],[112.1714938,34.9508506],[112.173728,34.9486763],[112.1741679,34.9511013],[112.1759355,34.9496833],[112.1768448,34.9510991],[112.1782771,34.9491182],[112.1801546,34.9487379],[112.1800983,34.9478607],[112.1814448,34.9494898],[112.1826947,34.9478387],[112.1835342,34.9484587],[112.1847466,34.9471462],[112.1841565,34.9461304],[112.1851167,34.9458095],[112.1861333,34.9459216],[112.186439,34.9471176],[112.1874824,34.9463965],[112.1893224,34.9506704],[112.1897382,34.9496525],[112.1912536,34.950068],[112.1902934,34.9478651],[112.1922782,34.9477486],[112.1907628,34.9472099],[112.1910953,34.9460403],[112.1956176,34.9467438],[112.1965751,34.9452554],[112.1953332,34.9448706],[112.1953788,34.9440242],[112.1971035,34.9421355],[112.1993834,34.9444375],[112.1997696,34.9461194],[112.201564,34.9466559],[112.2005206,34.948872],[112.2047746,34.9477464],[112.2069606,34.9489072],[112.204619,34.9494744],[112.2055176,34.9500988],[112.2105736,34.9505868],[112.2106969,34.9516091],[112.2097152,34.9518158],[112.2068399,34.9508309],[112.2069445,34.9518685],[112.2040263,34.9528732],[112.203801,34.9539174],[112.2058529,34.9541439],[112.2067782,34.955309],[112.2126335,34.9543945],[112.2067809,34.9574194],[112.2061452,34.9585471],[112.1988255,34.9611783],[112.198399,34.9602661],[112.1993083,34.9597231],[112.1975219,34.959389],[112.1894646,34.9511958],[112.1880698,34.9529172],[112.1893921,34.9533524],[112.1861225,34.9548605],[112.1886277,34.9546429],[112.1904114,34.9558124],[112.1909666,34.9568654],[112.1902505,34.957848],[112.1911329,34.9576854],[112.1900895,34.9597913],[112.1929809,34.957903],[112.1952367,34.9618488],[112.1944186,34.9624862],[112.1962935,34.9638513],[112.18776,34.9666747],[112.1814314,34.9671429],[112.1808627,34.966367],[112.1778962,34.9673297],[112.1668616,34.9659482],[112.1659818,34.9642909],[112.1651798,34.9654009],[112.1617681,34.9650185],[112.1551242,34.9614927],[112.1551484,34.9596462],[112.1523106,34.9600858],[112.1482256,34.9588153],[112.1431522,34.9558465],[112.1424039,34.9545352],[112.1415496,34.9555948],[112.135817,34.9557635],[112.1326312,34.9546902],[112.1321967,34.9552859],[112.1242225,34.9543263],[112.1236378,34.953447],[112.1232086,34.9541593],[112.1202703,34.9540812],[112.1198693,34.9529457],[112.1190861,34.9541768],[112.1161115,34.954223],[112.1143547,34.9537811],[112.1138182,34.952583],[112.1133649,34.9536075],[112.1086764,34.9536097],[112.108258,34.9529413],[112.1003804,34.9544736],[112.0990419,34.953957],[112.094619,34.9562367],[112.0935649,34.9554651],[112.0897695,34.9564016],[112.0855665,34.9558981],[112.0865241,34.9565137],[112.0860681,34.9571995],[112.0880851,34.9567489],[112.0902416,34.9582217],[112.0958152,34.9590549],[112.0971349,34.9599737],[112.096982,34.9610091],[112.1037278,34.9625786],[112.1097976,34.9599825],[112.1106184,34.9618642],[112.1115732,34.9603958],[112.1138692,34.9602331],[112.1135446,34.9618752],[112.1153256,34.9606859],[112.1149179,34.9633149],[112.1165031,34.9607717],[112.1185443,34.9604727],[112.1186435,34.9629852],[112.1201107,34.9609497],[112.1237317,34.9597363],[112.1229967,34.9625522],[112.1260223,34.9607959],[112.1276182,34.9614487],[112.1272266,34.9630182],[112.1300134,34.9615059],[112.1294206,34.963205],[112.1335191,34.9610399],[112.1340984,34.9628379],[112.1334225,34.9638733],[112.1351284,34.9630973],[112.1354341,34.9647063],[112.1380171,34.9616905],[112.1396559,34.9628204],[112.1393073,34.9647877],[112.1415818,34.9633215],[112.1423784,34.9649437],[112.1441486,34.9637678],[112.1446529,34.9651504],[112.1426815,34.9661241],[112.136668,34.9662208],[112.1308503,34.9687529],[112.1291953,34.9683661],[112.129426,34.9668143],[112.1273822,34.9660494],[112.1267974,34.9663791],[112.1275645,34.9677067],[112.1252471,34.9661812],[112.1231604,34.9660362],[112.1236646,34.9668934],[112.1188956,34.970564],[112.1148455,34.9709816],[112.1146497,34.9717795],[112.1123511,34.9712937],[112.1110046,34.9732586],[112.1101463,34.9724147],[112.1108544,34.9736543],[112.1131128,34.9728762],[112.1147141,34.9751795],[112.1159238,34.9721421],[112.1180266,34.9730696],[112.1240348,34.972274],[112.1246999,34.9735663],[112.1279401,34.9721333],[112.1279722,34.9755411],[112.1297693,34.9721971],[112.1322182,34.9722762],[112.1325025,34.9732059],[112.13471,34.97203],[112.1321484,34.9794058],[112.1350908,34.9761993],[112.1373627,34.9715201],[112.1409434,34.9711333],[112.1407288,34.9723927],[112.1416676,34.9724169],[112.1391571,34.9785465],[112.143513,34.9724498],[112.1442425,34.9772828],[112.1457338,34.9725158],[112.1469596,34.9727421],[112.1460409,34.9746345],[112.1466324,34.9761048],[112.1469408,34.9748806],[112.1496499,34.9732059],[112.1525319,34.9728773],[112.1528792,34.9773905],[112.1559182,34.9735246],[112.1582329,34.9725927],[112.1577582,34.9761576],[112.1586728,34.977974],[112.156409,34.9800321],[112.1578896,34.9800937],[112.159279,34.9824232],[112.1623099,34.9840802],[112.1571761,34.9845021],[112.1538019,34.9830605],[112.1525091,34.9833681],[112.1519673,34.9841769],[112.1536839,34.9835396],[112.1565565,34.9855613],[112.1560791,34.9868974],[112.1573988,34.9856888],[112.1586835,34.98657],[112.1596277,34.9860448],[112.1618673,34.9868227],[112.1622884,34.9881587],[112.1600407,34.9888751],[112.1615535,34.9893168],[112.1606281,34.9903737],[112.1557224,34.9920284],[112.1619505,34.9913076],[112.1644315,34.9885026],[112.1644986,34.9871369],[112.1667919,34.9855064],[112.1677172,34.9860184],[112.1656546,34.9873061],[112.1613604,34.9928919],[112.161878,34.9937752],[112.1604922,34.9967424],[112.1580881,34.9975721],[112.1590376,34.9990222],[112.157836,34.9995012],[112.1583679,35.0002095],[112.1542633,35.0016324],[112.1537805,35.0038427],[112.1543598,35.0027705],[112.157447,35.003858],[112.155261,35.0044622],[112.1560067,35.0053652],[112.153185,35.0050071],[112.1535954,35.0058463],[112.152434,35.0068306],[112.1529758,35.0079203],[112.1516857,35.0086892],[112.1496552,35.0078961],[112.1507308,35.0096251],[112.1478206,35.0106708],[112.1480298,35.0115231],[112.1438134,35.0117252],[112.1443552,35.0100798],[112.1418393,35.0080125],[112.1386421,35.0079554],[112.1351606,35.0061078],[112.1359813,35.0051872],[112.1349138,35.0036977],[112.1320867,35.0040492],[112.1300268,35.0025596],[112.1267331,35.0031176],[112.1276718,35.0017423],[112.1263093,35.0025728],[112.1264058,35.0035351],[112.130456,35.0032143],[112.1311694,35.0051477],[112.1339938,35.0055377],[112.134541,35.0071535],[112.1361235,35.0072766],[112.1359035,35.0089638],[112.1394414,35.009401],[112.1401575,35.01035],[112.1400046,35.011097],[112.138111,35.0100381],[112.1372473,35.0107806],[112.1393689,35.0119405],[112.1415442,35.0107279],[112.140981,35.0132894],[112.1427405,35.0136716],[112.1329424,35.0174104],[112.1306598,35.0154971],[112.1310943,35.01716],[112.129831,35.0180035],[112.1249896,35.0175466],[112.1259767,35.0184077],[112.1202341,35.0196159],[112.1193516,35.020835],[112.1177879,35.020657],[112.1173829,35.0217839],[112.1117288,35.0230776],[112.1105593,35.024211],[112.1046987,35.0258759],[112.1042669,35.0250874],[112.1036956,35.0263021],[112.101708,35.0269698],[112.0871919,35.026245],[112.0818248,35.0263767],[112.0788234,35.0274574],[112.0748538,35.0259177],[112.0718819,35.0264426],[112.0696449,35.0250742],[112.0688322,35.0216016],[112.0677862,35.0225021],[112.0674352,35.0251268],[112.0650449,35.0245339],[112.0645715,35.0230831],[112.0635258,35.0233025],[112.0639868,35.0248601],[112.0619094,35.0249996],[112.0615339,35.022959],[112.0603631,35.0222968],[112.0601875,35.0247052],[112.0572183,35.0249073],[112.0563036,35.0214258],[112.0557269,35.0237849],[112.0543885,35.0238662],[112.0556679,35.0243494],[112.0554212,35.0250413],[112.0512477,35.0242901],[112.0501104,35.0251248],[112.0483482,35.0231875],[112.048375,35.0252005],[112.045379,35.0247338],[112.0449364,35.0253993],[112.043649,35.0235982],[112.0415756,35.0231699],[112.0427611,35.0256475],[112.0405135,35.0252478],[112.0398831,35.0264229],[112.03899,35.0258803],[112.0370695,35.0273476],[112.0353153,35.0261681],[112.0350417,35.0268819],[112.0285884,35.0276441],[112.0281652,35.0251835],[112.0277984,35.0259056],[112.025595,35.0256629],[112.0248333,35.0238376],[112.0241211,35.0243659],[112.0247045,35.0258814],[112.0272928,35.0267743],[112.0249835,35.0307036],[112.0228484,35.029981],[112.0228484,35.0323266],[112.0208421,35.0327154],[112.0189404,35.0305718],[112.0183799,35.0314042],[112.015864,35.0302533],[112.0158023,35.0311703],[112.0150647,35.0307662],[112.0161845,35.0314404],[112.0154563,35.0320038],[112.0182565,35.0338904],[112.0180956,35.0363743],[112.0204344,35.0354255],[112.0240434,35.0357495],[112.0223415,35.0368113],[112.0197438,35.0367158],[112.0192865,35.0375031],[112.021978,35.0381378],[112.0202963,35.0390997],[112.0226821,35.0395433],[112.0261261,35.0376854],[112.0246616,35.0404371],[112.0219687,35.0409487],[112.0231837,35.0425859],[112.0213893,35.0421346],[112.0195493,35.042957],[112.0211291,35.0428681],[112.0225078,35.0450728],[112.0235565,35.0448927],[112.0237282,35.0469459],[112.0228592,35.0474444],[112.0242673,35.0483512],[112.0224059,35.0488782],[112.0247716,35.050255],[112.023924,35.0513836],[112.0259343,35.0518371],[112.0244309,35.0537682],[112.0224005,35.053239],[112.0227599,35.0543544],[112.0205712,35.0559199],[112.0188653,35.0551141],[112.0179883,35.0566401],[112.0162529,35.0557267],[112.016277,35.057593],[112.0126212,35.0582473],[112.0119533,35.0601333],[112.0052776,35.0599289],[112.0088527,35.0577906],[112.0086649,35.0561088],[112.0101133,35.0550812],[112.0080426,35.0548287],[112.0087883,35.0532786],[112.0078415,35.0534454],[112.0063602,35.0510274],[112.0039925,35.0494623],[112.0015866,35.0452199],[111.9989124,35.043439],[111.9981433,35.0406984],[111.9959566,35.0382805],[111.998046,35.0439946],[111.9970268,35.0453122],[111.9987206,35.0463596],[112.0022169,35.0529788],[112.0061383,35.055685],[112.0055442,35.056078],[112.0061865,35.0570222],[112.0048776,35.0575469],[112.0024207,35.0566357],[111.9989526,35.0572022],[112.0003755,35.0588972],[111.9995964,35.0602101],[112.0021632,35.0620455],[112.0022383,35.0639303],[112.0000416,35.0630192],[111.9988601,35.0641938],[111.9962101,35.0643639],[111.9954979,35.0636087],[111.9944948,35.0644056],[111.9911581,35.0642673],[111.9921385,35.0631575],[111.9914847,35.0627755],[111.989353,35.0642904],[111.9883405,35.0640456],[111.9886932,35.0625977],[111.9866922,35.063679],[111.9865997,35.06122],[111.987513,35.0600257],[111.9866976,35.0601541],[111.9860405,35.0575689],[111.9849274,35.0571638],[111.9862973,35.0558985],[111.9848335,35.0565501],[111.9838008,35.0552613],[111.9845311,35.0506673],[111.9826743,35.0521423],[111.9825751,35.0552437],[111.9839349,35.0571868],[111.9829921,35.0580146],[111.9843212,35.0617382],[111.9822867,35.0618864],[111.9803421,35.0605866],[111.9812755,35.0625241],[111.9840677,35.0634386],[111.9819126,35.0658151],[111.9835997,35.0665922],[111.9785115,35.0664627],[111.9775888,35.0644276],[111.972034,35.0605054],[111.9728976,35.0630807],[111.9752419,35.0642849],[111.9754095,35.0657141],[111.9744654,35.0662849],[111.9715264,35.0653886],[111.9718744,35.066489],[111.9698533,35.0662992],[111.967141,35.0675428],[111.9661546,35.0661587],[111.9654317,35.0674561],[111.9586726,35.0639698],[111.959614,35.0655209],[111.959036,35.0661927],[111.9623767,35.0675384],[111.9637272,35.0695932],[111.9614607,35.0692727],[111.960998,35.0703846],[111.9624585,35.0707984],[111.9607808,35.0714361],[111.9601893,35.0700284],[111.9590226,35.0701069],[111.9591232,35.0709565],[111.9574924,35.0699302],[111.9568178,35.0706458],[111.9587356,35.0726182],[111.957137,35.074179],[111.9549362,35.0703385],[111.9539519,35.0712682],[111.9552299,35.073499],[111.9537252,35.0733009],[111.9541651,35.0744775],[111.9556001,35.0749122],[111.9538057,35.0750494],[111.9528186,35.0761853],[111.9507761,35.0747816],[111.949769,35.0707874],[111.9486974,35.0733635],[111.9493251,35.0745127],[111.9460152,35.0736741],[111.9492211,35.0754022],[111.9496872,35.0772746],[111.9455954,35.0785384],[111.9453507,35.0768351],[111.9434336,35.0789906],[111.9424506,35.0769865],[111.9412268,35.0775134],[111.9416271,35.0789533],[111.9399266,35.0789248],[111.9396436,35.0780961],[111.9374777,35.0788479],[111.938279,35.077211],[111.937632,35.07329],[111.9369386,35.0725107],[111.9358899,35.0772137],[111.9336301,35.077104],[111.9340378,35.078837],[111.9320503,35.0789335],[111.9311544,35.0779315],[111.9325438,35.0768834],[111.9320315,35.0736291],[111.9316815,35.0764487],[111.9302948,35.0765091],[111.928829,35.0724736],[111.9288772,35.0767418],[111.9299246,35.0773762],[111.9299568,35.0786668],[111.924296,35.0776868],[111.924642,35.0739463],[111.9235718,35.0726599],[111.9243175,35.0712528],[111.9228476,35.0684758],[111.9221368,35.0732526],[111.922861,35.0743327],[111.9219625,35.0742778],[111.9224855,35.075979],[111.9212034,35.0774321],[111.9176736,35.0732417],[111.9150102,35.072256],[111.9155949,35.0706568],[111.9130978,35.070625],[111.912623,35.0696722],[111.9122878,35.0708269],[111.9087768,35.0692661],[111.9081531,35.0702244],[111.9050243,35.0698885],[111.9079265,35.0662322],[111.907382,35.0658678],[111.9054227,35.0662004],[111.9056198,35.066893],[111.9041499,35.0671466],[111.9023234,35.0694209],[111.9016515,35.0680126],[111.8983389,35.0679599],[111.8980922,35.0670895],[111.897777,35.0682475],[111.8996277,35.0692859],[111.8954502,35.0722055],[111.8949312,35.0737905],[111.8939468,35.0741834],[111.8945557,35.0728334],[111.8940836,35.0721265],[111.8924367,35.0739375],[111.8899181,35.0739705],[111.8856615,35.0709631],[111.8847978,35.0688271],[111.880914,35.0672552],[111.8825769,35.0653145],[111.8814182,35.063848],[111.8808308,35.0640675],[111.8819278,35.0654111],[111.8801683,35.0671982],[111.8815631,35.0687612],[111.8838644,35.0694461],[111.8845913,35.0715931],[111.881319,35.0706711],[111.8765742,35.065668],[111.8743613,35.0650203],[111.8690801,35.0645593],[111.8526971,35.0671345],[111.8524504,35.0647284],[111.8519649,35.0654177],[111.8509591,35.064129],[111.8492264,35.0656175],[111.8485773,35.0639402],[111.8474051,35.0649237],[111.8481052,35.0663551],[111.8432075,35.0674089],[111.8426093,35.0666361],[111.8439102,35.0639644],[111.8424243,35.0619292],[111.8381958,35.0595471],[111.8377304,35.0565237],[111.8391359,35.0552964],[111.836459,35.0549912],[111.8363062,35.0511487],[111.8339646,35.0450783],[111.8351997,35.0438595],[111.843347,35.0428615],[111.8430948,35.0419908],[111.8384224,35.0430822],[111.8318349,35.0419743],[111.830923,35.045848],[111.8279551,35.045501],[111.8295832,35.0468965],[111.826968,35.050019],[111.8277003,35.0528235],[111.8260829,35.0533642],[111.8244562,35.0524563],[111.8254057,35.0536595],[111.8243234,35.054619],[111.8271478,35.053755],[111.8276279,35.0546871],[111.8277526,35.0596096],[111.8261097,35.0633518],[111.8218504,35.0611673],[111.8150014,35.061029],[111.8163022,35.0592529],[111.8117318,35.0606756],[111.8131037,35.0590904],[111.8114099,35.0588401],[111.8087974,35.0521412],[111.8108547,35.0526835],[111.8131822,35.0517289],[111.8101948,35.0515944],[111.8091796,35.0500223],[111.8099239,35.0486982],[111.808379,35.0483908],[111.8097308,35.0464386],[111.807353,35.0446149],[111.807915,35.0428801],[111.8106079,35.042184],[111.8110639,35.039955],[111.8094116,35.0414121],[111.8077916,35.0415219],[111.8079203,35.0404019],[111.8058456,35.0381696],[111.8064156,35.0376041],[111.8051456,35.0372846],[111.8071532,35.0358757],[111.8054527,35.0361645],[111.8041156,35.0338783],[111.8056217,35.032957],[111.8040043,35.0329196],[111.8038863,35.03129],[111.8028161,35.0306882],[111.8032292,35.0287466],[111.8046212,35.0280262],[111.8024433,35.0272926],[111.8042806,35.0265239],[111.8031299,35.0250149],[111.8036476,35.0263438],[111.8018129,35.0267106],[111.8020678,35.0294253],[111.8012899,35.0297767],[111.7975724,35.028135],[111.7977239,35.0264064],[111.796596,35.0280142],[111.7945576,35.0270862],[111.7895029,35.0271883],[111.788646,35.0250984],[111.785886,35.026737],[111.782096,35.0263712],[111.7803217,35.0246371],[111.7796472,35.0250479],[111.7801273,35.0261549],[111.7754146,35.0258101],[111.7744678,35.02525],[111.7750968,35.0241649],[111.7745255,35.0233906],[111.7739528,35.0258496],[111.7783879,35.026614],[111.7723824,35.0280416],[111.7704043,35.0198542],[111.7679179,35.0183989],[111.7696586,35.0163384],[111.7676255,35.0153587],[111.7650251,35.0166196],[111.764203,35.0154466],[111.758675,35.0131202],[111.7592597,35.0113803],[111.7581761,35.0088386],[111.7596865,35.0073797],[111.756843,35.0088155],[111.7579937,35.0104939],[111.7571555,35.0121932],[111.748099,35.0146689],[111.7466453,35.0134695],[111.7477819,35.0107433],[111.7476431,35.0099985],[111.7481098,35.0095174],[111.7482392,35.0085035],[111.7462564,35.0118669],[111.7456824,35.0118417],[111.7454919,35.010651],[111.7451473,35.0098733],[111.7448643,35.0097558],[111.7453994,35.0131268],[111.7426246,35.0121602],[111.7426461,35.0112958],[111.7402348,35.0111057],[111.7372924,35.007683],[111.7374909,35.005341],[111.7342494,35.0032165],[111.7351493,35.0017708],[111.7284358,35.0017621],[111.7278799,34.9966366],[111.7270034,35.0007756],[111.7255819,35.0010853],[111.724564,35.0000351],[111.7248899,35.0012765],[111.7237982,35.001349],[111.7247155,35.0024717],[111.7188174,35.0013951],[111.7189649,35.0022037],[111.7141825,35.001929],[111.7141342,35.0027222],[111.708456,35.002419],[111.7018953,35.0009623],[111.7016566,35.0000571],[111.7036937,34.9985454],[111.7013374,34.9995671],[111.6943543,34.9977336],[111.6922098,34.9981653],[111.6913006,34.9961604],[111.6911021,34.9977017],[111.6900882,34.9975435],[111.6872826,34.995276],[111.6840479,34.9899211],[111.6793352,34.9875105],[111.6747835,34.9884862],[111.6622214,34.9862392],[111.6609541,34.984112],[111.66163,34.9813244],[111.6706797,34.9744565],[111.6727906,34.9689309],[111.6737683,34.968798],[111.6726834,34.9669264],[111.6745448,34.9617059],[111.6755278,34.962217],[111.6754863,34.9553244],[111.6771653,34.9525105],[111.6760281,34.9506682],[111.6761166,34.9479135],[111.673956,34.9463776],[111.6708178,34.9484641],[111.6729864,34.9512442],[111.673193,34.9530557],[111.6718706,34.9591824],[111.6699529,34.9612641],[111.6705886,34.9660735],[111.6699877,34.9669945],[111.66866,34.9667483],[111.66991,34.9677155],[111.668943,34.9707366],[111.6636202,34.9759663],[111.6619626,34.9752455],[111.6627914,34.9765707],[111.6599536,34.9787377],[111.6570783,34.9783322],[111.6587788,34.9787861],[111.659106,34.979953],[111.657494,34.9807881],[111.6577341,34.9823452],[111.6566437,34.9821814],[111.6562951,34.9839989],[111.6571855,34.9841505],[111.6573304,34.9863876],[111.6528779,34.9865414]],[[111.9657683,35.0685724],[111.9655605,35.0681339],[111.9657683,35.0682085],[111.9657683,35.0685724]],[[112.0098799,35.0767122],[112.0108509,35.0743853],[112.0126748,35.0734897],[112.012369,35.078376],[112.0098799,35.0767122]],[[112.0259464,35.0609939],[112.0260885,35.0604582],[112.0262629,35.0610488],[112.0259464,35.0609939]],[[112.1257246,35.0443964],[112.1256226,35.0431272],[112.1258453,35.0430668],[112.1257246,35.0443964]],[[112.1609473,35.0125512],[112.161642,35.0119021],[112.1620269,35.012292],[112.1616501,35.0123162],[112.1609473,35.0125512]],[[112.1636362,35.0103588],[112.1619639,35.0090802],[112.1643886,35.0086804],[112.1636362,35.0103588]],[[112.1838158,34.943281],[112.1861413,34.942373],[112.1868709,34.9427511],[112.1865195,34.9441077],[112.1847761,34.9450487],[112.184025,34.9450289],[112.1855432,34.9437361],[112.1838158,34.943281]],[[112.1866026,34.9420146],[112.1872169,34.9414143],[112.1873322,34.9414957],[112.1866026,34.9420146]],[[112.1888852,34.9208318],[112.1914333,34.9191736],[112.1902209,34.9210803],[112.1908969,34.9220656],[112.1922487,34.9216609],[112.1910524,34.9246409],[112.1899635,34.9244561],[112.1888852,34.9208318]],[[112.1896443,34.9081697],[112.1900144,34.9072393],[112.1902665,34.9078816],[112.1896443,34.9081697]],[[112.1908486,34.910344],[112.1910846,34.9100811],[112.1910075,34.9105287],[112.1908486,34.910344]],[[112.1958429,34.9770411],[112.1963418,34.9763905],[112.1963096,34.977274],[112.1958429,34.9770411]],[[112.2162491,34.9446728],[112.2178021,34.9439516],[112.2184512,34.9410318],[112.2212917,34.938767],[112.2216752,34.942008],[112.2193927,34.943336],[112.2192103,34.9443715],[112.2209725,34.9450641],[112.2198486,34.9463283],[112.2206533,34.9481157],[112.2216725,34.948307],[112.2209725,34.9495689],[112.2226113,34.949514],[112.2203958,34.9507319],[112.2204414,34.9518619],[112.2195429,34.9509496],[112.2206506,34.9492809],[112.2180757,34.9490875],[112.2186819,34.9483356],[112.2173488,34.9475045],[112.2162491,34.9446728]],[[112.2237968,34.9495931],[112.2247839,34.9487247],[112.2250441,34.9490721],[112.2237968,34.9495931]],[[112.2377631,34.9574963],[112.2377014,34.9567027],[112.2384256,34.9577073],[112.2377631,34.9574963]],[[112.2413975,34.9607739],[112.2415531,34.9602023],[112.2419554,34.9607959],[112.2413975,34.9607739]],[[112.2711727,34.950943],[112.2719023,34.9508331],[112.2734311,34.9516421],[112.2718137,34.951486],[112.2711727,34.950943]],[[112.2716555,34.9695156],[112.2731575,34.969487],[112.2740051,34.9710608],[112.272951,34.9706761],[112.2716555,34.9695156]],[[112.3008218,34.9361417],[112.3002559,34.9358558],[112.3009399,34.9360207],[112.3008218,34.9361417]],[[112.3069212,34.9324475],[112.3077285,34.9311435],[112.3088095,34.931038],[112.3083749,34.9337845],[112.3069212,34.9324475]],[[112.3086043,34.9293161],[112.3086888,34.9290325],[112.3087826,34.9291468],[112.3086043,34.9293161]],[[112.3114005,34.9735652],[112.3115011,34.9734279],[112.3117277,34.9735839],[112.3114005,34.9735652]],[[112.3174944,35.0031638],[112.3180014,35.0024431],[112.3191011,35.0029309],[112.3182213,35.0032517],[112.3174944,35.0031638]],[[112.3464757,34.9420717],[112.3465776,34.9411285],[112.3467815,34.9411373],[112.3464757,34.9420717]],[[112.3496354,34.9428017],[112.3494905,34.9423334],[112.3498633,34.9423862],[112.3496354,34.9428017]],[[112.3505151,34.941709],[112.3508236,34.9406492],[112.3513868,34.9415836],[112.3505151,34.941709]],[[112.3573641,34.9404953],[112.3572421,34.9400709],[112.3574902,34.9401633],[112.3573641,34.9404953]],[[112.3583177,34.9186347],[112.3589802,34.9172953],[112.3593906,34.9170182],[112.3592296,34.9183752],[112.3583177,34.9186347]]]}},{"type":"Feature","properties":{"id":"HN_RSV_017","code":"HN_RSV_017","name_cn":"三门峡水库","city":"三门峡市","city_official":"三门峡市","city_spatial_primary":"三门峡市","city_spatial_intersections":[{"name":"三门峡市","geometry_ratio_pct":52.6}],"lon":111.122359,"lat":34.775037,"area_km2":34.31,"area_definition":"SHP水面几何的WGS84椭球面积；随边界数据时相和水位变化","center_method":"polygon_representative_point","osm_id":"4488253","feature_class":"riverbank","data_source":"河南省25个省控水库/25个省控水库.shp","geometry_status":"verified-valid","online_name":"","online_display_name":"","online_center_offset_m":null,"online_validation_status":"official-city-only"},"geometry":{"type":"Polygon","coordinates":[[[110.9740269,34.7119142],[110.9785438,34.7174107],[110.9931269,34.7231405],[111.0081768,34.7263414],[111.0183477,34.730737],[111.0260671,34.7386458],[111.0301964,34.7508866],[111.0348333,34.7539482],[111.0410821,34.7542209],[111.0734028,34.7444777],[111.0840324,34.7534783],[111.0926798,34.7556511],[111.0936986,34.7582152],[111.092362,34.7616311],[111.093412,34.7630485],[111.091741,34.7629163],[111.0919502,34.7670698],[111.0942543,34.7688148],[111.1002948,34.7697745],[111.1068499,34.768231],[111.1116644,34.7732544],[111.1168599,34.7738163],[111.1162538,34.7755436],[111.1185497,34.7816812],[111.120336,34.7842367],[111.1257112,34.7879464],[111.1279267,34.7950127],[111.1322444,34.8023105],[111.1324195,34.8036119],[111.1289191,34.8046377],[111.1337295,34.8046252],[111.1340654,34.805978],[111.1316979,34.8115879],[111.1340475,34.8113765],[111.1359991,34.8186406],[111.1389752,34.8211732],[111.1471266,34.8207076],[111.1436954,34.8211437],[111.1463266,34.8238972],[111.1496848,34.8253219],[111.1525199,34.8240514],[111.1490545,34.8219397],[111.1492341,34.8207045],[111.151557,34.8202443],[111.1566103,34.82216],[111.1612357,34.8213684],[111.1617279,34.8228271],[111.1634941,34.8244301],[111.162664,34.8251149],[111.1639246,34.826033],[111.1637516,34.8234062],[111.1627418,34.8235295],[111.1614355,34.8195526],[111.1635223,34.818159],[111.1651773,34.8149815],[111.1722073,34.8115593],[111.1729583,34.8084784],[111.1722202,34.8072039],[111.1743579,34.8050182],[111.1747364,34.8092421],[111.1769414,34.8086016],[111.1773667,34.8092642],[111.1848298,34.8050274],[111.2011349,34.8062475],[111.2045976,34.8045957],[111.2078887,34.8015784],[111.2144722,34.7919928],[111.2207606,34.7915809],[111.2309799,34.7938541],[111.2331176,34.7952549],[111.2348691,34.7983584],[111.2376076,34.8103547],[111.2334475,34.8124776],[111.2323022,34.8140544],[111.2326536,34.8159085],[111.2299097,34.8160671],[111.2301765,34.81878],[111.2286866,34.8206384],[111.227096,34.819936],[111.2299606,34.8240866],[111.2337613,34.8188152],[111.2330103,34.813843],[111.2375298,34.8110264],[111.2379214,34.8145741],[111.2399277,34.8188504],[111.2463033,34.8241549],[111.2514558,34.824527],[111.2586763,34.8220543],[111.266275,34.8158381],[111.2670851,34.8207661],[111.2812042,34.8149814],[111.2820947,34.8173002],[111.2806544,34.8191202],[111.2817138,34.8198876],[111.2832078,34.8175909],[111.2830496,34.8144552],[111.2880063,34.813517],[111.2918901,34.8176085],[111.2967473,34.8203405],[111.3006744,34.821114],[111.3005885,34.8229086],[111.3021362,34.8212528],[111.3043089,34.821653],[111.3055283,34.8242312],[111.3062507,34.822259],[111.308831,34.8220697],[111.3097322,34.8225255],[111.3098234,34.8254671],[111.3100889,34.821517],[111.3169661,34.8237002],[111.3266811,34.830595],[111.3282153,34.8328891],[111.3317209,34.8347231],[111.3300285,34.834624],[111.3294867,34.8350159],[111.3323727,34.8360858],[111.33524,34.8344192],[111.336675,34.8347363],[111.3376459,34.8361827],[111.3373589,34.8376357],[111.3385123,34.8373957],[111.3390702,34.8382983],[111.3389307,34.8395311],[111.3408592,34.8361254],[111.3392982,34.8347715],[111.3460802,34.8327163],[111.3473287,34.8313348],[111.3472483,34.8300919],[111.3418691,34.8294953],[111.3391963,34.8308988],[111.3338681,34.82958],[111.3298997,34.824353],[111.3206327,34.8202377],[111.3196242,34.8186104],[111.3200211,34.8173553],[111.3185406,34.8187425],[111.3055576,34.8126779],[111.2998509,34.8107159],[111.2973146,34.8109165],[111.2943735,34.8096153],[111.2927645,34.8064765],[111.2916836,34.807919],[111.2822127,34.802259],[111.2796754,34.801704],[111.2806034,34.8037764],[111.282594,34.8046872],[111.2780178,34.8048138],[111.2770951,34.8034042],[111.2771809,34.7997482],[111.274386,34.7975412],[111.2727199,34.7978268],[111.2720981,34.7969906],[111.2695071,34.7973782],[111.2633541,34.8004992],[111.2645853,34.8043997],[111.2667632,34.8048798],[111.2667096,34.8077032],[111.2598377,34.8146137],[111.2581533,34.8182119],[111.2555033,34.8209533],[111.2511232,34.8219001],[111.2453538,34.8204491],[111.2438303,34.8189583],[111.2403381,34.8040627],[111.2360305,34.7948981],[111.2313473,34.7908584],[111.2232712,34.7885697],[111.2167373,34.7889871],[111.2104449,34.7916954],[111.2030017,34.8029197],[111.173763,34.8015784],[111.1622194,34.8058883],[111.1578494,34.8113721],[111.1540675,34.8106939],[111.1486467,34.8077538],[111.1493843,34.8068003],[111.1456459,34.8021681],[111.143492,34.8025698],[111.1447817,34.8011446],[111.1377188,34.7912977],[111.1375455,34.7885233],[111.1361235,34.7886525],[111.1308932,34.7800422],[111.1302709,34.7766495],[111.1278248,34.7740938],[111.1258668,34.7685438],[111.1229431,34.7643992],[111.1189842,34.7611117],[111.1122776,34.7515075],[111.1012145,34.7476668],[111.094307,34.742093],[111.0902587,34.7414864],[111.0901952,34.7430663],[111.0840701,34.7408775],[111.0735892,34.7397434],[111.0586077,34.744059],[111.0433164,34.7503996],[111.0353073,34.7508756],[111.0291249,34.7374291],[111.0218239,34.7300889],[111.0099417,34.7244632],[110.9963322,34.72154],[110.9839994,34.7173489],[110.9797829,34.7132768],[110.9784579,34.7099474],[110.9740269,34.7119142]],[[111.3389249,34.8367854],[111.3386169,34.8359823],[111.3391158,34.8358921],[111.3389249,34.8367854]],[[111.3386558,34.8350313],[111.3386773,34.8348133],[111.33903,34.8348097],[111.3386558,34.8350313]]]}},{"type":"Feature","properties":{"id":"HN_RSV_018","code":"HN_RSV_018","name_cn":"宿鸭湖水库","city":"驻马店市","city_official":"驻马店市","city_spatial_primary":"驻马店市","city_spatial_intersections":[{"name":"驻马店市","geometry_ratio_pct":100.0}],"lon":114.257095,"lat":33.024839,"area_km2":72.78,"area_definition":"SHP水面几何的WGS84椭球面积；随边界数据时相和水位变化","center_method":"polygon_representative_point","osm_id":"947447686","feature_class":"water","data_source":"河南省25个省控水库/25个省控水库.shp","geometry_status":"verified-valid","online_name":"","online_display_name":"","online_center_offset_m":null,"online_validation_status":"official-city-only"},"geometry":{"type":"Polygon","coordinates":[[[114.1824531,33.0722319],[114.1912937,33.0779138],[114.2027092,33.0816895],[114.2147255,33.0808984],[114.2147684,33.0847819],[114.2209482,33.0865797],[114.2254543,33.0851055],[114.2324871,33.079234],[114.238424,33.0784508],[114.2455043,33.0742919],[114.2477901,33.0763369],[114.2486191,33.0821327],[114.2498679,33.0813467],[114.2556667,33.0811501],[114.2624473,33.0720521],[114.2698717,33.0691391],[114.2771244,33.0632409],[114.290986,33.0562992],[114.2923164,33.0489612],[114.2939901,33.0456158],[114.2971236,33.0432325],[114.2974991,33.0373224],[114.2950315,33.0309094],[114.292832,33.0138176],[114.2935293,33.0023012],[114.2861586,32.9880926],[114.2838454,32.9742488],[114.2794977,32.9671064],[114.2798979,32.9632741],[114.277439,32.9615365],[114.2729407,32.96651],[114.2708808,32.9673741],[114.2645073,32.974756],[114.2636919,32.9831441],[114.2690992,32.9822082],[114.269185,32.9911715],[114.2637348,32.9919634],[114.2636919,32.9931512],[114.249916,32.9951309],[114.226098,33.0225539],[114.2230081,33.0228058],[114.2168712,33.0268717],[114.2153263,33.0292105],[114.2147684,33.0335279],[114.2072582,33.0386007],[114.2026233,33.0455798],[114.2033958,33.0489972],[114.1970443,33.050436],[114.191637,33.0561913],[114.1930532,33.0583853],[114.1886329,33.0597881],[114.1864442,33.0624496],[114.1870451,33.0674128],[114.1882896,33.0685277],[114.1836547,33.0683479],[114.1824531,33.0722319]]]}},{"type":"Feature","properties":{"id":"HN_RSV_019","code":"HN_RSV_019","name_cn":"泼河水库","city":"信阳市","city_official":"信阳市","city_spatial_primary":"信阳市","city_spatial_intersections":[{"name":"信阳市","geometry_ratio_pct":100.0}],"lon":114.956108,"lat":31.767399,"area_km2":14.89,"area_definition":"SHP水面几何的WGS84椭球面积；随边界数据时相和水位变化","center_method":"polygon_representative_point","osm_id":"13035382","feature_class":"reservoir","data_source":"河南省25个省控水库/25个省控水库.shp","geometry_status":"verified-valid","online_name":"泼河水库","online_display_name":"泼河水库, 泼陂河镇, 光山县, 信阳市, 河南省, 中国","online_center_offset_m":0.0,"online_validation_status":"matched-by-osm-id"},"geometry":{"type":"MultiPolygon","coordinates":[[[[114.8964679,31.7800821],[114.8971452,31.7814832],[114.8998408,31.7824088],[114.8993057,31.7836138],[114.8997818,31.7844711],[114.9008413,31.7841314],[114.900797,31.7856259],[114.9022065,31.7855917],[114.9024291,31.7867909],[114.904023,31.7864541],[114.902696,31.7875205],[114.8998636,31.7871717],[114.9009123,31.7878488],[114.9003558,31.7885316],[114.9017063,31.7883344],[114.9039084,31.7898551],[114.9158093,31.7840482],[114.9170431,31.784063],[114.9175568,31.785814],[114.9178652,31.7850753],[114.9184996,31.7858208],[114.9195322,31.7852719],[114.9190012,31.7864045],[114.9211536,31.7853683],[114.922054,31.786638],[114.9237138,31.7858585],[114.9290581,31.787508],[114.9295288,31.7861184],[114.9308418,31.7884234],[114.9313273,31.7867579],[114.9331297,31.7884074],[114.9321225,31.7862677],[114.933878,31.7861024],[114.9332102,31.785032],[114.930477,31.7852634],[114.9304153,31.7836731],[114.9316639,31.7840208],[114.9330774,31.7829743],[114.9324296,31.7837985],[114.9330157,31.784617],[114.9339867,31.7841815],[114.9343756,31.7855609],[114.9353117,31.7840607],[114.9351615,31.7861138],[114.9360359,31.7872047],[114.9370779,31.785529],[114.9366514,31.784519],[114.9384955,31.7856897],[114.9391633,31.7852007],[114.9383882,31.7844928],[114.9391848,31.7834998],[114.9365951,31.783241],[114.9373689,31.7820953],[114.9408665,31.7824681],[114.9421661,31.7809747],[114.9418737,31.7830301],[114.9438478,31.7827508],[114.9439846,31.7848074],[114.9448644,31.7826824],[114.9490151,31.7833151],[114.9491411,31.78263],[114.9448402,31.7809941],[114.9456422,31.7796397],[114.947041,31.7794334],[114.9454102,31.7781975],[114.9473762,31.7790822],[114.9483955,31.7775215],[114.9447557,31.7765878],[114.943361,31.775035],[114.946931,31.7764384],[114.9487442,31.7756324],[114.9499968,31.7775659],[114.9510308,31.7771909],[114.9495032,31.7747887],[114.950265,31.7744524],[114.9488971,31.7737466],[114.9460217,31.7748947],[114.9458313,31.7723272],[114.9451406,31.7721265],[114.9448134,31.773546],[114.9438626,31.7718187],[114.9435943,31.7729668],[114.9424249,31.7727616],[114.942272,31.77078],[114.9435662,31.7715336],[114.9439014,31.7703308],[114.9467298,31.7710878],[114.9467446,31.7700754],[114.9478604,31.7711049],[114.9482104,31.7699557],[114.9495757,31.7722941],[114.9534997,31.7713284],[114.9536003,31.7724879],[114.9549133,31.7715348],[114.9538659,31.7743235],[114.9548113,31.7744603],[114.9554095,31.777233],[114.9560371,31.7733145],[114.9584953,31.7727456],[114.9579214,31.7714709],[114.9585839,31.7711049],[114.9597748,31.7725518],[114.9582674,31.7730033],[114.9594207,31.7761294],[114.9602093,31.7761876],[114.9601543,31.7746279],[114.961773,31.7748183],[114.9623027,31.7769024],[114.9635366,31.7759277],[114.9650963,31.7762959],[114.9651164,31.7785042],[114.9663059,31.7781611],[114.9662134,31.7762207],[114.9671549,31.7764167],[114.9676537,31.7798438],[114.9686113,31.7775283],[114.9676725,31.7773072],[114.968897,31.7767679],[114.9714947,31.7787322],[114.9745457,31.7780516],[114.9751747,31.7794242],[114.9755797,31.7779251],[114.9773459,31.7773049],[114.9791577,31.7783059],[114.979202,31.77659],[114.9843666,31.7723625],[114.9845812,31.7705542],[114.9806195,31.7685065],[114.9805029,31.766006],[114.9779508,31.7646902],[114.9781787,31.7633618],[114.9743325,31.7601144],[114.9764514,31.7611144],[114.9791028,31.7605545],[114.9789338,31.7567733],[114.9803098,31.7555086],[114.9823093,31.7557675],[114.9833205,31.7520328],[114.9793214,31.7545405],[114.9757715,31.7595933],[114.9755663,31.7569284],[114.9746422,31.7580504],[114.9734044,31.7578874],[114.9726239,31.7570937],[114.9697472,31.7581599],[114.9711607,31.7607016],[114.9729753,31.7617347],[114.9735345,31.766331],[114.9704969,31.7659912],[114.9698639,31.7647313],[114.96723,31.7641475],[114.9680454,31.763184],[114.9648924,31.7641817],[114.9655952,31.7625477],[114.964411,31.7607963],[114.9640623,31.7620848],[114.9635406,31.7611794],[114.962001,31.7615557],[114.9624918,31.7633493],[114.9608704,31.7632273],[114.9587005,31.7619023],[114.959984,31.7623402],[114.9592558,31.759461],[114.9578972,31.7611235],[114.9583948,31.7598943],[114.957106,31.7591976],[114.9567989,31.7605237],[114.9549052,31.758754],[114.9562275,31.7610266],[114.9513794,31.761526],[114.9494174,31.7638727],[114.948999,31.7622569],[114.9476619,31.7637484],[114.9459963,31.7638225],[114.9452037,31.7627678],[114.9462511,31.7633664],[114.9459842,31.7617256],[114.948995,31.7603932],[114.9493168,31.758258],[114.9521841,31.7575453],[114.9523048,31.7565726],[114.9508122,31.7563171],[114.9504004,31.7552372],[114.9514599,31.7542018],[114.9522109,31.7549464],[114.9527621,31.7501819],[114.9541743,31.7478817],[114.9519722,31.7449439],[114.9500182,31.7535119],[114.9486288,31.7536168],[114.9432658,31.7486093],[114.9411361,31.7493905],[114.942838,31.7500542],[114.9480186,31.7558656],[114.9451487,31.7568326],[114.9470302,31.7576753],[114.9447665,31.7580892],[114.9453458,31.7586833],[114.9409121,31.7590208],[114.9407096,31.7575008],[114.9393699,31.75812],[114.9353707,31.7570709],[114.9320608,31.75513],[114.9340457,31.7580082],[114.9399546,31.7618943],[114.9395227,31.7628898],[114.9381213,31.7627165],[114.9380837,31.7611247],[114.9357153,31.7599103],[114.9341771,31.7603082],[114.934385,31.7627473],[114.9334569,31.7633687],[114.9324296,31.763127],[114.9320085,31.7614952],[114.9304475,31.7624109],[114.9312267,31.7639605],[114.9272382,31.7631475],[114.9296133,31.7653288],[114.9304837,31.7650528],[114.9296442,31.7663059],[114.9313447,31.7669547],[114.9293491,31.7693229],[114.9296106,31.7708803],[114.9303965,31.7701153],[114.9310108,31.7713455],[114.9308753,31.7723123],[114.9300183,31.7718358],[114.9301296,31.7739382],[114.9291587,31.7714333],[114.9280094,31.7714447],[114.9285686,31.7743258],[114.9276553,31.7743988],[114.9267957,31.7715519],[114.9280509,31.7696387],[114.9263303,31.7691279],[114.9260312,31.7708552],[114.9248604,31.7707435],[114.9259011,31.7734285],[114.9242221,31.7728231],[114.9256155,31.7758421],[114.923522,31.7756951],[114.9232163,31.7745401],[114.9224062,31.7753371],[114.9237138,31.7739906],[114.9233504,31.7710217],[114.9241443,31.7699306],[114.9233195,31.7695304],[114.9240907,31.7667791],[114.9232055,31.7643436],[114.9240893,31.761339],[114.9230352,31.7613767],[114.9218631,31.7632148],[114.919897,31.7630996],[114.9218269,31.7649696],[114.9205528,31.7712589],[114.9197642,31.7713615],[114.9202189,31.767559],[114.9190709,31.7684985],[114.9191192,31.7701746],[114.9176252,31.7700982],[114.9193069,31.7667962],[114.9185076,31.7665032],[114.9172081,31.7677791],[114.9163632,31.7664188],[114.9166663,31.7684426],[114.9144468,31.7684609],[114.9134074,31.7679683],[114.9136703,31.7664427],[114.9122447,31.7645648],[114.9114266,31.765485],[114.9121857,31.7679695],[114.9090046,31.7679273],[114.9119067,31.7691131],[114.9120703,31.7705064],[114.914774,31.7705713],[114.9148317,31.7718711],[114.9159327,31.7711893],[114.9153882,31.7730078],[114.9173878,31.7729143],[114.9151763,31.7739245],[114.9162211,31.7754705],[114.9178009,31.7750954],[114.9170968,31.7760565],[114.9157315,31.7765091],[114.9158375,31.7756084],[114.9143274,31.7752436],[114.9143448,31.7766402],[114.9137306,31.7763575],[114.9134839,31.7750122],[114.914314,31.7743247],[114.9132934,31.773766],[114.9125062,31.7744068],[114.9120891,31.7735015],[114.9115071,31.7742734],[114.912187,31.7759573],[114.9108553,31.7765729],[114.9109572,31.7727616],[114.9100815,31.7739131],[114.9082133,31.7731834],[114.9091253,31.7752311],[114.9081731,31.7754021],[114.9084359,31.776321],[114.9078807,31.7754659],[114.9080819,31.7747556],[114.9069339,31.7747876],[114.9072142,31.7740442],[114.9057242,31.7730728],[114.9065503,31.770845],[114.906093,31.7703958],[114.9043187,31.7723602],[114.9025847,31.7683149],[114.9027349,31.7712988],[114.9016969,31.7715325],[114.9008144,31.7743919],[114.9020067,31.7746667],[114.9029736,31.7735574],[114.9035731,31.775263],[114.9052978,31.7756426],[114.9036737,31.77812],[114.9062634,31.7778202],[114.9037877,31.7789454],[114.9036509,31.780049],[114.9023581,31.7789933],[114.9025485,31.780318],[114.9040988,31.7810522],[114.903793,31.7823473],[114.9033371,31.7814603],[114.9024694,31.7815823],[114.9026544,31.7823473],[114.9014273,31.7818377],[114.9005891,31.7797799],[114.899582,31.7804605],[114.8964679,31.7800821]],[[114.9038923,31.7838532],[114.9035168,31.7829572],[114.9042812,31.7838019],[114.9038923,31.7838532]],[[114.904536,31.7839581],[114.9051838,31.7835044],[114.9056008,31.7848348],[114.9051207,31.7847732],[114.904536,31.7839581]],[[114.9283567,31.784128],[114.9282789,31.7831191],[114.9290313,31.7835842],[114.9283567,31.784128]],[[114.9297287,31.7841143],[114.9302503,31.7836047],[114.9298869,31.7841428],[114.9297287,31.7841143]],[[114.9314359,31.7753006],[114.9310952,31.7747636],[114.931637,31.7750042],[114.9314359,31.7753006]],[[114.9319971,31.7742226],[114.9315029,31.7727308],[114.9317068,31.7724332],[114.9319971,31.7742226]],[[114.9342817,31.7833323],[114.9347109,31.782614],[114.9351749,31.7829218],[114.9342817,31.7833323]],[[114.9351253,31.7769412],[114.9360332,31.7767599],[114.9359635,31.7781759],[114.9358964,31.7772433],[114.9351253,31.7769412]],[[114.9361271,31.7757726],[114.9371423,31.7752208],[114.9405326,31.7765707],[114.939921,31.7775488],[114.9386738,31.7769685],[114.9396113,31.7783959],[114.938879,31.7786638],[114.9387717,31.777664],[114.9374051,31.7788747],[114.9383305,31.776435],[114.9375902,31.7759641],[114.9368271,31.7776058],[114.936929,31.7757794],[114.9361271,31.7757726]]],[[[114.8973463,31.7703502],[114.8985949,31.7712486],[114.8978573,31.7724834],[114.8992105,31.77209],[114.8994707,31.7748628],[114.89981,31.7729018],[114.9011913,31.7726111],[114.9015547,31.771545],[114.899531,31.7710867],[114.8990831,31.7688463],[114.8985587,31.7701871],[114.8973463,31.7703502]]],[[[114.918344,31.7642706],[114.9186143,31.7664125],[114.9193633,31.7667335],[114.9197213,31.7648989],[114.918344,31.7642706]]],[[[114.9245983,31.7663971],[114.9242985,31.7675618],[114.9264134,31.7670459],[114.9245983,31.7663971]]],[[[114.9483231,31.7718768],[114.9488796,31.7731344],[114.9496803,31.7729428],[114.9483231,31.7718768]]],[[[114.9522619,31.7575669],[114.9530934,31.7578007],[114.9550661,31.7565806],[114.9527474,31.7563616],[114.9522619,31.7575669]]],[[[114.952565,31.7452244],[114.9536902,31.7457582],[114.9544264,31.7444615],[114.956587,31.7436586],[114.9568525,31.7428329],[114.9547376,31.741389],[114.95597,31.7409339],[114.9560049,31.7386323],[114.9540804,31.7389859],[114.9546155,31.742599],[114.952565,31.7452244]]],[[[114.9590901,31.776533],[114.9592745,31.7775169],[114.9597667,31.7774907],[114.960153,31.7763455],[114.9590901,31.776533]]],[[[114.9614163,31.7765627],[114.9617918,31.7780037],[114.9623094,31.7779684],[114.9622719,31.7769993],[114.9614163,31.7765627]]],[[[114.9720539,31.7545986],[114.9726655,31.7569899],[114.9742158,31.7571359],[114.9737048,31.7551403],[114.9720539,31.7545986]]],[[[114.9791323,31.7572511],[114.9793012,31.7587323],[114.9832964,31.7581006],[114.9810098,31.7578794],[114.9791323,31.7572511]]],[[[114.9824528,31.7557766],[114.9850734,31.7558017],[114.9862455,31.7544242],[114.982992,31.7541949],[114.9824528,31.7557766]]]]}},{"type":"Feature","properties":{"id":"HN_RSV_020","code":"HN_RSV_020","name_cn":"鲇鱼山水库","city":"信阳市","city_official":"信阳市","city_spatial_primary":"信阳市","city_spatial_intersections":[{"name":"信阳市","geometry_ratio_pct":100.0}],"lon":115.344834,"lat":31.741139,"area_km2":31.33,"area_definition":"SHP水面几何的WGS84椭球面积；随边界数据时相和水位变化","center_method":"polygon_representative_point","osm_id":"2165481","feature_class":"reservoir","data_source":"河南省25个省控水库/25个省控水库.shp","geometry_status":"verified-valid","online_name":"鲇鱼山水库","online_display_name":"鲇鱼山水库, 汤泉池管理处, 商城县, 信阳市, 河南省, 中国","online_center_offset_m":0.0,"online_validation_status":"matched-by-osm-id"},"geometry":{"type":"MultiPolygon","coordinates":[[[[115.2800234,31.7525076],[115.2866844,31.7549702],[115.2856707,31.7570223],[115.2883738,31.7548061],[115.2919456,31.7567761],[115.2912216,31.7584998],[115.2924766,31.7578432],[115.2947452,31.7604698],[115.2976412,31.7615779],[115.2964828,31.7644096],[115.2971103,31.7646968],[115.2987997,31.7625628],[115.3001995,31.7630963],[115.2995237,31.7610444],[115.3001029,31.7599773],[115.3017923,31.7599773],[115.301744,31.7612085],[115.3027577,31.75969],[115.31075,31.76225],[115.311,31.76325],[115.31,31.76275],[115.30875,31.764],[115.309,31.766],[115.31,31.76375],[115.3175,31.766],[115.318,31.768],[115.32,31.76575],[115.32125,31.766],[115.321,31.7675],[115.32225,31.76675],[115.32375,31.76875],[115.32775,31.76875],[115.32975,31.7675],[115.329,31.769],[115.33125,31.76775],[115.3315,31.77025],[115.33025,31.7705],[115.33025,31.772],[115.32825,31.77225],[115.3295,31.77275],[115.32925,31.7735],[115.3245,31.77325],[115.327,31.77425],[115.32525,31.77625],[115.32625,31.77675],[115.328,31.77475],[115.33125,31.774],[115.3315,31.77475],[115.33025,31.7755],[115.3315,31.77675],[115.32925,31.779],[115.33,31.7795],[115.33175,31.7785],[115.3335,31.77925],[115.3315,31.78025],[115.33075,31.78175],[115.33225,31.7835],[115.331,31.78425],[115.33225,31.78475],[115.3315,31.786],[115.327,31.78725],[115.32375,31.78475],[115.32425,31.7835],[115.322,31.78175],[115.321,31.77925],[115.316,31.7785],[115.31275,31.78],[115.31825,31.78],[115.3215,31.78375],[115.32225,31.78675],[115.3205,31.7875],[115.321,31.78825],[115.319,31.78925],[115.31825,31.79125],[115.31575,31.7905],[115.315,31.792],[115.312,31.793],[115.3085,31.794],[115.3035,31.79375],[115.2931971,31.7970927],[115.2969355,31.798193],[115.30675,31.79525],[115.3089358,31.8010671],[115.30925,31.79525],[115.31425,31.795],[115.3140323,31.8009832],[115.315677,31.8021339],[115.3176084,31.7994357],[115.3168164,31.795553],[115.3180619,31.7967116],[115.3237611,31.79225],[115.3245,31.7935],[115.324,31.7945],[115.325,31.79525],[115.3220232,31.8010359],[115.3242589,31.8016853],[115.3265,31.7965],[115.32625,31.793],[115.32725,31.79275],[115.327,31.79175],[115.3295,31.7905],[115.33025,31.791],[115.3315,31.78925],[115.3335,31.78925],[115.3315,31.79125],[115.33175,31.799],[115.3287006,31.8023437],[115.3297592,31.8076551],[115.3315516,31.8051162],[115.3328693,31.7997919],[115.3342884,31.798595],[115.3337684,31.7972324],[115.3355992,31.7971495],[115.3360867,31.7961459],[115.3377225,31.797748],[115.3368017,31.798595],[115.33899,31.7979781],[115.3392825,31.7986963],[115.337235,31.800372],[115.33847,31.8004732],[115.33795,31.8037969],[115.3388383,31.8041007],[115.33951,31.8013847],[115.3411349,31.8039442],[115.3409724,31.7999392],[115.3417199,31.7988528],[115.3408363,31.7980251],[115.3410663,31.7964427],[115.3426214,31.79769],[115.3421067,31.7956608],[115.3433333,31.7968429],[115.3436509,31.794581],[115.3451075,31.7932312],[115.3456441,31.7937898],[115.344538,31.7945251],[115.3457427,31.7942459],[115.3463998,31.7969918],[115.346586,31.7920677],[115.3476593,31.7928124],[115.3489724,31.7917101],[115.349313,31.7924493],[115.3475279,31.7933336],[115.3489954,31.7938456],[115.3475169,31.7944041],[115.3471665,31.795214],[115.3483931,31.7953722],[115.3475279,31.796061],[115.3492583,31.7966567],[115.3479331,31.7967871],[115.3485354,31.7976341],[115.3474841,31.7981461],[115.3478236,31.8000728],[115.3494444,31.7981088],[115.3503096,31.799384],[115.3492692,31.8004265],[115.3511748,31.7997005],[115.3523248,31.8010129],[115.3523357,31.7987418],[115.3508682,31.7987232],[115.3515581,31.7981926],[115.3506163,31.7967033],[115.3516239,31.7974014],[115.3516348,31.7967312],[115.3508244,31.7951488],[115.3527629,31.7975131],[115.3532776,31.7935943],[115.3612944,31.7904107],[115.3600626,31.7883514],[115.3603878,31.7858898],[115.3622924,31.7844102],[115.3618513,31.7832899],[115.3630515,31.7833689],[115.3623081,31.7827502],[115.3634309,31.781809],[115.3626953,31.780769],[115.3640346,31.7812179],[115.3647082,31.7800331],[115.3606279,31.7791761],[115.3670622,31.7776898],[115.3669385,31.776734],[115.3654673,31.7772672],[115.369246,31.774983],[115.3678445,31.773943],[115.3700763,31.7739887],[115.3698441,31.7729354],[115.3707092,31.7753728],[115.3724612,31.7738834],[115.3748112,31.7738703],[115.3729181,31.7699534],[115.3702932,31.7700851],[115.3711526,31.7681957],[115.3742731,31.7683866],[115.3747919,31.7672741],[115.3767742,31.7693807],[115.3779511,31.7678995],[115.3790894,31.7682879],[115.3784544,31.7665499],[115.380034,31.7682681],[115.3841913,31.7662013],[115.3852518,31.7667607],[115.3841216,31.7682085],[115.3879839,31.7673263],[115.3866265,31.7686572],[115.3874475,31.7690481],[115.3889582,31.7669168],[115.3915965,31.7663118],[115.3920234,31.7653252],[115.3934903,31.7660326],[115.3930196,31.7649436],[115.3945193,31.7638081],[115.3964569,31.7643201],[115.3949353,31.7629891],[115.3955374,31.7610903],[115.398296,31.7618722],[115.3978582,31.7632125],[115.3986026,31.7642921],[115.4072398,31.7609786],[115.4053897,31.7600758],[115.4047548,31.7550215],[115.4044702,31.758419],[115.40285,31.7578605],[115.4008905,31.7592939],[115.3969496,31.7575161],[115.396654,31.754854],[115.3963365,31.7557289],[115.3937859,31.7546306],[115.395625,31.7559337],[115.3939282,31.7565015],[115.3941909,31.757572],[115.3956688,31.7576092],[115.3925598,31.7605226],[115.3885094,31.761202],[115.390031,31.7602806],[115.3885751,31.7599176],[115.3884985,31.7585772],[115.3897026,31.7578605],[115.3888378,31.7571252],[115.3880825,31.7582142],[115.3866922,31.7575254],[115.3870206,31.7610438],[115.3842182,31.7613044],[115.3850283,31.7597314],[115.3826856,31.7598431],[115.383627,31.7594149],[115.3831235,31.7588192],[115.3851487,31.7594149],[115.3857945,31.7587634],[115.3839226,31.7580467],[115.3850064,31.7578977],[115.3842401,31.7570321],[115.3854333,31.7572555],[115.3844262,31.7561664],[115.3858821,31.7532343],[115.3837256,31.7548633],[115.3815909,31.7533367],[115.3830249,31.7560361],[115.3813501,31.7566132],[115.3820178,31.7572369],[115.3807699,31.7588472],[115.3797627,31.7586424],[115.3801787,31.7598431],[115.37875,31.76],[115.3766671,31.7579777],[115.3770928,31.7558248],[115.374822,31.7575969],[115.37285,31.7563795],[115.3727131,31.7580279],[115.3745386,31.7585968],[115.374,31.76125],[115.37125,31.76175],[115.371,31.76],[115.369,31.761],[115.37075,31.755],[115.37,31.7545],[115.37,31.7515],[115.371,31.75225],[115.3715,31.75125],[115.37425,31.7505],[115.3786374,31.7516007],[115.3803246,31.7506606],[115.3766562,31.7505375],[115.3775251,31.7497987],[115.3749669,31.7486494],[115.37025,31.75025],[115.36975,31.749],[115.367,31.74875],[115.36675,31.74675],[115.3723604,31.7436417],[115.3743876,31.7470897],[115.3740498,31.7441754],[115.3762218,31.7422461],[115.3774768,31.7449142],[115.3782008,31.7432313],[115.3840895,31.7455299],[115.3821105,31.7436828],[115.3871304,31.7417946],[115.3896886,31.7392085],[115.3837034,31.7416304],[115.3812417,31.7411788],[115.3802763,31.7422051],[115.3791662,31.7415072],[115.3797937,31.7407683],[115.3770424,31.7398653],[115.3747255,31.7408504],[115.3751599,31.7392906],[115.3778629,31.7383054],[115.3781043,31.7372791],[115.3698022,31.740481],[115.37014,31.7415893],[115.36825,31.743],[115.3678714,31.7422051],[115.3697056,31.7398242],[115.3681128,31.7403168],[115.3674853,31.7393727],[115.3671474,31.7406042],[115.365989,31.7405631],[115.3668095,31.7415483],[115.3652167,31.7403989],[115.3655063,31.7350624],[115.3666647,31.7363349],[115.3671474,31.7342003],[115.3680645,31.7350624],[115.3720225,31.7332561],[115.3714433,31.7319424],[115.3773803,31.7312034],[115.3784904,31.7291918],[115.3770424,31.7284118],[115.3761253,31.726318],[115.3787318,31.7243883],[115.3755461,31.72562],[115.3747255,31.7236904],[115.3759805,31.7207343],[115.3778629,31.7210627],[115.3798419,31.7190509],[115.3824967,31.7199131],[115.3842826,31.7229924],[115.3836069,31.7206932],[115.385441,31.7211448],[115.3869374,31.7201594],[115.3851997,31.7174906],[115.3842343,31.7175317],[115.3840895,31.7196667],[115.3789248,31.7178191],[115.3774285,31.719174],[115.3750634,31.7171211],[115.3753047,31.7164231],[115.3718294,31.7157661],[115.3751117,31.7195436],[115.3745324,31.7218018],[115.3723604,31.7195846],[115.3742428,31.7257432],[115.3730361,31.7266875],[115.3737601,31.7287813],[115.3729879,31.7291507],[115.3705744,31.726359],[115.367968,31.7262769],[115.3709123,31.729356],[115.369947,31.7314497],[115.3688368,31.7310803],[115.3703814,31.7296434],[115.3691264,31.7298897],[115.3688368,31.7275086],[115.3673887,31.7267285],[115.3673887,31.7283707],[115.3663268,31.7281244],[115.3668578,31.7300129],[115.3650236,31.7306697],[115.3645409,31.7294381],[115.3626102,31.7299718],[115.3617414,31.7327224],[115.3601968,31.7309571],[115.3603416,31.7296844],[115.3579765,31.7289044],[115.3581695,31.7277549],[115.3562388,31.7291507],[115.357542,31.7243473],[115.3566732,31.724142],[115.3543563,31.7290686],[115.3527635,31.7285349],[115.354115,31.7275496],[115.3519912,31.726359],[115.3545011,31.7264822],[115.3534875,31.7256611],[115.3541633,31.7245115],[115.3528118,31.7245526],[115.3551769,31.7211038],[115.3557079,31.7218839],[115.3562871,31.7207343],[115.3578799,31.7235672],[115.3602933,31.7229514],[115.3584591,31.7223355],[115.358797,31.7208985],[115.3574938,31.7194614],[115.3606312,31.7169568],[115.3574455,31.7176959],[115.3560457,31.7190919],[115.3543081,31.7185582],[115.3558527,31.7164641],[115.3559492,31.7131382],[115.3603899,31.7131382],[115.3548873,31.7112905],[115.3566249,31.7107566],[115.3557733,31.7100338],[115.3579282,31.7099765],[115.3551286,31.7088267],[115.3581695,31.709032],[115.3569628,31.7073484],[115.359328,31.7069378],[115.3624171,31.7083339],[115.3625619,31.7069378],[115.3640582,31.7069788],[115.3633342,31.7057469],[115.3641065,31.7043096],[115.3646857,31.7037758],[115.3657476,31.7051309],[115.3660855,31.7023795],[115.3672439,31.7054184],[115.3677749,31.7025438],[115.3648788,31.6992585],[115.3652649,31.6986014],[115.3672922,31.7000388],[115.366713,31.6985603],[115.3696574,31.6990121],[115.3706227,31.6997102],[115.371395,31.7029545],[115.3723604,31.7027491],[115.371926,31.7013118],[115.373905,31.7013529],[115.3751599,31.7029955],[115.3781526,31.7036526],[115.3727465,31.7002441],[115.3732292,31.6995049],[115.3716363,31.6996692],[115.3713467,31.6984371],[115.3689816,31.6973283],[115.3711537,31.6973694],[115.3712019,31.6965891],[115.369947,31.6969587],[115.3697056,31.6951927],[115.3678714,31.6956855],[115.3648788,31.6946177],[115.3657959,31.6937142],[115.3631894,31.6904696],[115.3648788,31.6891964],[115.3671474,31.6917018],[115.3746772,31.6894839],[115.3736636,31.6885393],[115.3743236,31.6847015],[115.3768493,31.6873482],[115.3801798,31.6872249],[115.3766562,31.6862803],[115.3758357,31.6847605],[115.3782491,31.6863213],[115.3771872,31.6836926],[115.3737601,31.6835283],[115.3728913,31.6868553],[115.3675818,31.6891964],[115.3668578,31.6884571],[115.3674853,31.6859106],[115.368692,31.6851713],[115.3635756,31.6828301],[115.3646857,31.6818032],[115.3642031,31.6810228],[115.3628033,31.6813924],[115.3616448,31.6806941],[115.3621758,31.6794619],[115.3592797,31.678435],[115.3559009,31.6727251],[115.355563,31.6696852],[115.3516533,31.6638105],[115.3504949,31.6644268],[115.3425789,31.6569083],[115.3417584,31.6508684],[115.3428203,31.650211],[115.352136,31.651115],[115.3518464,31.6496358],[115.3491917,31.6489373],[115.3477919,31.6455678],[115.3491434,31.6447049],[115.3491068,31.6398822],[115.3503018,31.6380068],[115.3488055,31.6341027],[115.3456198,31.6335273],[115.3460542,31.6349246],[115.3372211,31.630404],[115.3444614,31.6357465],[115.3453302,31.6388286],[115.3449923,31.6408833],[115.3422893,31.6432256],[115.3427237,31.6451158],[115.3390553,31.64565],[115.3394897,31.6464718],[115.3370281,31.6469238],[115.3380417,31.6487318],[115.3364006,31.6501288],[115.3398759,31.6518135],[115.3391036,31.6542377],[115.3402138,31.6574424],[115.3493365,31.6669739],[115.3493365,31.6688636],[115.3461025,31.6667274],[115.3410343,31.6666863],[115.3396346,31.6677955],[115.3397311,31.6689047],[115.3344699,31.6709176],[115.3413239,31.6698495],[115.3412757,31.6671382],[115.3444614,31.6667685],[115.3452819,31.6686582],[115.3493847,31.6723554],[115.3523363,31.6735601],[115.3490565,31.6732573],[115.345854,31.6748307],[115.3494897,31.6745147],[115.3482829,31.6762856],[115.3494974,31.6774113],[115.3494433,31.6760749],[115.35065,31.6758775],[115.3502013,31.6752389],[115.3512998,31.675331],[115.351176,31.6760881],[115.3528701,31.6751599],[115.351702,31.6764502],[115.3530171,31.6761013],[115.3528392,31.6767135],[115.350534,31.677905],[115.3506809,31.6785699],[115.3528237,31.6777339],[115.3504566,31.6816046],[115.3511838,31.6820852],[115.3535508,31.678932],[115.3542702,31.6803407],[115.3528933,31.6814006],[115.3548736,31.681315],[115.3527927,31.6825921],[115.3547576,31.6830199],[115.3554383,31.6820786],[115.3545796,31.6851],[115.3557477,31.6842772],[115.357171,31.6864034],[115.3566605,31.6898525],[115.3548272,31.6890626],[115.354015,31.6906555],[115.3534271,31.6881938],[115.3516943,31.688049],[115.3503174,31.6862651],[115.3499229,31.6882793],[115.3477337,31.6881806],[115.3481669,31.6901355],[115.3470143,31.6903396],[115.3427211,31.6872854],[115.3417464,31.6852646],[115.3407717,31.6864429],[115.3453048,31.6909451],[115.3473392,31.6915375],[115.3502555,31.690491],[115.3526844,31.69238],[115.3580916,31.6940518],[115.3590121,31.6950786],[115.3590044,31.697448],[115.3569003,31.7002649],[115.3579059,31.7005545],[115.3576352,31.7018576],[115.3588961,31.7038452],[115.3538293,31.7050956],[115.3545642,31.7035293],[115.3555311,31.7035688],[115.3549974,31.7022262],[115.3559643,31.7021999],[115.3565135,31.7008375],[115.3550206,31.7007651],[115.3554615,31.6995015],[115.3524369,31.699179],[115.3523131,31.6972177],[115.3494974,31.6983234],[115.3520811,31.700107],[115.3509826,31.7030291],[115.3477414,31.7030883],[115.3465192,31.7005348],[115.3426515,31.7012851],[115.34252,31.6994883],[115.3422724,31.6988236],[115.3424349,31.7012127],[115.3428371,31.7018971],[115.3454904,31.7017984],[115.3474243,31.704115],[115.349861,31.7034042],[115.3514545,31.7039505],[115.3510136,31.7050298],[115.3519805,31.7058656],[115.3472618,31.7098405],[115.3450185,31.7087678],[115.3413751,31.7093337],[115.340091,31.7103932],[115.3456993,31.7097483],[115.3464032,31.7115909],[115.3490952,31.7110645],[115.3508124,31.7142495],[115.3489869,31.712782],[115.347053,31.7132558],[115.3491802,31.7143877],[115.3471149,31.7157959],[115.3487393,31.7174146],[115.3414989,31.7154208],[115.3397661,31.716421],[115.3344131,31.7168685],[115.3335932,31.7176581],[115.3403695,31.717612],[115.3413442,31.7187701],[115.3428681,31.718474],[115.3428371,31.719494],[115.3450959,31.7191913],[115.3450263,31.720527],[115.3460551,31.7195598],[115.3471767,31.7201651],[115.3462949,31.7205731],[115.3473933,31.7210468],[115.3464185,31.722679],[115.3435013,31.7228238],[115.3451418,31.7241204],[115.3426734,31.7232779],[115.3408318,31.7249233],[115.3365064,31.7257592],[115.3376284,31.7267003],[115.3403211,31.726312],[115.3409015,31.7272071],[115.3420234,31.7255486],[115.3452269,31.7252656],[115.3455132,31.7263318],[115.3466661,31.7247785],[115.3462405,31.7272005],[115.3443834,31.7282799],[115.3461863,31.7287603],[115.3477494,31.7252985],[115.348438,31.7267201],[115.3470452,31.7285892],[115.3530033,31.7336765],[115.3509528,31.7343411],[115.3531968,31.735019],[115.3519665,31.7380724],[115.3529492,31.7388161],[115.3564234,31.7372762],[115.3592322,31.7373881],[115.3582041,31.7386232],[115.359,31.7395],[115.3559937,31.7406568],[115.3595,31.74075],[115.35825,31.74375],[115.358,31.7495],[115.3535,31.74875],[115.35125,31.75075],[115.3428873,31.7503881],[115.347454,31.7518099],[115.3458638,31.754774],[115.35025,31.75175],[115.3545,31.7505],[115.35625,31.751],[115.35675,31.75225],[115.3575,31.75075],[115.35875,31.7515],[115.36075,31.751],[115.36375,31.75225],[115.3625,31.75375],[115.36425,31.753],[115.36475,31.75425],[115.366,31.75425],[115.3645,31.75625],[115.36575,31.7565],[115.3655,31.7595],[115.3625,31.759],[115.35975,31.757],[115.35625,31.757],[115.359,31.75875],[115.361,31.75875],[115.35975,31.7615],[115.3615,31.76025],[115.36225,31.7625],[115.36125,31.764],[115.35875,31.76475],[115.36075,31.76575],[115.35975,31.76775],[115.36025,31.7685],[115.3575,31.7685],[115.35875,31.76975],[115.35675,31.773],[115.35525,31.7735],[115.35375,31.77275],[115.354,31.7675],[115.3525,31.76575],[115.351,31.76575],[115.35275,31.769],[115.3505,31.76925],[115.35225,31.77025],[115.3505,31.77125],[115.35225,31.77175],[115.35275,31.7735],[115.35025,31.7745],[115.35225,31.775],[115.35325,31.77425],[115.35325,31.7755],[115.3545,31.775],[115.35475,31.77725],[115.35325,31.77775],[115.354,31.7805],[115.351,31.78275],[115.34975,31.78125],[115.35,31.77925],[115.3485,31.77825],[115.34875,31.7815],[115.346,31.781],[115.348,31.78275],[115.34425,31.7815],[115.343,31.78275],[115.34225,31.78125],[115.339,31.781],[115.34025,31.7805],[115.34,31.77925],[115.34175,31.77675],[115.33825,31.77675],[115.33925,31.776],[115.33725,31.7755],[115.337,31.774],[115.33625,31.77425],[115.33475,31.77375],[115.336,31.77325],[115.33675,31.774],[115.3375,31.77325],[115.33625,31.7725],[115.33875,31.7705],[115.3425,31.7715],[115.3425,31.77075],[115.33825,31.76875],[115.34275,31.76775],[115.34325,31.766],[115.33675,31.7675],[115.33475,31.764],[115.33575,31.76375],[115.3345,31.76325],[115.33475,31.75975],[115.3370763,31.7549702],[115.3375755,31.751754],[115.3351939,31.7511532],[115.3364006,31.7529591],[115.3344699,31.7529591],[115.3356766,31.7539031],[115.33558,31.7555038],[115.33275,31.76325],[115.3315,31.76175],[115.331,31.76325],[115.32675,31.761],[115.326,31.76175],[115.32325,31.7595],[115.32425,31.76175],[115.3275,31.7645],[115.32575,31.766],[115.32425,31.76575],[115.32575,31.76475],[115.32325,31.76275],[115.3205,31.7645],[115.32075,31.76275],[115.31975,31.7615],[115.317,31.76225],[115.318,31.76325],[115.31275,31.7635],[115.31175,31.76125],[115.3067157,31.7598542],[115.3087429,31.7555038],[115.3085981,31.7525076],[115.3114942,31.7505785],[115.3114942,31.749142],[115.3100462,31.750045],[115.3089843,31.7495114],[115.3091773,31.7479106],[115.3072466,31.7520151],[115.3083568,31.7525487],[115.3068605,31.7525487],[115.3064743,31.7539442],[115.3028059,31.7536979],[115.3051711,31.7552575],[115.3044953,31.7580484],[115.3030473,31.7584588],[115.2992341,31.7589923],[115.2952278,31.7569813],[115.2894839,31.7511532],[115.2897735,31.7496345],[115.2921869,31.7497166],[115.2920421,31.7490188],[115.2894357,31.7486084],[115.2881807,31.7472949],[115.2869257,31.7477875],[115.2888564,31.7536568],[115.2800234,31.7525076]],[[115.3480199,31.716171],[115.3495748,31.7154471],[115.3504643,31.7159341],[115.3499693,31.7162499],[115.3480199,31.716171]],[[115.3494819,31.703345],[115.3494897,31.7030818],[115.3497449,31.7033055],[115.3494819,31.703345]],[[115.3520888,31.7036543],[115.3524214,31.7030028],[115.3527231,31.703628],[115.3520888,31.7036543]],[[115.3524601,31.7047073],[115.3528778,31.7048521],[115.3529242,31.7051417],[115.3524601,31.7047073]],[[115.3534116,31.6774837],[115.353721,31.6766608],[115.3539376,31.6767333],[115.3534116,31.6774837]],[[115.3536436,31.7051877],[115.3534503,31.705089],[115.3536359,31.7050956],[115.3536436,31.7051877]],[[115.3540065,31.71138],[115.3539678,31.710939],[115.3541303,31.711176],[115.3540065,31.71138]],[[115.3536069,31.7362759],[115.3553247,31.7361311],[115.3545122,31.7379277],[115.3537075,31.7376381],[115.3536069,31.7362759]],[[115.354432,31.7130518],[115.3541844,31.7126898],[115.354401,31.7128346],[115.354432,31.7130518]],[[115.3540684,31.7138745],[115.3549504,31.7138218],[115.3554997,31.7162307],[115.3545248,31.7152895],[115.3540684,31.7138745]],[[115.35502,31.7103598],[115.3550742,31.709932],[115.3556699,31.710294],[115.35502,31.7103598]],[[115.3551211,31.6909583],[115.3555002,31.6903791],[115.355972,31.6907674],[115.3559334,31.6910044],[115.3551211,31.6909583]],[[115.3567639,31.7350255],[115.3570115,31.7349268],[115.3569418,31.7353612],[115.3567639,31.7350255]],[[115.3571508,31.7360785],[115.3572746,31.7359205],[115.3572823,31.7361048],[115.3571508,31.7360785]],[[115.3577156,31.7352493],[115.3576537,31.7350848],[115.3577775,31.7351703],[115.3577156,31.7352493]],[[115.3592322,31.7359534],[115.358768,31.735473],[115.3594644,31.7356376],[115.3592322,31.7359534]],[[115.3677147,31.7716057],[115.3688762,31.7711976],[115.3688297,31.7730539],[115.3678308,31.7732119],[115.3683651,31.7719217],[115.3677147,31.7716057]],[[115.3728329,31.7734884],[115.3725851,31.7731922],[115.3729413,31.773258],[115.3728329,31.7734884]]],[[[115.3331173,31.7380988],[115.334363,31.7378882],[115.336754,31.740731],[115.3400735,31.7419681],[115.339439,31.7451069],[115.3409556,31.7425801],[115.3428978,31.7417115],[115.3456524,31.7417312],[115.3464107,31.7431065],[115.3472077,31.7422577],[115.3494207,31.7427973],[115.3503183,31.741218],[115.3510921,31.7423366],[115.3509296,31.7405007],[115.3528486,31.7389016],[115.3517885,31.7382501],[115.3491267,31.7401651],[115.3422401,31.7405468],[115.3385956,31.7397571],[115.3339994,31.7372367],[115.3331173,31.7380988]]]]}},{"type":"Feature","properties":{"id":"HN_RSV_021","code":"HN_RSV_021","name_cn":"南湾水库","city":"信阳市","city_official":"信阳市","city_spatial_primary":"信阳市","city_spatial_intersections":[{"name":"信阳市","geometry_ratio_pct":100.0}],"lon":113.970802,"lat":32.049497,"area_km2":68.47,"area_definition":"SHP水面几何的WGS84椭球面积；随边界数据时相和水位变化","center_method":"polygon_representative_point","osm_id":"12919775","feature_class":"reservoir","data_source":"河南省25个省控水库/25个省控水库.shp","geometry_status":"verified-valid","online_name":"南湾水库","online_display_name":"南湾水库, 南湾街道, 浉河区, 信阳市, 河南省, 中国","online_center_offset_m":0.0,"online_validation_status":"matched-by-osm-id"},"geometry":{"type":"MultiPolygon","coordinates":[[[[113.825887,32.159156],[113.8309443,32.1590436],[113.8312367,32.1584941],[113.8301611,32.157755],[113.825887,32.159156]]],[[[113.8591102,32.1427148],[113.8602823,32.1434052],[113.8638389,32.1425785],[113.8667276,32.14425],[113.865872,32.1480335],[113.8668054,32.1483765],[113.8658264,32.1496005],[113.8704023,32.1470729],[113.870468,32.1417042],[113.8723844,32.1392786],[113.8741547,32.1391684],[113.8737577,32.1378818],[113.8761449,32.1350632],[113.8745731,32.1258901],[113.8756849,32.1244886],[113.8764091,32.1254063],[113.8770568,32.1240468],[113.878575,32.1246351],[113.8794252,32.1273564],[113.8799429,32.1262183],[113.8806671,32.1266976],[113.8822174,32.129253],[113.8850512,32.1293757],[113.8839796,32.1298561],[113.8843779,32.1308839],[113.8872586,32.131362],[113.8870025,32.1305],[113.8882416,32.1299549],[113.8887808,32.1327237],[113.8910446,32.1331166],[113.8913476,32.1319094],[113.8916923,32.1326226],[113.8923374,32.1321025],[113.8915783,32.1306999],[113.892387,32.1305284],[113.8972914,32.1342001],[113.8974926,32.1355083],[113.8986406,32.1356526],[113.9002459,32.1338787],[113.9026022,32.1338798],[113.9014958,32.1389879],[113.9020121,32.140957],[113.9034699,32.1370562],[113.9054024,32.1359921],[113.9053756,32.1330156],[113.9077641,32.1309202],[113.9088196,32.131094],[113.9097637,32.1377228],[113.9118826,32.1388039],[113.912124,32.1346044],[113.9134464,32.1328895],[113.9139453,32.1291122],[113.9127463,32.1254506],[113.9095384,32.1241194],[113.9120409,32.1227395],[113.9127718,32.123831],[113.9144281,32.1229996],[113.9150986,32.1256187],[113.915863,32.1257118],[113.9169815,32.1237287],[113.9178371,32.124994],[113.9187947,32.123497],[113.920691,32.1263535],[113.9237621,32.1267067],[113.9242208,32.1256266],[113.9254908,32.1255153],[113.9234215,32.1246998],[113.9232525,32.1220966],[113.9243267,32.1230416],[113.9242637,32.1208483],[113.9251676,32.1203906],[113.9232364,32.1192037],[113.9251944,32.1193354],[113.9257041,32.12067],[113.927819,32.1200124],[113.9274341,32.1189311],[113.9284801,32.1178486],[113.929317,32.1190287],[113.9303309,32.11394],[113.9314292,32.1152804],[113.9330493,32.1152474],[113.9322259,32.1155076],[113.9331458,32.1159915],[113.9325303,32.1167536],[113.9305133,32.1172136],[113.9319469,32.1175237],[113.9322084,32.1184813],[113.9334141,32.11735],[113.9327878,32.1199488],[113.9334811,32.1210596],[113.931326,32.1227088],[113.9332947,32.1219807],[113.9327221,32.1244954],[113.9337735,32.1250837],[113.9333671,32.1257356],[113.9352795,32.1250099],[113.9348075,32.1235629],[113.9359099,32.1236083],[113.9349228,32.1228201],[113.9354405,32.1200862],[113.9368299,32.1210085],[113.935407,32.1177998],[113.9369506,32.1194195],[113.9370042,32.117986],[113.9388764,32.1186834],[113.9373717,32.1169865],[113.9404643,32.1157393],[113.9391915,32.1167218],[113.9400123,32.1183063],[113.9416847,32.1162663],[113.9411697,32.1188879],[113.9402027,32.1189333],[113.9407016,32.1199442],[113.9394557,32.1212254],[113.9400244,32.1218274],[113.9407754,32.1211459],[113.9408733,32.1238026],[113.9422412,32.1233539],[113.9417437,32.1217945],[113.9431718,32.1167704],[113.9434241,32.1215821],[113.944104,32.1215912],[113.9446726,32.1172159],[113.9456101,32.1199283],[113.9467259,32.1183961],[113.9498144,32.1192411],[113.949164,32.12026],[113.9504756,32.1212709],[113.9511408,32.119976],[113.9517564,32.1203565],[113.9497514,32.1224407],[113.9487932,32.1217928],[113.9476358,32.1234249],[113.9464838,32.1231591],[113.9469934,32.1239468],[113.943821,32.1287919],[113.9459132,32.1264205],[113.9465086,32.1269452],[113.947548,32.124718],[113.94824,32.1253824],[113.9480764,32.124258],[113.9492244,32.1249111],[113.9491265,32.1236663],[113.9501886,32.1233727],[113.9503831,32.125329],[113.9509705,32.1244806],[113.9515445,32.1250542],[113.9514211,32.1227906],[113.9525878,32.1239479],[113.9522244,32.1222011],[113.9533094,32.1222749],[113.9534569,32.1237219],[113.9518677,32.1258515],[113.9500183,32.1263739],[113.9501289,32.1276994],[113.951578,32.1272928],[113.9497112,32.1300117],[113.9524242,32.128818],[113.9534113,32.1259662],[113.9530076,32.128399],[113.9540926,32.1281718],[113.9510167,32.1332251],[113.9494959,32.1337606],[113.9510415,32.1338906],[113.950835,32.134543],[113.949793,32.1343965],[113.9500371,32.1351177],[113.9488602,32.1356764],[113.9504823,32.1371879],[113.9514868,32.1363283],[113.9514828,32.1388073],[113.9546317,32.141234],[113.9537492,32.143663],[113.9553908,32.143755],[113.9546129,32.1482436],[113.951637,32.1540684],[113.9528681,32.1559827],[113.9562879,32.1457875],[113.9586161,32.145029],[113.9570859,32.1446634],[113.9560345,32.1426796],[113.9551091,32.1398623],[113.9557676,32.136988],[113.9545955,32.1367359],[113.9537922,32.135037],[113.9557958,32.1349848],[113.9533027,32.1328259],[113.9542468,32.1323024],[113.9555678,32.1331382],[113.9552801,32.1317186],[113.9571691,32.1327555],[113.9579442,32.1321332],[113.9584847,32.1331291],[113.9587918,32.131546],[113.961415,32.1313018],[113.9590627,32.1306545],[113.9570792,32.1315051],[113.9560452,32.1299549],[113.9562289,32.1292882],[113.957326,32.1296562],[113.9575285,32.1285614],[113.9563094,32.1284149],[113.9578678,32.1269645],[113.9563818,32.1239139],[113.9571744,32.1240115],[113.9564395,32.1228099],[113.9578181,32.1226725],[113.9571221,32.1221148],[113.9579871,32.1210119],[113.9575472,32.1190537],[113.9590171,32.1180678],[113.9584123,32.1230836],[113.959339,32.1226486],[113.9599666,32.1234857],[113.9600578,32.125697],[113.9616537,32.1255528],[113.9601302,32.121372],[113.961824,32.1215855],[113.9617409,32.1203758],[113.9606586,32.120168],[113.9605969,32.1170342],[113.9611883,32.1193547],[113.9623135,32.1198329],[113.9630941,32.11924],[113.9618951,32.1185824],[113.9618106,32.117275],[113.9636184,32.1179917],[113.9629479,32.1161516],[113.9616846,32.116464],[113.9610958,32.1150339],[113.9623538,32.1134334],[113.9623511,32.1112138],[113.96285,32.113672],[113.9636654,32.1107049],[113.9648107,32.1121748],[113.9648965,32.1138037],[113.9639792,32.1146148],[113.9646873,32.1173431],[113.9654008,32.1172364],[113.9658245,32.114383],[113.9675814,32.1158529],[113.9663047,32.1128927],[113.9681125,32.1123248],[113.9644137,32.1094758],[113.9660552,32.1098348],[113.9659882,32.1086943],[113.9645746,32.1085148],[113.9645988,32.1057157],[113.9656448,32.107598],[113.9663677,32.1064416],[113.9670262,32.1068381],[113.967112,32.1101983],[113.9686167,32.106537],[113.9683954,32.1102494],[113.9697325,32.108734],[113.970332,32.1091827],[113.9697137,32.1102721],[113.9718086,32.1102233],[113.9701697,32.1125167],[113.971885,32.1128371],[113.9726306,32.1120374],[113.9736512,32.1129938],[113.9729378,32.1138991],[113.971594,32.1130972],[113.9704688,32.1138617],[113.9711997,32.1149896],[113.9723316,32.1148238],[113.9709449,32.1157325],[113.9692457,32.1151021],[113.9701134,32.1161289],[113.969416,32.1170512],[113.9707223,32.1173477],[113.9718971,32.1164185],[113.9720634,32.1178759],[113.9732864,32.1159506],[113.9731416,32.1188357],[113.9718568,32.1184495],[113.9713901,32.1198556],[113.9680588,32.1181405],[113.9676592,32.1195535],[113.9683619,32.1199374],[113.9669752,32.1223272],[113.96769,32.1233437],[113.9689895,32.1207143],[113.9696172,32.1222159],[113.9699846,32.1208052],[113.9706498,32.1221341],[113.9714867,32.1213072],[113.9715269,32.1225134],[113.9686905,32.1239218],[113.9709154,32.1239332],[113.9696869,32.1263773],[113.9704165,32.1268226],[113.9698532,32.1287738],[113.9717576,32.1265772],[113.97275,32.1268521],[113.972227,32.1252598],[113.9731376,32.1248952],[113.9729686,32.1236163],[113.974236,32.1243421],[113.9737558,32.1232858],[113.9747241,32.1202339],[113.9744385,32.1252564],[113.9753625,32.1266045],[113.9758694,32.1244534],[113.9771461,32.1244238],[113.9762892,32.1239934],[113.9771864,32.1234391],[113.9764836,32.1220568],[113.9777094,32.1231972],[113.978447,32.1223681],[113.9777309,32.1207098],[113.978565,32.1209869],[113.9783344,32.1196739],[113.9792114,32.1200306],[113.9795387,32.119131],[113.9779535,32.1246124],[113.9783102,32.1246237],[113.9789271,32.1238082],[113.979131,32.1238241],[113.9772561,32.128324],[113.97989,32.1255732],[113.9804372,32.1276539],[113.9820117,32.1270997],[113.9813063,32.1247918],[113.9826634,32.1256368],[113.9818588,32.1232154],[113.9838114,32.1258776],[113.9831355,32.122125],[113.9849326,32.1228269],[113.9861262,32.1218183],[113.9858714,32.1235538],[113.9846563,32.1231926],[113.9840448,32.1244329],[113.9853698,32.1244329],[113.9844739,32.1262365],[113.9855388,32.1267544],[113.9867029,32.1240945],[113.9870918,32.1257799],[113.987875,32.1257709],[113.98828,32.1226248],[113.9902621,32.122702],[113.9886636,32.1236311],[113.9885938,32.1266908],[113.9904472,32.1238469],[113.9903292,32.125312],[113.9912385,32.1257345],[113.9917427,32.1231858],[113.9931455,32.1231608],[113.9929631,32.1239582],[113.9944974,32.1233766],[113.9947522,32.1241126],[113.9913887,32.1267499],[113.9949855,32.125998],[113.9960664,32.1244079],[113.9984831,32.1256459],[114.0052691,32.1239264],[114.0059289,32.1210937],[114.0049419,32.1206871],[114.0048346,32.119474],[114.0057465,32.1190151],[114.0052101,32.1184358],[114.0068275,32.1182337],[114.0066317,32.1171478],[114.0083107,32.1183949],[114.0078494,32.1155803],[114.0101749,32.1161596],[114.0096223,32.1145421],[114.0129563,32.1140445],[114.0069509,32.1125815],[114.0035525,32.1140105],[114.0036061,32.1118295],[114.0045986,32.1119794],[114.0040246,32.110789],[114.0049472,32.1105232],[114.0050572,32.1065064],[114.006063,32.1087783],[114.0053764,32.1109344],[114.0065753,32.1096235],[114.0070045,32.111341],[114.0081337,32.1113251],[114.0068999,32.1085148],[114.0068248,32.1048501],[114.0084636,32.1081445],[114.0087453,32.1045183],[114.009617,32.1066404],[114.0106845,32.1063314],[114.0107086,32.104816],[114.0117359,32.1059134],[114.0138522,32.1052204],[114.0106443,32.1021736],[114.0101507,32.1030938],[114.0092897,32.1024508],[114.0094534,32.1016169],[114.0105276,32.1018532],[114.0103935,32.1005944],[114.0118258,32.1006115],[114.0121154,32.0990528],[114.0136966,32.0995561],[114.0150176,32.1024428],[114.0160811,32.1018827],[114.0154307,32.0998878],[114.0165693,32.0989176],[114.0124762,32.0972134],[114.0124842,32.0947162],[114.0146542,32.0948912],[114.013592,32.0937596],[114.0119559,32.0938414],[114.0117332,32.0919099],[114.0103975,32.0923894],[114.0084153,32.0914327],[114.0104404,32.0934051],[114.0108106,32.0955547],[114.0097269,32.0972043],[114.0083107,32.096868],[114.0088043,32.0975202],[114.007726,32.0983677],[114.0094909,32.0984336],[114.0078279,32.0989721],[114.0070179,32.1006899],[114.0062293,32.0976701],[114.0040809,32.0972043],[114.0053147,32.0987267],[114.0037054,32.0995583],[114.0050438,32.1004922],[114.0027264,32.1002809],[114.00392,32.1013238],[114.0015087,32.1023996],[114.0030093,32.103146],[114.0041614,32.1023417],[114.0036437,32.1040912],[114.002721,32.1042275],[114.0029222,32.1055305],[114.0019405,32.1040435],[114.0010124,32.1041866],[114.0011975,32.1034618],[113.9988425,32.1028881],[113.9980942,32.1011375],[113.9974934,32.1022679],[113.9951317,32.1017805],[113.9964379,32.1028506],[113.9959887,32.103689],[113.9969797,32.1030744],[113.9980392,32.1036845],[113.9973539,32.1047637],[113.9986642,32.1042003],[113.9986937,32.1053136],[113.9998792,32.1050523],[113.9988157,32.1062439],[114.0001997,32.1064609],[114.0004358,32.1077514],[113.9964406,32.1059997],[113.9972574,32.107531],[113.995986,32.1077173],[113.9970052,32.1085295],[113.9958143,32.1093509],[113.9951009,32.1067358],[113.994095,32.1084148],[113.9948729,32.1096144],[113.99358,32.1103107],[113.9959538,32.1106072],[113.9934298,32.1109866],[113.9932823,32.113129],[113.9921558,32.112761],[113.9925823,32.1112365],[113.9913645,32.1123089],[113.9900073,32.1116818],[113.9927137,32.1103914],[113.9919573,32.1098461],[113.9928934,32.1086397],[113.9925662,32.1067926],[113.9916435,32.1083648],[113.9903265,32.1082944],[113.9907396,32.1096826],[113.9898518,32.1091759],[113.9887038,32.1105641],[113.9881057,32.1092486],[113.9895272,32.1079286],[113.9879152,32.1076719],[113.9863113,32.1087442],[113.9873868,32.1114637],[113.9854422,32.1101233],[113.9845061,32.1119567],[113.9837497,32.1099029],[113.9853349,32.1095258],[113.9853644,32.1089283],[113.9822692,32.1088147],[113.9832844,32.1080422],[113.9830591,32.1069289],[113.9842808,32.1077355],[113.9844418,32.105668],[113.9857453,32.1073243],[113.9861101,32.1063973],[113.984828,32.1046751],[113.9856407,32.1039026],[113.9866787,32.1049568],[113.9860296,32.1035527],[113.9881352,32.1037913],[113.9884061,32.1025439],[113.9855897,32.1027643],[113.9842835,32.1015351],[113.9848602,32.1029711],[113.9838463,32.104457],[113.9828002,32.1050818],[113.9814404,32.1040299],[113.9818722,32.1057339],[113.9811105,32.1064178],[113.9789164,32.1051454],[113.9799517,32.1065654],[113.9792544,32.1070789],[113.9792034,32.106119],[113.977299,32.1059702],[113.9764139,32.1019077],[113.9773875,32.1021781],[113.9773849,32.1040321],[113.9783934,32.1040276],[113.978211,32.1027211],[113.9794233,32.1027802],[113.9784873,32.1017487],[113.9807028,32.1001968],[113.9780608,32.1009625],[113.9773822,32.1000423],[113.97816,32.0987631],[113.9794528,32.0986949],[113.979823,32.0971021],[113.9798605,32.0989607],[113.9812513,32.0982041],[113.984254,32.10004],[113.9840233,32.0985995],[113.9849675,32.0975815],[113.9831838,32.0984722],[113.9819634,32.0972975],[113.9827734,32.0974725],[113.9827037,32.0960296],[113.9841467,32.0971748],[113.9838812,32.0948207],[113.985815,32.096843],[113.9852062,32.0942254],[113.9874753,32.0975156],[113.9892322,32.0978269],[113.986837,32.0930824],[113.9874217,32.0927393],[113.9888003,32.0944231],[113.9889532,32.0927461],[113.9877167,32.0918531],[113.9887735,32.0919803],[113.9881647,32.0905692],[113.9888272,32.0896739],[113.9901039,32.0930097],[113.9904472,32.0890285],[113.9920378,32.0890103],[113.9930516,32.0935255],[113.9929685,32.0913577],[113.9940119,32.0914043],[113.993175,32.0887035],[113.9968698,32.0890796],[113.998864,32.0882547],[113.9993428,32.0873901],[113.9969972,32.0884172],[113.9957137,32.0881377],[113.9954884,32.0868231],[113.9949171,32.0879979],[113.993914,32.0869958],[113.9909059,32.0874082],[113.9908791,32.0862424],[113.9923315,32.0855039],[113.9901307,32.0853596],[113.9894977,32.0838074],[113.9895473,32.0873242],[113.9885791,32.0881559],[113.9872393,32.084029],[113.9874914,32.0867924],[113.9849688,32.0863515],[113.9873157,32.0876105],[113.986617,32.0886569],[113.9854637,32.0879627],[113.9854275,32.0909816],[113.983959,32.0907839],[113.9853993,32.0895239],[113.9847824,32.0877423],[113.9845303,32.0893648],[113.9827868,32.0899216],[113.9819232,32.0885786],[113.9830872,32.0884877],[113.9816737,32.0879695],[113.9821431,32.0868719],[113.9816818,32.0861993],[113.980051,32.0878616],[113.9810447,32.0885831],[113.9791645,32.089633],[113.9805391,32.0901215],[113.9811292,32.0893444],[113.981773,32.0902556],[113.9815101,32.0912305],[113.9797828,32.0904397],[113.9802065,32.091519],[113.9791028,32.0912475],[113.9805593,32.0927813],[113.978793,32.0928904],[113.9776397,32.0916838],[113.9782593,32.0909294],[113.9769959,32.0912884],[113.9758667,32.0900249],[113.9757997,32.0920871],[113.977409,32.0927575],[113.9765266,32.0930438],[113.9764903,32.0944981],[113.9753182,32.0936153],[113.9760491,32.0928529],[113.9749441,32.0928688],[113.9749669,32.0908476],[113.9739449,32.0907953],[113.9735802,32.0934562],[113.9744143,32.0940504],[113.9722377,32.0951854],[113.9745659,32.0960625],[113.9732945,32.0970351],[113.9720996,32.0956592],[113.9698935,32.0982098],[113.9675425,32.0968487],[113.9699793,32.0963113],[113.9689681,32.0959819],[113.9686529,32.0937039],[113.9689775,32.0927348],[113.9702837,32.0937584],[113.9697111,32.0913895],[113.9711675,32.0924416],[113.9710388,32.0937209],[113.9726508,32.0925121],[113.9716396,32.0919099],[113.9722686,32.0905624],[113.9713794,32.0894534],[113.9708483,32.090242],[113.9694697,32.0878877],[113.9705157,32.0885376],[113.9714545,32.0874423],[113.9715403,32.0886581],[113.9729056,32.0895557],[113.9729619,32.0875559],[113.9742789,32.088299],[113.9733508,32.0857834],[113.9751372,32.0860947],[113.975974,32.0881377],[113.9769235,32.0876173],[113.9763603,32.0855766],[113.9786589,32.0866992],[113.9781412,32.0850267],[113.9759713,32.0841358],[113.9757863,32.0830768],[113.974582,32.0832063],[113.9742628,32.0818201],[113.9759418,32.0815519],[113.9762932,32.0830336],[113.9771408,32.0821041],[113.9790961,32.0843517],[113.9800644,32.0841449],[113.9782941,32.0811951],[113.9766821,32.0807565],[113.9745256,32.0753588],[113.9761323,32.075402],[113.9767894,32.0781156],[113.977924,32.0762793],[113.9785597,32.0784474],[113.9793804,32.0760497],[113.9805499,32.0765861],[113.980853,32.0744747],[113.9796151,32.073694],[113.9788024,32.0743576],[113.9790612,32.0727383],[113.9776732,32.0726951],[113.9766955,32.068538],[113.9798766,32.072111],[113.9803997,32.0712745],[113.9786911,32.0678243],[113.9802629,32.0679447],[113.9793563,32.0661832],[113.9824596,32.0703336],[113.9829773,32.0686675],[113.9806116,32.065349],[113.978844,32.0644852],[113.9821351,32.0655626],[113.9818186,32.0631896],[113.9824945,32.0640397],[113.9833152,32.0634601],[113.9834386,32.0642852],[113.9846992,32.0641033],[113.9856836,32.0665787],[113.9866358,32.0658331],[113.9875907,32.0663718],[113.9869255,32.0686721],[113.9882103,32.0678947],[113.9879313,32.0704608],[113.9895223,32.0683611],[113.9914691,32.0718768],[113.9942989,32.0740417],[113.994893,32.0737838],[113.9939837,32.071628],[113.9949641,32.070945],[113.9926198,32.0705972],[113.9929336,32.0694812],[113.9907382,32.0665218],[113.990863,32.0657263],[113.9913927,32.0665809],[113.9916904,32.0655854],[113.993049,32.0657445],[113.9919063,32.0647853],[113.9924173,32.0632725],[113.9953959,32.0628282],[113.9919841,32.061578],[113.9902635,32.0646455],[113.9893019,32.0647784],[113.9893743,32.0635783],[113.9870167,32.0620519],[113.9873412,32.0614484],[113.9844672,32.0607903],[113.9866358,32.0591332],[113.9885643,32.0603789],[113.9888781,32.0590332],[113.9904915,32.0581273],[113.9892885,32.0575329],[113.9877744,32.0585922],[113.9861718,32.0569032],[113.985402,32.0579682],[113.9837041,32.0578591],[113.9837095,32.0589968],[113.9816308,32.0610597],[113.9806867,32.0604596],[113.9832267,32.0571907],[113.9809361,32.0592593],[113.9799222,32.0591457],[113.9786938,32.0612029],[113.9787233,32.0596708],[113.9802387,32.0584637],[113.9801449,32.0567975],[113.9782995,32.0586069],[113.9774412,32.0581591],[113.9774814,32.0595003],[113.9761403,32.0584205],[113.9766848,32.0603459],[113.9757648,32.060921],[113.9769101,32.0611097],[113.9760169,32.0624963],[113.9747348,32.0609847],[113.9731738,32.0609824],[113.9727151,32.0637124],[113.9736888,32.063801],[113.9734313,32.064908],[113.9724147,32.0642625],[113.972286,32.0606164],[113.9709476,32.0612597],[113.9712279,32.0590354],[113.9723906,32.0589252],[113.9724979,32.0577659],[113.9694938,32.0555313],[113.9700785,32.0531989],[113.9710294,32.0539479],[113.9704768,32.055213],[113.9718045,32.054614],[113.9721291,32.0560177],[113.9738162,32.0561973],[113.9739972,32.0551084],[113.9752096,32.0562042],[113.9761537,32.0555165],[113.9742064,32.0541252],[113.9743379,32.0528613],[113.9728439,32.0535069],[113.9731751,32.0521884],[113.9718515,32.0527328],[113.9713834,32.0513916],[113.9720111,32.0520486],[113.9738618,32.0514711],[113.9743835,32.0522645],[113.9753276,32.0513711],[113.975455,32.0525862],[113.9764608,32.0531477],[113.9767492,32.0522259],[113.9772601,32.0532398],[113.976481,32.0511642],[113.977688,32.0504277],[113.9782968,32.0524578],[113.9793509,32.0510005],[113.9797935,32.0521702],[113.9803205,32.0514029],[113.9809777,32.0521975],[113.981604,32.049732],[113.9825307,32.052485],[113.9832763,32.0525191],[113.9828056,32.0495683],[113.9850613,32.0491273],[113.9862362,32.0525055],[113.9863864,32.0501776],[113.9873627,32.0494399],[113.9882009,32.0511949],[113.9891383,32.0497911],[113.9910373,32.050921],[113.9930677,32.0499457],[113.9901119,32.0493819],[113.9902367,32.0482077],[113.9847851,32.0480462],[113.9864936,32.047113],[113.9857869,32.046581],[113.9866814,32.0449463],[113.989774,32.0448872],[113.9873452,32.0443643],[113.9873774,32.0429206],[113.9847462,32.0436254],[113.9842352,32.0467197],[113.9823335,32.0481383],[113.9817461,32.0473096],[113.9801556,32.0486396],[113.9789352,32.0479644],[113.978494,32.0488988],[113.9764649,32.0484702],[113.977071,32.0460354],[113.9802521,32.0450566],[113.9774801,32.0443348],[113.9759633,32.0456125],[113.9753544,32.0436459],[113.9744022,32.0455397],[113.9753129,32.0461524],[113.9749669,32.0483304],[113.974252,32.0468765],[113.9728036,32.0484202],[113.9735842,32.0473381],[113.9721841,32.0460808],[113.9713097,32.0467174],[113.9719963,32.0476518],[113.9701617,32.0484566],[113.9699444,32.0474904],[113.9712748,32.0472323],[113.9696373,32.0457409],[113.9685644,32.0475177],[113.9689346,32.0454181],[113.9702985,32.0453533],[113.9695702,32.0444723],[113.970902,32.0444075],[113.9714625,32.0459558],[113.9726387,32.0449804],[113.9712051,32.0436209],[113.9736807,32.0419486],[113.9724442,32.0412666],[113.9712989,32.042583],[113.9704031,32.0419839],[113.9712118,32.0413723],[113.9705707,32.0401673],[113.9720674,32.0406095],[113.9718595,32.0393442],[113.9734085,32.0396523],[113.972467,32.0405436],[113.9737974,32.0405129],[113.9747456,32.0425705],[113.9744438,32.0397978],[113.9763173,32.0422618],[113.9770415,32.0422419],[113.976422,32.0408732],[113.9780219,32.0415121],[113.9776088,32.0401843],[113.9760827,32.039899],[113.9768256,32.0390009],[113.9752766,32.0392692],[113.9741917,32.0384427],[113.9764957,32.0381369],[113.9758252,32.0370159],[113.9766633,32.0361008],[113.9777832,32.0391987],[113.9780889,32.0379141],[113.9794408,32.0391691],[113.9771301,32.0350253],[113.97897,32.0351242],[113.9793523,32.0375821],[113.9799276,32.0367283],[113.9807296,32.0375787],[113.9802682,32.0354766],[113.9813223,32.0355869],[113.9812593,32.0373706],[113.9841346,32.0390202],[113.9829102,32.0357233],[113.9837256,32.036435],[113.9855468,32.0357915],[113.9877006,32.0369898],[113.9865205,32.0359916],[113.9871575,32.0350401],[113.9836679,32.0341692],[113.9823644,32.0347342],[113.9810099,32.0335644],[113.9813746,32.032191],[113.9802146,32.0320545],[113.9812593,32.0311814],[113.980397,32.0309074],[113.9809334,32.0300456],[113.98311,32.0311109],[113.9830497,32.0319272],[113.9837176,32.0314361],[113.9870274,32.0328936],[113.9848468,32.0317385],[113.9855361,32.0308426],[113.9822799,32.0295169],[113.9845329,32.0283117],[113.985528,32.0263788],[113.9841682,32.0258342],[113.9814082,32.0285448],[113.9806961,32.0283344],[113.9817327,32.0276614],[113.9816228,32.0254056],[113.9794287,32.0285255],[113.9774036,32.0273953],[113.9781815,32.029186],[113.9792798,32.0293077],[113.9779857,32.0306368],[113.9781935,32.0331585],[113.9768927,32.0323331],[113.9774559,32.033578],[113.9763884,32.0328288],[113.9755744,32.0336928],[113.9755422,32.0312314],[113.9743808,32.0324707],[113.9744626,32.0312746],[113.9732838,32.0316168],[113.9733656,32.0305583],[113.9727218,32.0321898],[113.9735949,32.0337565],[113.974535,32.0337792],[113.9738014,32.0346649],[113.9748368,32.0347331],[113.9729163,32.0366703],[113.9729498,32.0345773],[113.9718582,32.0339043],[113.9721814,32.0358518],[113.9703333,32.0367908],[113.9699525,32.0356858],[113.9706311,32.0355653],[113.9691585,32.0346762],[113.9709315,32.0347308],[113.968036,32.0314429],[113.9701295,32.0321012],[113.9681272,32.0304651],[113.9696333,32.0302138],[113.9718005,32.0323274],[113.9706378,32.0305902],[113.9718032,32.0302855],[113.9699659,32.0293373],[113.9709637,32.02946],[113.9705291,32.0284686],[113.972294,32.0290894],[113.97091,32.0277898],[113.9719547,32.0279013],[113.9718863,32.0265949],[113.9746007,32.027841],[113.9725113,32.0252964],[113.9739865,32.0237603],[113.9742011,32.0220013],[113.9715926,32.023683],[113.9686248,32.0280661],[113.968142,32.0268598],[113.9695086,32.0250656],[113.9671348,32.025965],[113.9675881,32.0268928],[113.9666413,32.0274453],[113.9673467,32.0283924],[113.9656059,32.0292952],[113.9651915,32.0287438],[113.9665756,32.0282708],[113.9641803,32.0275306],[113.965437,32.0265585],[113.9628392,32.0267222],[113.962331,32.0259502],[113.9631705,32.0257671],[113.9621593,32.0251361],[113.9664294,32.025276],[113.9654799,32.02443],[113.9660083,32.0238638],[113.9627239,32.0241526],[113.9608651,32.0231406],[113.9605674,32.0224197],[113.9635956,32.0237057],[113.962622,32.022472],[113.9639577,32.0230042],[113.9634897,32.0220479],[113.9645599,32.0215192],[113.965213,32.0225892],[113.9659224,32.021501],[113.9679301,32.0231361],[113.967796,32.0218524],[113.9662752,32.0210189],[113.9666171,32.0202491],[113.962508,32.0216272],[113.9619327,32.0202286],[113.9617583,32.0218933],[113.9604387,32.0199887],[113.9627266,32.0190859],[113.9646015,32.0196339],[113.9647248,32.0185514],[113.9660177,32.019004],[113.9665085,32.0166491],[113.9677423,32.0174359],[113.967218,32.0185708],[113.9681379,32.0178408],[113.9687589,32.0188448],[113.9681742,32.0197022],[113.9690995,32.0197965],[113.9693141,32.018747],[113.9705399,32.0189744],[113.9686462,32.0173757],[113.9720821,32.017312],[113.9728385,32.0181864],[113.9726642,32.0165331],[113.970969,32.016806],[113.9712909,32.0155904],[113.9759888,32.0138404],[113.9774881,32.0150173],[113.9778677,32.0137642],[113.9789553,32.0148388],[113.9828002,32.0156063],[113.9810327,32.0141394],[113.9788654,32.0142691],[113.9781801,32.0110611],[113.9772521,32.0124291],[113.9736713,32.0128624],[113.9730303,32.0137255],[113.9701764,32.0140621],[113.9703575,32.0133809],[113.969129,32.0130443],[113.9685336,32.0157928],[113.9681151,32.014003],[113.9664629,32.013464],[113.967981,32.0113534],[113.9670396,32.010828],[113.9643386,32.0117582],[113.9652988,32.0146602],[113.9613238,32.0165865],[113.9611897,32.0175326],[113.9600122,32.0168162],[113.9594744,32.0175679],[113.959166,32.0160271],[113.9600068,32.0153346],[113.9589742,32.015438],[113.958592,32.0143714],[113.9608343,32.0135436],[113.9576934,32.0131956],[113.9591633,32.0125087],[113.9571288,32.0125065],[113.9572321,32.0112294],[113.9561538,32.0103856],[113.9567493,32.0094736],[113.9542213,32.0077894],[113.9562651,32.007869],[113.9570886,32.009112],[113.956705,32.0074243],[113.9586389,32.0085684],[113.9581212,32.007024],[113.9616108,32.0065771],[113.9622585,32.0054228],[113.9613466,32.0059789],[113.9587623,32.0051316],[113.9555249,32.0068773],[113.9543018,32.0062223],[113.9552888,32.0041798],[113.9573112,32.0031972],[113.9561994,32.0028093],[113.954346,32.0037783],[113.9534488,32.0031858],[113.9538766,32.0041616],[113.9528547,32.0060824],[113.9500451,31.9997398],[113.9506111,31.99869],[113.9523827,32.0006166],[113.9558937,32.0010795],[113.9598405,31.9997125],[113.9613748,31.9975174],[113.960605,31.9974378],[113.9613681,31.9951073],[113.9623269,31.995651],[113.9626072,31.9946364],[113.961525,31.9937629],[113.9620158,31.9909751],[113.9625241,31.9914016],[113.9618991,31.9896807],[113.9628929,31.9894976],[113.9651768,31.9918214],[113.9640275,31.9893122],[113.9651486,31.9891222],[113.964761,31.9884193],[113.9608195,31.9880757],[113.9601101,31.9857723],[113.9564958,31.9838136],[113.9574963,31.9812632],[113.9604534,31.9783248],[113.9632845,31.9772271],[113.9634374,31.9780985],[113.9646658,31.9780257],[113.964006,31.9763943],[113.9655067,31.9746174],[113.9647932,31.9739462],[113.9666319,31.9723273],[113.9653337,31.9689358],[113.9663275,31.9661166],[113.9657964,31.9643656],[113.9635849,31.9624165],[113.963711,31.9614403],[113.962158,31.9613789],[113.960672,31.9596426],[113.9634803,31.95056],[113.9657669,31.9491114],[113.9662483,31.9512599],[113.9686784,31.9511734],[113.9666761,31.9484344],[113.9641696,31.9494995],[113.9628808,31.9487985],[113.9641428,31.9437413],[113.9620346,31.9430152],[113.9588407,31.9457152],[113.9579067,31.9514032],[113.9553049,31.9555532],[113.9568485,31.9613049],[113.958659,31.9633894],[113.9585236,31.9656706],[113.9601235,31.9663691],[113.9610448,31.9685877],[113.9608034,31.9735912],[113.9587677,31.9757357],[113.9554055,31.975995],[113.9545619,31.9777265],[113.9536768,31.9765695],[113.9524162,31.977822],[113.953709,31.9782361],[113.9520742,31.9807854],[113.9506808,31.9798344],[113.9496361,31.9806182],[113.951818,31.9815021],[113.9520903,31.9854732],[113.9531216,31.9849113],[113.9559017,31.9868871],[113.9547551,31.9876674],[113.9565897,31.9885694],[113.9579107,31.9919499],[113.9562544,31.9929485],[113.9578718,31.9946853],[113.9551359,31.9981441],[113.9529325,31.9966485],[113.9542387,31.9967906],[113.95422,31.9958204],[113.9530706,31.9956953],[113.9542253,31.9939949],[113.9526093,31.9950334],[113.9524001,31.9941314],[113.9518864,31.9952688],[113.9504836,31.9947422],[113.9515042,31.994782],[113.9514586,31.9939745],[113.949974,31.9937629],[113.9499888,31.9927211],[113.948641,31.9922024],[113.9488757,31.9890653],[113.9476794,31.9903017],[113.9478698,31.9820549],[113.9457992,31.9799322],[113.9457053,31.9815408],[113.9445479,31.9811119],[113.9429198,31.9831891],[113.9447223,31.9834586],[113.9439404,31.9859828],[113.9428474,31.9859327],[113.9433959,31.9880723],[113.9414822,31.9882327],[113.9425617,31.9892871],[113.9398406,31.9908784],[113.942842,31.9904075],[113.9417008,31.990974],[113.9428367,31.991289],[113.9423566,31.9934342],[113.9403972,31.9930702],[113.9408089,31.9938789],[113.9396784,31.993987],[113.9351535,31.9924128],[113.9342335,31.9930179],[113.9356846,31.994881],[113.9308539,31.996156],[113.9321508,31.9959774],[113.9330359,31.9968611],[113.9347136,31.9966689],[113.9354981,31.9970534],[113.9391781,31.996239],[113.9385357,31.9977972],[113.9413092,31.996678],[113.9410423,31.9994315],[113.9424719,31.9972058],[113.9430606,31.9982123],[113.9422815,31.9989903],[113.943695,31.9989152],[113.9439176,32.0010204],[113.9473683,32.0041013],[113.9434268,32.0063019],[113.9445439,32.0064111],[113.9424142,32.0086173],[113.945661,32.0058686],[113.9478993,32.0053125],[113.9468265,32.0072458],[113.9485525,32.005864],[113.9487576,32.0072992],[113.9495556,32.0071116],[113.9492539,32.0087037],[113.9503348,32.0080305],[113.9511958,32.0095703],[113.9467192,32.0117059],[113.9485672,32.0120561],[113.950713,32.0108337],[113.9511019,32.0120982],[113.9517872,32.0103799],[113.9527944,32.0119697],[113.9513004,32.0140348],[113.9487362,32.0143464],[113.9518529,32.0145079],[113.9532906,32.0131842],[113.9547671,32.01392],[113.9527488,32.0146034],[113.9518851,32.0164637],[113.953701,32.0152356],[113.9544064,32.0160453],[113.9551198,32.0149695],[113.9558655,32.0178487],[113.954519,32.0182922],[113.9565065,32.0193565],[113.9550742,32.0199569],[113.9535025,32.0195384],[113.9533871,32.0180852],[113.9518476,32.0189403],[113.9511931,32.0182262],[113.9484331,32.0211599],[113.9477411,32.0194839],[113.9487469,32.0179602],[113.9471644,32.0200206],[113.9456007,32.0194679],[113.9458716,32.0180466],[113.9450535,32.0163784],[113.9454237,32.0155461],[113.944332,32.0160646],[113.9421862,32.0141747],[113.9411348,32.0152299],[113.9380583,32.0152754],[113.9341369,32.0188005],[113.9349014,32.0146341],[113.9304435,32.0149047],[113.9324069,32.0154596],[113.9332545,32.0170505],[113.9318141,32.0214726],[113.933225,32.0232498],[113.9382555,32.0173336],[113.9394678,32.0180238],[113.9409497,32.0168799],[113.9417919,32.0173962],[113.940821,32.0184923],[113.9420012,32.0181807],[113.9435703,32.0197977],[113.9455149,32.0179306],[113.9437526,32.0203048],[113.9457723,32.0216443],[113.944045,32.0228086],[113.9432108,32.0220422],[113.9426261,32.0237069],[113.9391017,32.0264084],[113.9393645,32.0273612],[113.9411482,32.0258012],[113.9418885,32.0262083],[113.9436802,32.02365],[113.9440235,32.0269155],[113.9442918,32.0237842],[113.9463276,32.0224539],[113.9454263,32.0240957],[113.9460942,32.0264789],[113.9458314,32.0245119],[113.9467782,32.0237501],[113.9473857,32.0247211],[113.9474742,32.0235943],[113.9487684,32.0255215],[113.9478672,32.0266608],[113.9485632,32.0273601],[113.9496186,32.0255647],[113.9487442,32.0243823],[113.9522298,32.0234954],[113.9517604,32.0222299],[113.9535776,32.0229917],[113.9526884,32.025276],[113.9518905,32.0252236],[113.9524055,32.0264766],[113.9536245,32.0259889],[113.9540791,32.0239297],[113.9547175,32.024596],[113.9546156,32.0229041],[113.9555356,32.0247848],[113.9555705,32.0228154],[113.9565334,32.0225062],[113.9564073,32.0239684],[113.9574252,32.0225937],[113.9577444,32.0240548],[113.9563617,32.0252384],[113.957727,32.0249906],[113.9573582,32.026148],[113.9560881,32.0257205],[113.9556764,32.0271679],[113.9555182,32.0257057],[113.955207,32.0254556],[113.9549991,32.0272827],[113.9533965,32.0278205],[113.9551172,32.0278649],[113.9541744,32.0291121],[113.9504287,32.0294907],[113.9524417,32.0301297],[113.9516638,32.0319329],[113.9556509,32.0288324],[113.9561297,32.0297329],[113.9570993,32.0279763],[113.9570054,32.0297886],[113.9577337,32.0291519],[113.9584123,32.0300297],[113.9579482,32.0312712],[113.9588696,32.0308892],[113.9615183,32.0332153],[113.960664,32.0336417],[113.9604373,32.0326366],[113.9589554,32.0319295],[113.9586148,32.0329243],[113.9596085,32.0326457],[113.9599505,32.0335087],[113.958364,32.0339816],[113.9602925,32.0344227],[113.9593953,32.0355028],[113.960385,32.0358688],[113.9589286,32.0361667],[113.9588495,32.0346444],[113.9578718,32.0353061],[113.9572804,32.030589],[113.9563657,32.0315736],[113.953941,32.0309165],[113.9539705,32.0321023],[113.9516759,32.0329402],[113.9512736,32.0343102],[113.9527126,32.0350594],[113.952954,32.0338907],[113.9554605,32.0328606],[113.9550152,32.0344671],[113.9562169,32.0337565],[113.9559245,32.0361042],[113.9546196,32.0351776],[113.9521278,32.0370512],[113.9495797,32.0370171],[113.9487067,32.0382665],[113.9466588,32.0375605],[113.9449073,32.038919],[113.9443575,32.0382983],[113.9442703,32.0394022],[113.9420146,32.0401275],[113.9437969,32.0401866],[113.9431465,32.0421703],[113.9443414,32.0414905],[113.9444755,32.0401639],[113.9451729,32.0407414],[113.9455417,32.0393897],[113.9463061,32.040348],[113.9464818,32.0390759],[113.9477478,32.0398524],[113.9495985,32.0390714],[113.9489695,32.0409812],[113.9464724,32.0425602],[113.94559,32.0454045],[113.9438975,32.0464298],[113.9456034,32.0461854],[113.9462256,32.0475336],[113.947214,32.0441665],[113.9484532,32.0455454],[113.9486651,32.042334],[113.9505386,32.0449486],[113.9506499,32.0423363],[113.9498654,32.0416747],[113.9506111,32.0418134],[113.9506741,32.0406106],[113.9519387,32.0422226],[113.9523451,32.0407323],[113.9513996,32.039858],[113.9520487,32.0388986],[113.9527166,32.0399422],[113.9531377,32.038312],[113.9531538,32.0411927],[113.9545754,32.0378799],[113.9554042,32.0380323],[113.9534354,32.042791],[113.954004,32.0435072],[113.9569357,32.0378936],[113.9556456,32.0407243],[113.9566997,32.0415974],[113.9562947,32.0427774],[113.9575231,32.0429206],[113.9574319,32.0406106],[113.958545,32.0415133],[113.9576331,32.0399354],[113.9588964,32.0381414],[113.9594892,32.0386189],[113.958309,32.03901],[113.9583465,32.0400081],[113.9595374,32.0396398],[113.959583,32.0403605],[113.9584431,32.0426796],[113.9598942,32.043564],[113.9603394,32.041204],[113.9613909,32.0424],[113.9606962,32.0402719],[113.9622492,32.040672],[113.9632791,32.0389168],[113.9631852,32.0399695],[113.9639524,32.0399399],[113.9620292,32.0416951],[113.9637485,32.041536],[113.9634883,32.0425318],[113.9611991,32.0433276],[113.9620708,32.043672],[113.9606237,32.0440904],[113.9615545,32.0448497],[113.9597265,32.0448804],[113.9613909,32.0459444],[113.9592947,32.0456273],[113.9576156,32.0433151],[113.9577457,32.0454874],[113.954916,32.0444075],[113.9534944,32.0461854],[113.9544024,32.0470675],[113.95538,32.0459342],[113.9565843,32.0470721],[113.95514,32.0468038],[113.9539477,32.0478814],[113.952895,32.0472744],[113.9534904,32.0489295],[113.9513433,32.0494285],[113.9529526,32.0500935],[113.9523411,32.0514234],[113.9548328,32.0485771],[113.956174,32.0500503],[113.9573702,32.0482111],[113.9582258,32.0495979],[113.9584592,32.0481724],[113.9588159,32.048352],[113.9583009,32.0511233],[113.9571731,32.0495717],[113.9564475,32.0510597],[113.9545579,32.050181],[113.9548503,32.05226],[113.9529151,32.0527283],[113.9571074,32.05226],[113.9569344,32.0536865],[113.9559151,32.0533239],[113.9562839,32.0543276],[113.9545459,32.0545924],[113.9557233,32.054988],[113.9552432,32.0562564],[113.9579013,32.05414],[113.9584807,32.0551312],[113.9586604,32.0542582],[113.9594489,32.0545879],[113.95895,32.0532125],[113.9603609,32.0543583],[113.9595079,32.0525896],[113.9605996,32.0517235],[113.96009,32.0527237],[113.9610341,32.0549448],[113.9598459,32.0554949],[113.960216,32.0560723],[113.9614579,32.0553085],[113.9613292,32.0566247],[113.9602724,32.0568202],[113.9610502,32.0579],[113.9588696,32.0589297],[113.9586939,32.0562383],[113.956646,32.0565633],[113.9572334,32.0577363],[113.9559594,32.0578113],[113.9572227,32.059223],[113.9563724,32.0601641],[113.9558239,32.0591593],[113.9564757,32.0590525],[113.9547551,32.057384],[113.9547068,32.0587797],[113.9532933,32.0563746],[113.9526093,32.0564428],[113.9527488,32.0577227],[113.952148,32.0570884],[113.9534435,32.0543128],[113.9521962,32.0552312],[113.9510134,32.0536228],[113.9511891,32.0554449],[113.9496683,32.0549868],[113.9499325,32.0513688],[113.9488354,32.0532512],[113.9473911,32.0530579],[113.9486839,32.0547106],[113.9474715,32.0555438],[113.9486852,32.0556722],[113.9491613,32.0569054],[113.9502543,32.0566747],[113.9510174,32.0589934],[113.9478055,32.0574817],[113.9474058,32.0585956],[113.9467929,32.0566747],[113.9463826,32.0585751],[113.9458676,32.057218],[113.9440852,32.0564247],[113.9449422,32.0577136],[113.9429654,32.0573862],[113.9436266,32.0583842],[113.942948,32.059215],[113.945079,32.0587661],[113.9455082,32.0595117],[113.9440034,32.0604607],[113.9465877,32.0597981],[113.9455698,32.0621667],[113.944509,32.0620087],[113.9446995,32.0638067],[113.9472006,32.0609085],[113.9479798,32.0612199],[113.9482668,32.0599413],[113.9492431,32.0599379],[113.9475842,32.0624588],[113.9495704,32.0613995],[113.9495194,32.0621906],[113.9474675,32.0638579],[113.9492257,32.0637851],[113.9469109,32.0651921],[113.9482118,32.0655763],[113.9468707,32.0664093],[113.9455806,32.0658456],[113.9449905,32.0668435],[113.9467487,32.0674151],[113.9487778,32.0667662],[113.9495435,32.0653103],[113.9502516,32.0661343],[113.9466602,32.0687834],[113.9458126,32.0681697],[113.9460674,32.0701631],[113.9446405,32.0709745],[113.9453298,32.0680629],[113.944611,32.0690119],[113.9436065,32.0684334],[113.9436561,32.067214],[113.9422345,32.068355],[113.9409739,32.0674106],[113.942433,32.0665593],[113.9423552,32.0654342],[113.9406399,32.0654501],[113.9408854,32.0646682],[113.9424343,32.0647296],[113.9416498,32.0631771],[113.9396529,32.064134],[113.9396059,32.0664593],[113.9383399,32.0655444],[113.9391339,32.0653046],[113.939272,32.0627929],[113.941462,32.0623758],[113.9384647,32.0615132],[113.9391245,32.0601948],[113.9402443,32.0608244],[113.9398085,32.058982],[113.9412716,32.0597117],[113.9404052,32.0585933],[113.9412877,32.0584671],[113.9414406,32.0547379],[113.9404348,32.0555267],[113.9405286,32.0574601],[113.9388536,32.0588547],[113.9382206,32.0564292],[113.9374307,32.0572919],[113.9365013,32.0565849],[113.9377069,32.0590593],[113.9340618,32.0569089],[113.9348584,32.0565179],[113.933976,32.0560723],[113.9341155,32.0528579],[113.9352795,32.0532125],[113.9354351,32.0516939],[113.9373314,32.0516189],[113.9394799,32.0502481],[113.9347538,32.0505788],[113.9350328,32.0466151],[113.934035,32.0459058],[113.932592,32.0484498],[113.9334127,32.0512643],[113.9326724,32.0520804],[113.9317766,32.0515734],[113.9314641,32.0542878],[113.9306071,32.0538183],[113.9303228,32.0547584],[113.9315043,32.0550732],[113.9313622,32.0564008],[113.9305146,32.0560848],[113.9299071,32.0577818],[113.9289536,32.0579602],[113.9297153,32.0586899],[113.9289415,32.0593582],[113.9331619,32.0596219],[113.9320877,32.0605744],[113.9329581,32.0620621],[113.9310738,32.0607869],[113.9309853,32.0617916],[113.9295959,32.0617621],[113.9307252,32.0633601],[113.9320207,32.0628327],[113.9321843,32.0641193],[113.9308056,32.0641102],[113.9310028,32.0653751],[113.9297971,32.0649739],[113.9303309,32.0637919],[113.9293331,32.0643738],[113.9289576,32.0629464],[113.9274824,32.0624326],[113.9261895,32.0633169],[113.9280564,32.0635033],[113.9275494,32.064833],[113.9287256,32.0655456],[113.9259696,32.0654944],[113.923392,32.0636737],[113.9255646,32.061412],[113.925755,32.059964],[113.9264631,32.060055],[113.9258543,32.0612347],[113.9266777,32.0605732],[113.9277291,32.0611733],[113.9288785,32.0566395],[113.9302585,32.0555245],[113.9276916,32.0548015],[113.9263558,32.0527306],[113.9240786,32.0517735],[113.9255699,32.0504299],[113.9231506,32.0504572],[113.9234322,32.0450646],[113.9215225,32.0475972],[113.9213428,32.0504299],[113.9202404,32.0510597],[113.922763,32.0530443],[113.9222547,32.0542264],[113.9236642,32.0567054],[113.9226021,32.0559632],[113.9221716,32.0566668],[113.9205985,32.0551437],[113.9211228,32.0568202],[113.9203906,32.0567111],[113.9184554,32.0552062],[113.9187478,32.0534137],[113.9175636,32.0541446],[113.9162761,32.0531102],[113.9142296,32.049591],[113.9154553,32.0477018],[113.9135671,32.0475177],[113.9109707,32.0453101],[113.9109841,32.0439119],[113.907111,32.0418225],[113.9088437,32.039376],[113.905338,32.0420044],[113.9015441,32.0424989],[113.9012557,32.0459467],[113.8973236,32.0468356],[113.8977742,32.0481338],[113.8956124,32.0495615],[113.901473,32.0489363],[113.9052147,32.0465605],[113.9084521,32.0460876],[113.9080095,32.0481247],[113.9096001,32.0493455],[113.9093935,32.0507277],[113.9071888,32.0508846],[113.9083877,32.051753],[113.9062393,32.0519895],[113.9041418,32.0539582],[113.9044556,32.0547606],[113.9023983,32.0551471],[113.902975,32.0557859],[113.9021945,32.056577],[113.8977045,32.0571657],[113.8957465,32.0602004],[113.8988042,32.0586638],[113.9036161,32.058175],[113.9063385,32.0553289],[113.9099863,32.0535103],[113.910512,32.0548538],[113.9078298,32.0578431],[113.9073041,32.0606073],[113.9110672,32.0561496],[113.9120302,32.0574044],[113.9112979,32.0598686],[113.9129207,32.0577249],[113.9143261,32.0603709],[113.9169279,32.0612052],[113.9181134,32.0632941],[113.9154741,32.0630145],[113.9159247,32.0640079],[113.9145501,32.0648341],[113.9137012,32.064117],[113.91339,32.0656251],[113.9117123,32.0647466],[113.9123976,32.065724],[113.9116828,32.0662138],[113.9126323,32.0663332],[113.9107601,32.0682368],[113.9092407,32.0679811],[113.9089067,32.0692926],[113.9103726,32.0694994],[113.9073323,32.0730178],[113.9089429,32.0728008],[113.9093453,32.0735326],[113.9078459,32.0765077],[113.9082228,32.0797292],[113.908841,32.0762861],[113.9128,32.0694676],[113.9138487,32.0688584],[113.9123386,32.0732042],[113.9126685,32.0741406],[113.9145233,32.0701029],[113.9152984,32.0702483],[113.9152005,32.0687084],[113.9158456,32.0692357],[113.9158121,32.0681629],[113.9164813,32.0682482],[113.915568,32.067098],[113.9175743,32.0671526],[113.9185734,32.0661707],[113.9167924,32.0724223],[113.9176977,32.0709984],[113.9187089,32.0724382],[113.9181912,32.0707313],[113.9192104,32.0707972],[113.9193124,32.0681493],[113.9206615,32.0708791],[113.9205019,32.0665718],[113.9217585,32.0694744],[113.9221153,32.0678811],[113.9228556,32.0680652],[113.9221153,32.0721087],[113.9237179,32.0705484],[113.9238372,32.068438],[113.9242503,32.0691198],[113.9246634,32.0682743],[113.9260018,32.0685743],[113.9244407,32.0694994],[113.9247183,32.070146],[113.9262579,32.0695994],[113.9238024,32.0723712],[113.9239874,32.0736622],[113.9222346,32.0733292],[113.922983,32.0757372],[113.9202954,32.0757509],[113.9204335,32.0766827],[113.9193499,32.076885],[113.9193593,32.0787872],[113.9176346,32.0796417],[113.9176896,32.0815996],[113.9198609,32.0789349],[113.9206199,32.0796997],[113.9207956,32.0781293],[113.9223754,32.0769918],[113.9235462,32.0767997],[113.9223164,32.0781065],[113.9231747,32.0783906],[113.9249906,32.0780952],[113.9250201,32.076727],[113.9261842,32.0778497],[113.9262459,32.0764065],[113.9249705,32.0750202],[113.9264242,32.0747236],[113.9271417,32.0721314],[113.9285177,32.0712223],[113.9287256,32.0749077],[113.929836,32.0721894],[113.9301766,32.0753349],[113.9313863,32.0741963],[113.9318611,32.0762611],[113.9332223,32.0764679],[113.9316814,32.0783486],[113.9321856,32.0793895],[113.9332759,32.0784668],[113.9342308,32.079202],[113.9347069,32.0762588],[113.9357798,32.0762009],[113.9352567,32.0770622],[113.9362331,32.077444],[113.9370807,32.0759224],[113.9375366,32.0759656],[113.937137,32.0776895],[113.9350757,32.0796861],[113.9360641,32.0800826],[113.9344843,32.0824734],[113.9362666,32.082003],[113.9385344,32.0783088],[113.9373019,32.0822791],[113.9386511,32.0812087],[113.9379242,32.085013],[113.9395952,32.0824541],[113.9413212,32.0841722],[113.9398514,32.0813417],[113.9410731,32.0815258],[113.939964,32.0801054],[113.941218,32.0804826],[113.9402041,32.0786179],[113.9415921,32.0788486],[113.9406909,32.0774054],[113.9411522,32.0762156],[113.9414567,32.0776281],[113.9422667,32.0773986],[113.9418979,32.0811337],[113.9434013,32.0769509],[113.9441456,32.0776963],[113.943758,32.0803997],[113.9452949,32.0797781],[113.945877,32.0771384],[113.9461452,32.0783156],[113.9478229,32.0780349],[113.9477102,32.0768497],[113.9484344,32.0772384],[113.9479879,32.0794054],[113.9468868,32.0783974],[113.9455765,32.0792361],[113.945484,32.0804008],[113.9465837,32.0802747],[113.9452319,32.0814758],[113.9443119,32.0809815],[113.9445157,32.0818644],[113.9434187,32.0821644],[113.9438318,32.0830438],[113.9428809,32.082445],[113.9425148,32.0833995],[113.9437808,32.0837483],[113.9430714,32.0852414],[113.9445801,32.0851687],[113.9453177,32.0825507],[113.9463329,32.0842222],[113.9473388,32.0818246],[113.9473025,32.0850732],[113.9483097,32.084554],[113.9485122,32.0814655],[113.9491157,32.0815712],[113.9491613,32.0846471],[113.9471309,32.08706],[113.9454626,32.087277],[113.9470223,32.0878383],[113.9468291,32.0885303],[113.9443481,32.0897108],[113.9450683,32.0897937],[113.9447249,32.0908084],[113.9465395,32.0897182],[113.9465368,32.0913941],[113.9482681,32.0876639],[113.9494456,32.0886535],[113.949459,32.0867799],[113.9504997,32.0878741],[113.9504099,32.085822],[113.9513889,32.0875696],[113.9527327,32.0866674],[113.9523478,32.0881093],[113.9509866,32.0876843],[113.9494631,32.0887456],[113.949335,32.0904238],[113.9485766,32.0901715],[113.9481542,32.0910509],[113.9492083,32.0924473],[113.9473119,32.0916224],[113.9469284,32.0930057],[113.9478464,32.0930006],[113.9468613,32.0936641],[113.9487201,32.0933892],[113.9485203,32.0942311],[113.9462994,32.0943697],[113.9471389,32.0961636],[113.9484921,32.0951888],[113.9489534,32.0967408],[113.9498614,32.0941947],[113.9504984,32.0945049],[113.950029,32.0969112],[113.9487241,32.0971384],[113.9499244,32.098362],[113.9509758,32.0969248],[113.9526495,32.0976792],[113.9511529,32.0987812],[113.9513741,32.0996844],[113.9522633,32.0991868],[113.9519495,32.1004149],[113.9509544,32.0999139],[113.9502127,32.1007194],[113.9504126,32.101551],[113.9515109,32.1014681],[113.9509396,32.1026768],[113.9521506,32.1023894],[113.9526401,32.1046797],[113.9514787,32.1032392],[113.9504018,32.1039765],[113.9508256,32.1047421],[113.9487402,32.1038367],[113.9483104,32.1046018],[113.9496776,32.1053988],[113.9492887,32.1074504],[113.9504635,32.1057895],[113.9505976,32.1068188],[113.951759,32.1057396],[113.9504904,32.1074776],[113.9511301,32.108759],[113.9533925,32.1061531],[113.9525852,32.1089192],[113.9514479,32.1093747],[113.9523491,32.1097314],[113.9539316,32.1082649],[113.9528963,32.1099949],[113.9494805,32.1105618],[113.9524376,32.1117045],[113.9506553,32.1117557],[113.9496388,32.1128564],[113.9490554,32.1109287],[113.9476781,32.1103993],[113.9486665,32.1073629],[113.9481689,32.106445],[113.9471953,32.1069369],[113.9478631,32.1062758],[113.949042,32.1060713],[113.9471671,32.1053829],[113.9479262,32.1018895],[113.9487281,32.1018839],[113.9479744,32.1003263],[113.9496361,32.1010614],[113.9489561,32.0996833],[113.9501323,32.0986154],[113.9474206,32.0992607],[113.9466038,32.0978769],[113.9471765,32.0967158],[113.9455082,32.09711],[113.9457268,32.0958944],[113.944273,32.0957365],[113.9436856,32.0931847],[113.9434965,32.0944833],[113.9423633,32.0945958],[113.9436145,32.0949287],[113.9438251,32.0966136],[113.9430284,32.0957501],[113.9411791,32.0960375],[113.9412595,32.0945526],[113.9401558,32.0942299],[113.940876,32.0938368],[113.9398339,32.0927336],[113.941635,32.0919644],[113.9400163,32.0913975],[113.9415801,32.0882093],[113.9398675,32.0892716],[113.9382581,32.0866197],[113.9352527,32.0858664],[113.9347284,32.086247],[113.9379846,32.0888967],[113.9374723,32.0897511],[113.9382675,32.090326],[113.9365536,32.091502],[113.9377686,32.091786],[113.9376037,32.0930177],[113.9336555,32.0941606],[113.9372054,32.0953627],[113.9343877,32.0961864],[113.9339492,32.0976338],[113.9326537,32.0974622],[113.9330171,32.0982848],[113.9315861,32.099998],[113.9342871,32.1002218],[113.9386028,32.0965908],[113.9392747,32.0972736],[113.9379054,32.1003047],[113.9393418,32.0988733],[113.9391768,32.100407],[113.9398541,32.1004047],[113.940538,32.0983677],[113.9404535,32.1021917],[113.9424518,32.1013386],[113.9425255,32.0999662],[113.9442918,32.1023712],[113.943188,32.1015555],[113.9421628,32.1028046],[113.9433463,32.1030324],[113.9434174,32.1033948],[113.941682,32.1032534],[113.9415599,32.1041491],[113.9426784,32.104081],[113.9407311,32.1058963],[113.942268,32.1054317],[113.9415613,32.1074106],[113.943471,32.1059952],[113.9426664,32.1071187],[113.9433718,32.1074458],[113.9406098,32.1085443],[113.9392854,32.1056021],[113.9396609,32.1036061],[113.9378169,32.101927],[113.9367011,32.1021452],[113.9377432,32.1049216],[113.9366609,32.1062053],[113.9372148,32.1077571],[113.935702,32.1083989],[113.9356765,32.1094111],[113.9383024,32.1086931],[113.9378491,32.1102789],[113.9361848,32.1109844],[113.9361352,32.110129],[113.934841,32.1108196],[113.9318718,32.1093974],[113.9321092,32.1083069],[113.9306661,32.1080797],[113.930182,32.1058759],[113.9288932,32.1051204],[113.9294296,32.1039094],[113.9242543,32.1052852],[113.9236817,32.1064984],[113.9229481,32.1061065],[113.9223781,32.1053658],[113.9249074,32.1039503],[113.9242154,32.1033141],[113.9236106,32.1043195],[113.9225471,32.1044184],[113.9233263,32.103146],[113.9223406,32.1029586],[113.9232056,32.1026189],[113.9225605,32.1013863],[113.9245816,32.101785],[113.9244046,32.1008897],[113.9255914,32.1007762],[113.9247841,32.0993379],[113.9226665,32.1004729],[113.9234819,32.0998537],[113.9228153,32.0985972],[113.9239526,32.0981473],[113.9229816,32.0977633],[113.923097,32.0967385],[113.9243308,32.0974452],[113.9235529,32.0962023],[113.9245641,32.0963386],[113.9238694,32.0954297],[113.9255109,32.0936028],[113.9224921,32.0947594],[113.9226007,32.0958001],[113.921611,32.0943436],[113.9219785,32.0918031],[113.9206079,32.0929143],[113.9193767,32.0908169],[113.9188725,32.091519],[113.9198488,32.0931404],[113.9181939,32.0941163],[113.9205448,32.0937119],[113.9209458,32.0952002],[113.9194921,32.0961796],[113.921257,32.0958489],[113.9203008,32.0973975],[113.9212221,32.097811],[113.919484,32.09812],[113.9209901,32.0984745],[113.9199199,32.0992175],[113.9173034,32.0992266],[113.9183709,32.0995561],[113.9178693,32.1002627],[113.91902,32.0999014],[113.9181764,32.1009432],[113.9193982,32.1002423],[113.9197522,32.1010477],[113.9198139,32.099965],[113.9204711,32.1006649],[113.9210209,32.0997492],[113.9201412,32.1018884],[113.9209163,32.1018362],[113.9201103,32.1038663],[113.9209311,32.1048921],[113.9191072,32.1039446],[113.9197361,32.1030574],[113.9188658,32.1031971],[113.9187209,32.1014169],[113.9182073,32.1022383],[113.9162613,32.1022133],[113.9180477,32.1029415],[113.9176427,32.1040537],[113.9155184,32.10358],[113.9148639,32.1049057],[113.9162801,32.1047717],[113.9166342,32.1056248],[113.9177889,32.1047137],[113.91775,32.1058997],[113.9186713,32.1048978],[113.9189006,32.1062689],[113.9175729,32.1059986],[113.9149497,32.1074663],[113.9142698,32.1066427],[113.9131232,32.1081899],[113.913032,32.1066824],[113.9148451,32.1060133],[113.9136797,32.1052136],[113.9146212,32.1009387],[113.9135429,32.0980382],[113.9119819,32.0983359],[113.9118223,32.1026768],[113.9084078,32.0989596],[113.9047815,32.0979439],[113.9037247,32.0993141],[113.9073095,32.1007932],[113.9074436,32.1016385],[113.9061025,32.1021667],[113.9072236,32.1027529],[113.9067985,32.1035357],[113.9082603,32.1029745],[113.9108272,32.1056078],[113.909765,32.1061303],[113.9101593,32.107188],[113.9090113,32.1074106],[113.909305,32.1080888],[113.9077547,32.1083932],[113.9068294,32.1093066],[113.9106663,32.1079956],[113.911137,32.1087113],[113.9083435,32.1102426],[113.9110498,32.1097791],[113.9104986,32.1107787],[113.907111,32.1121157],[113.910335,32.112469],[113.9118183,32.1104561],[113.9133498,32.1107708],[113.9119068,32.1126735],[113.9107226,32.1123054],[113.9100681,32.1137378],[113.9100373,32.1125485],[113.9082228,32.1144273],[113.9072049,32.1136436],[113.9074489,32.115344],[113.9064015,32.1149158],[113.9068575,32.1160142],[113.9056975,32.1152668],[113.905208,32.1158143],[113.9058074,32.1141842],[113.9046366,32.113823],[113.9038481,32.1150827],[113.9047533,32.1164401],[113.9035396,32.1160335],[113.9024185,32.116941],[113.9023688,32.1186869],[113.9045857,32.118872],[113.9024641,32.1206348],[113.90176,32.1205303],[113.9024332,32.1196296],[113.9012732,32.119541],[113.9002298,32.1208983],[113.8987076,32.1200408],[113.898835,32.12077],[113.8963956,32.1216093],[113.8942753,32.1209846],[113.8942377,32.1195183],[113.8932641,32.1208926],[113.8904223,32.1195478],[113.8902117,32.1206291],[113.8884951,32.1195569],[113.8883892,32.1204394],[113.8874423,32.1204508],[113.8875389,32.1158449],[113.8863869,32.1130552],[113.8832045,32.1116636],[113.8802057,32.1116114],[113.8797176,32.1124452],[113.8838643,32.114124],[113.8848299,32.1159869],[113.8836309,32.1179985],[113.8841499,32.1194127],[113.8820685,32.1192707],[113.8838428,32.120578],[113.8822348,32.1233505],[113.8821168,32.122401],[113.8811338,32.1222414],[113.8810681,32.1230473],[113.877887,32.1213174],[113.8768181,32.1216377],[113.8742566,32.118914],[113.8737845,32.1197523],[113.8711064,32.1200703],[113.87162,32.1191219],[113.8700791,32.1177248],[113.8691926,32.11501],[113.8703781,32.1138651],[113.8693522,32.1133743],[113.8697103,32.1107481],[113.8729987,32.1051613],[113.8717997,32.1052817],[113.8722503,32.1045524],[113.8699356,32.107656],[113.8688278,32.1073379],[113.8687232,32.1082285],[113.8641983,32.1107663],[113.8649896,32.1117772],[113.864496,32.1134539],[113.8677335,32.1169887],[113.8649386,32.1164912],[113.8606846,32.1184336],[113.8617602,32.1191605],[113.8663977,32.1176839],[113.8669395,32.1183063],[113.8653892,32.1205099],[113.8661765,32.1223987],[113.8683222,32.1232812],[113.8726728,32.1218763],[113.8722369,32.1231245],[113.8734828,32.1226827],[113.8719727,32.125906],[113.8701823,32.126073],[113.8700362,32.126885],[113.8658331,32.1266011],[113.8691027,32.1282797],[113.8721739,32.1272076],[113.8712539,32.1283547],[113.8718735,32.1294018],[113.8712405,32.1321025],[113.870012,32.132366],[113.8705619,32.1334517],[113.8695829,32.1338605],[113.8690008,32.1360546],[113.8675015,32.1363816],[113.8687058,32.1368904],[113.8677938,32.1407446],[113.8687541,32.1418506],[113.8654348,32.1409683],[113.8605747,32.1430714],[113.8591102,32.1427148]],[[113.9128482,32.1131335],[113.913205,32.1123145],[113.9134115,32.1132301],[113.9128482,32.1131335]],[[113.914082,32.1136697],[113.9142054,32.1108889],[113.9153641,32.1113524],[113.915391,32.1098598],[113.9161688,32.1105731],[113.9166731,32.1095167],[113.9168233,32.1112956],[113.9175957,32.1096916],[113.9185935,32.1116477],[113.9191809,32.1087329],[113.9195457,32.1097484],[113.9204362,32.1091328],[113.9199561,32.1103232],[113.921324,32.1111366],[113.9204603,32.1130926],[113.9224908,32.1124474],[113.9224344,32.1111911],[113.9233732,32.1133766],[113.9227965,32.1146238],[113.920404,32.1155485],[113.9175689,32.1146875],[113.9177003,32.1134357],[113.914082,32.1136697]],[[113.9275199,32.1164674],[113.9282052,32.1151441],[113.9286451,32.1149214],[113.9285848,32.1170206],[113.9275199,32.1164674]],[[113.9279491,32.1128473],[113.927646,32.1113751],[113.9284547,32.1114694],[113.9279491,32.1128473]],[[113.9288101,32.114182],[113.9283259,32.1130256],[113.9290045,32.1126008],[113.9288101,32.114182]],[[113.9376097,32.0947168],[113.9374977,32.094431],[113.9377251,32.0944117],[113.9376097,32.0947168]],[[113.9376613,32.0600879],[113.937825,32.0592991],[113.9379001,32.0600731],[113.9376613,32.0600879]],[[113.9380603,32.0684374],[113.9379631,32.0681811],[113.9381415,32.0682396],[113.9380603,32.0684374]],[[113.938289,32.0675935],[113.9390507,32.067539],[113.9393029,32.0685164],[113.938867,32.0685505],[113.938289,32.0675935]],[[113.94123,32.0752429],[113.9417973,32.0747054],[113.9422064,32.0757202],[113.9428715,32.0752702],[113.9421017,32.0763793],[113.94123,32.0752429]],[[113.943404,32.0699165],[113.9434415,32.0695801],[113.943644,32.0698006],[113.943404,32.0699165]],[[113.9436816,31.9892439],[113.94445,31.9895078],[113.9444929,31.989948],[113.9441174,31.9900379],[113.9436816,31.9892439]],[[113.9478175,31.9929474],[113.9478457,31.9925652],[113.947902,31.992969],[113.9478175,31.9929474]],[[113.9491144,32.0769247],[113.9499311,32.0757952],[113.9518529,32.0769384],[113.9491144,32.0769247]],[[113.9496508,32.0836461],[113.9498118,32.0825746],[113.9499083,32.0824234],[113.9501551,32.0828427],[113.9496508,32.0836461]],[[113.9497648,32.0777043],[113.9508699,32.0778645],[113.9509933,32.0770918],[113.9511971,32.0782895],[113.9497648,32.0777043]],[[113.9502878,32.0821439],[113.9505762,32.0815428],[113.9503629,32.0821848],[113.9502878,32.0821439]],[[113.9510389,32.1191253],[113.9527756,32.1186959],[113.9529875,32.119374],[113.952219,32.1197863],[113.9510389,32.1191253]],[[113.9513916,32.0962943],[113.9525624,32.0958285],[113.9525436,32.094139],[113.9527702,32.0968658],[113.9513916,32.0962943]],[[113.9517094,32.0858164],[113.9524323,32.085722],[113.9520206,32.0848255],[113.9524041,32.0835518],[113.9528735,32.0860641],[113.9517094,32.0858164]],[[113.9532557,32.0745099],[113.9536379,32.0738474],[113.9536688,32.0750179],[113.9548691,32.0752758],[113.9553304,32.0737531],[113.9560989,32.0747849],[113.9569853,32.0728678],[113.9577833,32.073153],[113.9557073,32.0763656],[113.9557622,32.0750054],[113.9547819,32.0755611],[113.9541315,32.075294],[113.9538646,32.0765668],[113.9532557,32.0745099]],[[113.9539853,32.1186391],[113.9536044,32.1183347],[113.954224,32.1182825],[113.9539853,32.1186391]],[[113.9534193,32.0959194],[113.9545217,32.0961296],[113.9543232,32.0977133],[113.9536285,32.0971543],[113.9534193,32.0959194]],[[113.9547819,32.0957819],[113.9543957,32.0947401],[113.9549576,32.0957546],[113.9547819,32.0957819]],[[113.9545385,32.0599805],[113.9546042,32.0596367],[113.9547665,32.059756],[113.9545385,32.0599805]],[[113.9557508,32.1306471],[113.9557361,32.1304171],[113.9561196,32.1305977],[113.9557508,32.1306471]],[[113.9568754,32.1155485],[113.957849,32.1141979],[113.95882,32.1149532],[113.9579684,32.1158472],[113.9568754,32.1155485]],[[113.9574829,32.0987937],[113.9579456,32.0982109],[113.9577591,32.0992845],[113.9574829,32.0987937]],[[113.9573488,32.0623394],[113.9571744,32.0620223],[113.9574279,32.0620223],[113.9573488,32.0623394]],[[113.9573488,32.1092622],[113.957735,32.1100915],[113.9575151,32.1104198],[113.9573568,32.1101653],[113.9573488,32.1092622]],[[113.9582755,32.0730019],[113.9580019,32.0726235],[113.9583787,32.0724166],[113.9582755,32.0730019]],[[113.9580797,32.1109117],[113.9588776,32.1106243],[113.9587797,32.109302],[113.959866,32.1091055],[113.9590935,32.1078411],[113.9582111,32.1081751],[113.9584203,32.1072595],[113.9610569,32.1075765],[113.960204,32.111157],[113.9590868,32.1115523],[113.9598928,32.1120703],[113.9594851,32.1129052],[113.9586376,32.1129484],[113.9580797,32.1109117]],[[113.9593068,32.0719984],[113.9592934,32.0713802],[113.9596313,32.070587],[113.9593068,32.0719984]],[[113.959233,32.0484202],[113.9596702,32.0476336],[113.9598741,32.0485237],[113.959233,32.0484202]],[[113.9595415,32.1051818],[113.9605875,32.1059122],[113.9600162,32.1067188],[113.959811,32.1066427],[113.9595415,32.1051818]],[[113.9612648,32.0361656],[113.9612567,32.035272],[113.9615491,32.0360587],[113.9612648,32.0361656]],[[113.9626354,32.0458523],[113.963192,32.0438471],[113.9639001,32.0437641],[113.9626354,32.0458523]],[[113.9637794,32.0282549],[113.9639604,32.0276238],[113.9639537,32.0282026],[113.9637794,32.0282549]],[[113.9648429,32.1055612],[113.9650963,32.1048807],[113.965213,32.1051432],[113.9648429,32.1055612]],[[113.9665313,32.1060724],[113.9667352,32.1052431],[113.9669444,32.106069],[113.9665313,32.1060724]],[[113.9671442,32.0321125],[113.9673789,32.0310734],[113.9677396,32.0322285],[113.9671442,32.0321125]],[[113.9683418,32.0332358],[113.9690392,32.0333347],[113.9693463,32.0337895],[113.9689252,32.0337542],[113.9683418,32.0332358]],[[113.9704688,32.1003206],[113.9705707,32.0995935],[113.9717549,32.0996538],[113.9704688,32.1003206]],[[113.9726467,32.0371478],[113.972408,32.036817],[113.9727835,32.0368602],[113.9726467,32.0371478]],[[113.9744747,32.1171773],[113.974869,32.1151168],[113.9746463,32.117175],[113.9744747,32.1171773]],[[113.9746892,32.0955229],[113.974885,32.0951548],[113.9750138,32.0954547],[113.9746892,32.0955229]],[[113.9748126,32.0971384],[113.9747912,32.0967033],[113.9750151,32.0969817],[113.9748126,32.0971384]],[[113.9758922,32.09711],[113.9757299,32.0959705],[113.9760236,32.0959296],[113.9758922,32.09711]],[[113.9762557,32.117434],[113.9761296,32.1166548],[113.9766231,32.117225],[113.9762557,32.117434]],[[113.9761685,32.116339],[113.9761591,32.1159085],[113.976489,32.1159983],[113.9761685,32.116339]],[[113.9772293,32.1171478],[113.9770952,32.1166571],[113.9780098,32.1165208],[113.9772293,32.1171478]],[[113.9769785,32.0940311],[113.9777067,32.0935426],[113.9782391,32.0940675],[113.9778623,32.0943401],[113.9769785,32.0940311]],[[113.979886,32.1080808],[113.9792879,32.1072766],[113.9803165,32.107422],[113.979886,32.1080808]],[[113.9792986,32.0337269],[113.9801556,32.0329152],[113.980794,32.0336997],[113.980452,32.0343056],[113.9792986,32.0337269]],[[113.9793697,32.12164],[113.9800818,32.1207859],[113.98068,32.1206484],[113.9799893,32.1218615],[113.9793697,32.12164]],[[113.9800282,32.0945015],[113.9797586,32.0940811],[113.9800885,32.0941106],[113.9800282,32.0945015]],[[113.9803246,32.0939368],[113.9811708,32.0936028],[113.9813063,32.0940493],[113.9810139,32.0942572],[113.9803246,32.0939368]],[[113.9828593,32.1106118],[113.983342,32.1102278],[113.9828727,32.1115319],[113.9828593,32.1106118]],[[113.9838088,32.0923325],[113.9834654,32.0911532],[113.9847502,32.0920917],[113.9838088,32.0923325]],[[113.9896198,32.1128711],[113.9910252,32.1126519],[113.9911245,32.1130779],[113.989998,32.1134573],[113.9896198,32.1128711]],[[113.9952779,32.1125951],[113.995298,32.1114671],[113.9961979,32.1118295],[113.9952779,32.1125951]],[[113.9983316,32.1085716],[113.9979748,32.1079888],[113.9986615,32.1081899],[113.9983316,32.1085716]],[[114.0025306,32.1163777],[114.002654,32.1152327],[114.0031797,32.116205],[114.0025306,32.1163777]],[[114.0037107,32.116105],[114.0038529,32.1155348],[114.0040246,32.1160096],[114.0037107,32.116105]],[[114.0057251,32.1145557],[114.0055266,32.1141081],[114.0060094,32.1139105],[114.0057251,32.1145557]],[[114.0066102,32.1138492],[114.0064855,32.1134698],[114.0074725,32.1133925],[114.0066102,32.1138492]]],[[[113.8820913,32.1332507],[113.8817131,32.1391605],[113.8825366,32.138118],[113.8833761,32.1340706],[113.8857472,32.1313745],[113.8823944,32.1313813],[113.8827109,32.1321967],[113.8814959,32.1330167],[113.8820913,32.1332507]]],[[[113.8870843,32.1408343],[113.8880928,32.1414521],[113.8892971,32.1451948],[113.8905872,32.1457966],[113.8901393,32.1412976],[113.8917406,32.1371027],[113.8906342,32.133496],[113.8887084,32.1328623],[113.8875644,32.1335414],[113.8885246,32.1340979],[113.8874383,32.1354425],[113.8882886,32.1362601],[113.8881679,32.1394375],[113.8870843,32.1408343]]],[[[113.8932587,32.1134789],[113.8945757,32.1151554],[113.8942109,32.1163481],[113.8973866,32.1171773],[113.8971586,32.118404],[113.8997792,32.1175976],[113.9019893,32.1190901],[113.9016715,32.1166219],[113.9031105,32.1153474],[113.9014368,32.1153417],[113.9012651,32.1116],[113.9000474,32.1109844],[113.8985588,32.1069789],[113.8961904,32.1067336],[113.8981108,32.1081922],[113.8997295,32.1160914],[113.8955305,32.1158915],[113.8948466,32.1138355],[113.8932587,32.1134789]]],[[[113.9105657,32.0953615],[113.9119041,32.098245],[113.9130065,32.0979087],[113.9117378,32.0960114],[113.911778,32.0940981],[113.9105657,32.0953615]]],[[[113.9203182,32.1285659],[113.9226209,32.1288567],[113.9222333,32.1329656],[113.9262861,32.1333233],[113.9247867,32.1261854],[113.9235087,32.1276278],[113.9215949,32.1266988],[113.9203182,32.1285659]]],[[[113.931672,32.1319446],[113.9334959,32.1317709],[113.9337949,32.1362942],[113.9347565,32.1371902],[113.9347538,32.129387],[113.9362425,32.1266704],[113.9372228,32.1276051],[113.9372161,32.1297823],[113.9379162,32.1279242],[113.9396757,32.1285148],[113.9375165,32.1265375],[113.938922,32.1252541],[113.9346398,32.1254085],[113.9340323,32.1270009],[113.9330037,32.1272257],[113.93282,32.1303388],[113.931672,32.1319446]]],[[[113.9332961,31.9988447],[113.9346921,31.998301],[113.9354914,31.9971398],[113.9349791,31.9968998],[113.9332961,31.9988447]]],[[[113.9417517,32.1434506],[113.9469016,32.139785],[113.9475319,32.1414532],[113.948932,32.138637],[113.9498694,32.1396862],[113.9503254,32.1372345],[113.9482306,32.1363589],[113.946856,32.1387562],[113.9457348,32.1377001],[113.9458595,32.1390038],[113.9427616,32.1408911],[113.9417517,32.1434506]]],[[[113.9545888,31.9708506],[113.9564006,31.972507],[113.956705,31.9754274],[113.9583787,31.9756481],[113.9586778,31.9729769],[113.957613,31.9733614],[113.9572535,31.9717038],[113.9545888,31.9708506]]],[[[113.959516,31.9851092],[113.9616108,31.9873944],[113.9640302,31.9866712],[113.9653619,31.9848976],[113.9688246,31.9854106],[113.971657,31.9834097],[113.9730115,31.9810539],[113.9744472,31.9806051],[113.9754027,31.9813542],[113.9750487,31.9799681],[113.9712667,31.9794931],[113.9692859,31.9825065],[113.9669122,31.9833267],[113.9642293,31.9829598],[113.963255,31.9846781],[113.959516,31.9851092]]],[[[113.9646015,31.9920682],[113.9654765,31.9936219],[113.9661484,31.9939295],[113.9652519,31.9918612],[113.9646015,31.9920682]]],[[[113.9646699,31.9762214],[113.9661518,31.9773169],[113.9669819,31.9774239],[113.9661008,31.9764296],[113.9667298,31.9758892],[113.9651419,31.9754433],[113.9646699,31.9762214]]],[[[113.9648643,31.9883641],[113.9662161,31.9896909],[113.9659037,31.9885148],[113.9674902,31.9891063],[113.9665407,31.9876628],[113.9648643,31.9883641]]],[[[113.9786991,31.8425579],[113.9806169,31.8428895],[113.9811265,31.8439319],[113.982937,31.8436858],[113.9830826,31.8456316],[113.984302,31.8451038],[113.9838195,31.8428576],[113.9815342,31.8433156],[113.979941,31.8423905],[113.9801019,31.8407488],[113.9786991,31.8425579]]],[[[113.9817488,32.074702],[113.9809898,32.0791724],[113.9828767,32.0811905],[113.9822383,32.077844],[113.9842419,32.0776236],[113.9831033,32.0774247],[113.9831945,32.075994],[113.9817488,32.074702]]]]}},{"type":"Feature","properties":{"id":"HN_RSV_022","code":"HN_RSV_022","name_cn":"出山店水库","city":"信阳市","city_official":"信阳市","city_spatial_primary":"信阳市","city_spatial_intersections":[{"name":"信阳市","geometry_ratio_pct":100.0}],"lon":113.941259,"lat":32.271512,"area_km2":43.64,"area_definition":"SHP水面几何的WGS84椭球面积；随边界数据时相和水位变化","center_method":"polygon_representative_point","osm_id":"1056526139","feature_class":"reservoir","data_source":"河南省25个省控水库/25个省控水库.shp","geometry_status":"verified-valid","online_name":"出山店水库","online_display_name":"出山店水库, 吴家店镇, 浉河区, 信阳市, 河南省, 中国","online_center_offset_m":0.0,"online_validation_status":"matched-by-osm-id"},"geometry":{"type":"Polygon","coordinates":[[[113.8518786,32.2678234],[113.8527528,32.2697664],[113.8567722,32.2677573],[113.8618666,32.2698732],[113.8644802,32.2622793],[113.8699721,32.2589163],[113.871591,32.2589648],[113.8772862,32.2624753],[113.8760681,32.2635993],[113.8770815,32.2646317],[113.8837585,32.2635099],[113.886391,32.2608281],[113.8867756,32.2574704],[113.8891385,32.2568479],[113.8865393,32.2566422],[113.8852859,32.2538797],[113.886608,32.2533552],[113.8879028,32.2560025],[113.8891723,32.2564469],[113.8922494,32.2572308],[113.8928837,32.2565032],[113.8891494,32.2530162],[113.889478,32.2501352],[113.8907166,32.2515853],[113.8937762,32.2513809],[113.8983711,32.2535394],[113.8995061,32.2576829],[113.902215,32.256902],[113.9025964,32.2559201],[113.9091115,32.255452],[113.9099877,32.2545176],[113.9101688,32.2510957],[113.9118343,32.2511068],[113.9108003,32.2529111],[113.9140486,32.2536881],[113.9153295,32.2524035],[113.9155247,32.2545324],[113.9147382,32.2554036],[113.9156333,32.257687],[113.9190855,32.2584358],[113.9223165,32.2574034],[113.9250794,32.2595431],[113.9336193,32.260299],[113.9338954,32.2623124],[113.9329602,32.2631108],[113.9281896,32.263042],[113.9193599,32.2661532],[113.9163187,32.2700989],[113.9094696,32.2745382],[113.9001866,32.2784016],[113.8945851,32.2829949],[113.8934252,32.2845658],[113.8935118,32.2866413],[113.897492,32.2930633],[113.8974693,32.2993075],[113.8952389,32.3054107],[113.8978018,32.3107176],[113.8973926,32.3139468],[113.8858226,32.3178781],[113.8868874,32.3211836],[113.8957506,32.3191959],[113.9019815,32.3207245],[113.906535,32.3177225],[113.9104322,32.3137617],[113.911863,32.309786],[113.9081044,32.3018607],[113.9150377,32.2973634],[113.9168471,32.3045671],[113.9204547,32.3100975],[113.9209761,32.3126936],[113.919088,32.3150433],[113.9139221,32.3184719],[113.9142472,32.3202324],[113.9208895,32.3230653],[113.9248714,32.3233135],[113.9250167,32.3161413],[113.9305603,32.3154493],[113.9386038,32.3101978],[113.9404627,32.3026634],[113.941852,32.3014642],[113.9464219,32.3014736],[113.9503618,32.2966568],[113.9517818,32.2904597],[113.9510398,32.2871922],[113.9569001,32.2856299],[113.9640957,32.2802264],[113.9646183,32.2783417],[113.965731,32.2788782],[113.9655937,32.276535],[113.969212,32.2735045],[113.9580347,32.2498066],[113.9594167,32.2451494],[113.9529087,32.2434502],[113.9429456,32.2463943],[113.9414984,32.2450458],[113.9429765,32.2445797],[113.9400529,32.2433595],[113.9402076,32.2423424],[113.9392646,32.2418204],[113.9375271,32.2423422],[113.9367829,32.2408047],[113.9345087,32.2404424],[113.9339155,32.2382319],[113.9320133,32.2382763],[113.9318061,32.2409379],[113.9304321,32.2417791],[113.9268357,32.2410336],[113.92383,32.2443118],[113.9159462,32.2454553],[113.9146658,32.2425353],[113.9128278,32.2420388],[113.9123841,32.2408334],[113.9137545,32.2384581],[113.911582,32.2380091],[113.9084867,32.2289555],[113.9059467,32.2316962],[113.9033565,32.2292723],[113.9003457,32.2296514],[113.8976312,32.2246571],[113.8923837,32.2197253],[113.8915111,32.220903],[113.8932475,32.2239207],[113.895571,32.2251068],[113.8970791,32.2275712],[113.8971627,32.2314471],[113.9013374,32.2315014],[113.9008427,32.2327442],[113.8991948,32.2333142],[113.9016629,32.2389006],[113.8955331,32.2420911],[113.8951946,32.2452504],[113.8879813,32.2464391],[113.8818126,32.2501711],[113.882095,32.2546869],[113.8838406,32.2567536],[113.8838281,32.2583661],[113.881699,32.2609007],[113.8739171,32.2587745],[113.8709219,32.25584],[113.8693522,32.255758],[113.8642898,32.2581935],[113.8613046,32.2641871],[113.8518786,32.2678234]]]}},{"type":"Feature","properties":{"id":"HN_RSV_023","code":"HN_RSV_023","name_cn":"薄山水库","city":"驻马店市","city_official":"驻马店市","city_spatial_primary":"驻马店市","city_spatial_intersections":[{"name":"驻马店市","geometry_ratio_pct":100.0}],"lon":113.923953,"lat":32.64969,"area_km2":15.18,"area_definition":"SHP水面几何的WGS84椭球面积；随边界数据时相和水位变化","center_method":"polygon_representative_point","osm_id":"15052889","feature_class":"reservoir","data_source":"河南省25个省控水库/25个省控水库.shp","geometry_status":"verified-valid","online_name":"薄山水库","online_display_name":"薄山水库, 确山县, 驻马店市, 河南省, 中国","online_center_offset_m":4849.9,"online_validation_status":"matched-by-osm-id"},"geometry":{"type":"Polygon","coordinates":[[[113.8570241,32.660915],[113.861411,32.6602133],[113.8607091,32.6635187],[113.8638587,32.6654111],[113.8633307,32.6740177],[113.8607968,32.6773853],[113.8572434,32.6784192],[113.8594149,32.6804317],[113.8619155,32.6790839],[113.8642676,32.6754384],[113.8670343,32.6811341],[113.8663496,32.6863786],[113.8643715,32.68846],[113.8639984,32.6904137],[113.866549,32.6916459],[113.871901,32.6894645],[113.875765,32.6911612],[113.876029,32.6929386],[113.876629,32.6908582],[113.873197,32.6889797],[113.871613,32.6888181],[113.867677,32.6905956],[113.864941,32.6897473],[113.867389,32.6867376],[113.868373,32.6825764],[113.868517,32.6798898],[113.866717,32.674698],[113.869493,32.6711348],[113.875669,32.6669198],[113.8786211,32.6665359],[113.8803971,32.6672633],[113.8790771,32.6687988],[113.8811651,32.6676269],[113.8812611,32.669122],[113.8839731,32.6707787],[113.8874291,32.6704554],[113.8883171,32.6739909],[113.8890851,32.6739101],[113.8879571,32.6706777],[113.8908371,32.6665359],[113.8875731,32.6625557],[113.8892771,32.6624748],[113.8917732,32.666051],[113.8943892,32.6668592],[113.8990692,32.6649802],[113.9008932,32.6632022],[113.9004852,32.662293],[113.9019425,32.6611404],[113.9019972,32.6589591],[113.9032692,32.6580499],[113.9023092,32.6550593],[113.9036772,32.6544531],[113.9029572,32.6532407],[113.9096017,32.6486448],[113.9095057,32.6473515],[113.9116177,32.6452498],[113.9143058,32.6484832],[113.9140178,32.6454923],[113.9151698,32.6423397],[113.9188178,32.6426631],[113.9192978,32.6442798],[113.9173778,32.6452498],[113.9166098,32.648564],[113.9168978,32.6496148],[113.9186258,32.6491298],[113.9203538,32.6511506],[113.9254418,32.6510698],[113.9293779,32.6494532],[113.9308179,32.647109],[113.9350419,32.6453307],[113.9375379,32.645654],[113.9376318,32.6476502],[113.9417619,32.647109],[113.942722,32.6462198],[113.9419539,32.6454923],[113.947906,32.6413697],[113.943298,32.6366809],[113.948674,32.6315068],[113.946946,32.6312643],[113.94781,32.6301324],[113.9528775,32.6307826],[113.947138,32.6280303],[113.948482,32.6272218],[113.94925,32.6246345],[113.95021,32.626009],[113.95117,32.6237451],[113.952418,32.6268175],[113.953282,32.6245536],[113.954434,32.6267367],[113.955874,32.6261707],[113.955202,32.6240685],[113.953666,32.6230174],[113.953282,32.6201066],[113.954146,32.6176808],[113.955682,32.618732],[113.95693,32.6179234],[113.955682,32.6166296],[113.956258,32.6142038],[113.9586581,32.6129908],[113.956162,32.6125865],[113.95549,32.6107266],[113.953186,32.6102414],[113.953378,32.6129908],[113.95213,32.615821],[113.950594,32.6175191],[113.948962,32.6178425],[113.950018,32.6155784],[113.94877,32.6139612],[113.948578,32.6107266],[113.94685,32.6063597],[113.94493,32.6078962],[113.9372992,32.6090678],[113.9384365,32.6099174],[113.9435863,32.6089052],[113.946754,32.6141229],[113.945506,32.6150124],[113.946178,32.6182468],[113.943778,32.618732],[113.945122,32.6201066],[113.94445,32.6213194],[113.9388819,32.6176808],[113.9371539,32.6178425],[113.9384019,32.619864],[113.9380179,32.6214003],[113.9397459,32.6208343],[113.9412819,32.62326],[113.9408019,32.6256856],[113.9348499,32.6248771],[113.9383059,32.6268175],[113.9383059,32.6283537],[113.9357139,32.6283537],[113.9372499,32.6297281],[113.9357139,32.6322344],[113.9311059,32.6300515],[113.9289939,32.6307792],[113.9288019,32.6279494],[113.9263058,32.6235834],[113.9121937,32.6243111],[113.9093399,32.6233461],[113.9077735,32.6196412],[113.9034605,32.620563],[113.9031601,32.621557],[113.9079697,32.6228557],[113.9095057,32.6251196],[113.9115217,32.6260898],[113.9114257,32.6277877],[113.9164178,32.626009],[113.9218898,32.6262516],[113.9228498,32.6278686],[113.9212178,32.628192],[113.9237138,32.6293239],[113.9214098,32.6301324],[113.9218898,32.6319919],[113.9252498,32.6323153],[113.9238098,32.6336897],[113.9249618,32.6349832],[113.9232147,32.6343641],[113.9168018,32.6354682],[113.9150738,32.629809],[113.9117137,32.6348215],[113.9091217,32.6343364],[113.9095057,32.6362767],[113.9076817,32.6378935],[113.9058577,32.6372468],[113.9059537,32.6356299],[113.9035297,32.633912],[113.9001732,32.6336176],[113.9004852,32.6357398],[113.9027412,32.635477],[113.9028612,32.6370333],[113.9017332,32.6378215],[113.9033652,32.6383065],[113.9027652,32.6395798],[113.9038177,32.6402581],[113.9027892,32.6427123],[113.8997412,32.645097],[113.9020212,32.6445513],[113.9031012,32.6457032],[113.8996212,32.6484313],[113.8976772,32.652291],[113.8945092,32.654534],[113.8993092,32.6547158],[113.8987092,32.6558878],[113.8995012,32.6572618],[113.8972692,32.6599492],[113.8991412,32.6589995],[113.8989012,32.6604543],[113.8954692,32.6641316],[113.8937172,32.6644145],[113.8931892,32.6628991],[113.8899011,32.6608786],[113.8864691,32.6612423],[113.8850531,32.6635659],[113.8863491,32.6646367],[113.8866131,32.6679704],[113.8854131,32.6679502],[113.8827011,32.66496],[113.8774691,32.6651014],[113.876101,32.6641922],[113.87979,32.6618793],[113.8798997,32.6583337],[113.8825538,32.6577243],[113.8801849,32.6572627],[113.8812377,32.654548],[113.8792636,32.6540309],[113.88047,32.6504296],[113.8763244,32.6524796],[113.8755567,32.6542894],[113.8759515,32.6569672],[113.8741748,32.6572257],[113.8732536,32.657041],[113.8732755,32.6548804],[113.8693273,32.656247],[113.8635366,32.6566532],[113.8645894,32.6527566],[113.863383,32.6521472],[113.8594348,32.655656],[113.8570241,32.660915]],[[113.9226544,32.637586],[113.9228475,32.6346587],[113.9243173,32.6355803],[113.9242315,32.6369536],[113.9226544,32.637586]],[[113.9239848,32.6431151],[113.9262485,32.6397905],[113.9284909,32.6412721],[113.9253902,32.6437294],[113.9239848,32.6431151]],[[113.9256585,32.6384533],[113.9254063,32.6380739],[113.9257872,32.6379881],[113.9256585,32.6384533]]]}},{"type":"Feature","properties":{"id":"HN_RSV_024","code":"HN_RSV_024","name_cn":"丹江口水库","city":"南阳市（跨湖北省十堰市）","city_official":"南阳市","city_spatial_primary":"南阳市","city_spatial_intersections":[{"name":"南阳市","geometry_ratio_pct":50.19}],"lon":111.598103,"lat":32.741545,"area_km2":781.72,"area_definition":"SHP水面几何的WGS84椭球面积；随边界数据时相和水位变化","center_method":"polygon_representative_point","osm_id":"936544","feature_class":"reservoir","data_source":"河南省25个省控水库/25个省控水库.shp","geometry_status":"verified-valid","online_name":"丹江口水库","online_display_name":"丹江口水库, 郧阳区, 十堰市, 河南省, 中国","online_center_offset_m":0.9,"online_validation_status":"matched-by-osm-id"},"geometry":{"type":"MultiPolygon","coordinates":[[[[110.6916332,32.8261495],[110.6926095,32.8262577],[110.6935108,32.8262216],[110.6924164,32.8259151],[110.6916332,32.8261495]]],[[[110.7380354,32.8021376],[110.7391941,32.8080893],[110.7418442,32.8129316],[110.7518327,32.8210555],[110.7519936,32.8226964],[110.7494616,32.824698],[110.748024,32.8243283],[110.7477236,32.8257167],[110.750438,32.8256176],[110.7523584,32.8231653],[110.7586,32.8266018],[110.7596755,32.8245717],[110.7590747,32.8226423],[110.7600724,32.8209879],[110.7540214,32.8160965],[110.7494831,32.807413],[110.7461303,32.8078278],[110.7484799,32.8064797],[110.7456207,32.7999552],[110.7461357,32.7962215],[110.7475519,32.7942013],[110.7522511,32.7931912],[110.7588172,32.7952655],[110.7597613,32.7962396],[110.7588815,32.7983138],[110.7593107,32.7997387],[110.7577872,32.799883],[110.7619715,32.801362],[110.7615423,32.8019753],[110.7719707,32.8004918],[110.7753825,32.8009111],[110.7739019,32.8046626],[110.7751733,32.8050143],[110.7769275,32.8016235],[110.7757258,32.801326],[110.7772922,32.800848],[110.7794165,32.7981154],[110.7810259,32.7986565],[110.7808757,32.7993419],[110.7815838,32.7987648],[110.7876992,32.8005368],[110.7875061,32.8016867],[110.7854247,32.8031656],[110.7875919,32.8031115],[110.7882786,32.8049151],[110.788005,32.8024758],[110.7896733,32.8006225],[110.7936645,32.8017814],[110.7926774,32.8039232],[110.7950377,32.802336],[110.7978809,32.8030394],[110.7994956,32.8047212],[110.7987177,32.8057267],[110.7960248,32.8056005],[110.796926,32.805871],[110.800826,32.8057313],[110.8016788,32.8049106],[110.8035135,32.80611],[110.803492,32.8072236],[110.8005309,32.8095141],[110.8011693,32.8114032],[110.799855,32.815551],[110.7946086,32.8145636],[110.7886433,32.811065],[110.7806396,32.8110831],[110.7731938,32.8151046],[110.7727861,32.8172326],[110.770812,32.8178998],[110.7687092,32.8204064],[110.7609361,32.8212538],[110.7591901,32.8226696],[110.7597953,32.8245898],[110.7587075,32.8266419],[110.7624543,32.8279256],[110.7617998,32.8308014],[110.7648575,32.8314776],[110.7669175,32.8287099],[110.7714987,32.8292959],[110.7720458,32.8284394],[110.771268,32.8273982],[110.7722712,32.826758],[110.7727003,32.8240353],[110.7760048,32.8230706],[110.7749614,32.8242832],[110.7756481,32.8252637],[110.7786226,32.8247498],[110.7800388,32.8263794],[110.7808381,32.825453],[110.7810473,32.8287369],[110.7804036,32.8290795],[110.7816374,32.8294582],[110.7827318,32.8280698],[110.7823348,32.8260638],[110.7851565,32.8271322],[110.7846844,32.8261495],[110.7853174,32.8260458],[110.7843035,32.8253606],[110.785253,32.8234448],[110.7876027,32.8238144],[110.7864493,32.824459],[110.785886,32.8264695],[110.7874364,32.827006],[110.7857037,32.8274973],[110.7858485,32.8291922],[110.7843625,32.8299134],[110.7805967,32.8300532],[110.7800871,32.8290074],[110.7806665,32.8283042],[110.7789606,32.8280067],[110.7793254,32.8266634],[110.7779413,32.8271547],[110.7756185,32.8254598],[110.7707906,32.8302155],[110.7743418,32.8325909],[110.7762194,32.8313739],[110.7764983,32.8330417],[110.7749695,32.8333482],[110.7747817,32.8345877],[110.7667243,32.8400055],[110.7513285,32.8489111],[110.7530518,32.8559543],[110.7538,32.8557748],[110.7546727,32.858093],[110.7520972,32.8617943],[110.7527312,32.8626881],[110.7517692,32.863137],[110.7533725,32.8637654],[110.7543344,32.863137],[110.7562637,32.8678371],[110.7558131,32.8708198],[110.7518113,32.8726671],[110.7533562,32.8732167],[110.7554698,32.8782356],[110.7516289,32.8802089],[110.7554269,32.8788934],[110.7574332,32.8796232],[110.7604051,32.882137],[110.759536,32.8847499],[110.7608771,32.8818217],[110.7567572,32.8768931],[110.7571971,32.8737394],[110.7619929,32.8744242],[110.7633769,32.8756586],[110.7637095,32.8757217],[110.762347,32.874244],[110.7583558,32.8729644],[110.7585919,32.8715948],[110.757122,32.8706216],[110.7573473,32.8672964],[110.7591442,32.8625983],[110.7604817,32.8626423],[110.7603199,32.8666383],[110.7612819,32.8634961],[110.762137,32.8654712],[110.762992,32.8642143],[110.763954,32.8645734],[110.7595897,32.8606817],[110.7590961,32.8583025],[110.7657705,32.8528691],[110.7753503,32.8473878],[110.7852239,32.8436592],[110.8004413,32.8335113],[110.806298,32.8284656],[110.8093982,32.8250473],[110.8100018,32.8179487],[110.8093399,32.81539],[110.8056083,32.8106598],[110.8063608,32.8093047],[110.8124774,32.8111429],[110.8143365,32.8127724],[110.8130348,32.8143153],[110.8152691,32.8150088],[110.8175576,32.8175999],[110.8168286,32.8184755],[110.817738,32.8193985],[110.8176783,32.8228092],[110.818347,32.8233725],[110.8196177,32.8221589],[110.8201341,32.8227489],[110.8209331,32.8252406],[110.8194779,32.8285628],[110.8243169,32.8312511],[110.8246372,32.8367249],[110.8205788,32.8423929],[110.8214946,32.8464332],[110.820158,32.8484017],[110.8218552,32.8469272],[110.8218382,32.8420587],[110.8292273,32.8353213],[110.8303172,32.8287529],[110.8321846,32.8272776],[110.8351641,32.8274005],[110.839869,32.8317655],[110.8457931,32.8346735],[110.8463188,32.8357103],[110.8437938,32.8390873],[110.8445877,32.8398914],[110.8492302,32.8367187],[110.8520052,32.8319818],[110.8537297,32.8307335],[110.8647463,32.8311854],[110.8655775,32.8347039],[110.8635667,32.8382828],[110.8645592,32.8402436],[110.8611328,32.8427971],[110.8602237,32.8452413],[110.8613508,32.8491327],[110.8620269,32.8490784],[110.861243,32.8463381],[110.8617549,32.8443761],[110.8652736,32.8417228],[110.8657403,32.8368463],[110.8673845,32.8349932],[110.8664157,32.8312973],[110.8732531,32.8318855],[110.8744704,32.8342738],[110.874446,32.8317868],[110.8833822,32.8318524],[110.884608,32.8311369],[110.8869498,32.8335257],[110.8866526,32.836467],[110.8882175,32.8396825],[110.8861336,32.8447229],[110.8867797,32.8448627],[110.8871303,32.8494623],[110.8853037,32.8523204],[110.8861486,32.8556095],[110.8860193,32.8528723],[110.8884977,32.8490107],[110.8879118,32.8468213],[110.8890532,32.8407305],[110.8910509,32.8397795],[110.8926791,32.8402755],[110.8903406,32.8366113],[110.8912145,32.836108],[110.8911753,32.8345321],[110.8901434,32.8332619],[110.8915867,32.8335828],[110.8902646,32.8313817],[110.8955735,32.8341077],[110.8960446,32.8359088],[110.8969821,32.8358901],[110.8984013,32.8378533],[110.8993622,32.8367968],[110.8986483,32.8346435],[110.8958205,32.8331201],[110.893959,32.830214],[110.8916706,32.8289594],[110.8918173,32.827362],[110.8907008,32.8265766],[110.8916503,32.8254122],[110.8904183,32.8250072],[110.8912815,32.8238866],[110.8900185,32.8238744],[110.8913322,32.8225861],[110.890616,32.8222867],[110.8906785,32.8201992],[110.8942461,32.8221459],[110.8919044,32.8193447],[110.8883453,32.8181672],[110.890606,32.8184051],[110.8904284,32.8163701],[110.8911531,32.8159486],[110.8934242,32.8181544],[110.8929021,32.8162255],[110.8908238,32.8144965],[110.8920615,32.8139856],[110.8954446,32.816016],[110.8925601,32.8138234],[110.8927596,32.8119367],[110.8945797,32.8126848],[110.8937178,32.8101185],[110.8968895,32.807382],[110.9012226,32.8057894],[110.904412,32.8062836],[110.9086456,32.8100481],[110.9070317,32.8122916],[110.9086353,32.8110337],[110.910132,32.8112134],[110.9105596,32.81328],[110.908956,32.8171434],[110.9121328,32.8124326],[110.9130185,32.8136394],[110.9148359,32.8136394],[110.9153169,32.8193635],[110.9144083,32.8207372],[110.9151566,32.8218152],[110.9141945,32.8228035],[110.9156912,32.8224441],[110.9174017,32.8264868],[110.91815,32.8256783],[110.915905,32.8205575],[110.9165464,32.8157957],[110.9175086,32.8151668],[110.9257405,32.8162449],[110.9255267,32.8195692],[110.923923,32.8204676],[110.9258474,32.8201981],[110.9270112,32.8211319],[110.9263819,32.8237019],[110.9267026,32.8251393],[110.927451,32.8250495],[110.9273441,32.8228035],[110.9290546,32.8228035],[110.9268096,32.8194794],[110.9272372,32.8157957],[110.9292684,32.815616],[110.9301237,32.817952],[110.9344753,32.8177792],[110.9364312,32.8186708],[110.9363243,32.8177723],[110.9309789,32.8173231],[110.9292684,32.8142683],[110.9306582,32.8129206],[110.933373,32.8128468],[110.9318342,32.8120221],[110.9338704,32.8076989],[110.9351483,32.8069004],[110.9369658,32.7987232],[110.9406006,32.7960272],[110.942418,32.7975549],[110.9431518,32.7954003],[110.9483693,32.7952788],[110.9519328,32.7962069],[110.9515052,32.7989029],[110.9524673,32.800161],[110.9528579,32.7964469],[110.9539641,32.7964765],[110.9547124,32.7985434],[110.956316,32.7989029],[110.9547124,32.7996218],[110.9550331,32.8005204],[110.956259,32.8006682],[110.9558884,32.8018683],[110.9573851,32.8018683],[110.9558639,32.8028863],[110.9567436,32.8037554],[110.9547124,32.8081584],[110.956316,32.8094163],[110.9566354,32.8067298],[110.9594163,32.8041148],[110.9596302,32.8048337],[110.9587749,32.8080685],[110.9596302,32.8089671],[110.9592025,32.8100453],[110.9602716,32.8105844],[110.9594163,32.8135495],[110.9604854,32.8141784],[110.9588818,32.8157957],[110.9608061,32.8155262],[110.9608061,32.820827],[110.9627305,32.8188505],[110.9634788,32.815616],[110.9646548,32.8175926],[110.9640134,32.81912],[110.9654032,32.8189403],[110.9648686,32.8227137],[110.965617,32.8228035],[110.9662221,32.8271597],[110.9654032,32.8289124],[110.9662519,32.8303375],[110.9660125,32.8394646],[110.9674501,32.8380403],[110.9695557,32.8382896],[110.9688449,32.8351377],[110.9677329,32.8348615],[110.972459,32.8322368],[110.9721383,32.8302599],[110.9732074,32.8303497],[110.9712765,32.8274962],[110.9720632,32.8248635],[110.9709623,32.816784],[110.9716038,32.8166942],[110.970643,32.8158636],[110.968973,32.8065761],[110.9679689,32.8051033],[110.9716038,32.8060917],[110.9721383,32.8085178],[110.9732074,32.8067207],[110.9733143,32.8078888],[110.9741696,32.8081584],[110.9738488,32.8070801],[110.9753456,32.8067207],[110.9735281,32.8112134],[110.974811,32.8110337],[110.9750248,32.8139089],[110.9772814,32.8073072],[110.9787699,32.8071684],[110.9780182,32.8123815],[110.9786597,32.8161551],[110.9798357,32.8121119],[110.9807978,32.8122018],[110.9801266,32.8095915],[110.9808574,32.808098],[110.9824589,32.8079198],[110.9814549,32.8093209],[110.9825106,32.8093761],[110.9826153,32.812651],[110.9818669,32.8133698],[110.9835774,32.8141784],[110.9821876,32.8153465],[110.9842714,32.8153098],[110.9834705,32.8169637],[110.9849672,32.8175028],[110.9856087,32.8221746],[110.9849672,32.8237019],[110.9858225,32.8239714],[110.9867847,32.8200184],[110.9849672,32.810225],[110.9864639,32.8095062],[110.9850454,32.8085853],[110.9877468,32.8085178],[110.9864639,32.8107641],[110.9874261,32.811483],[110.9869985,32.8125612],[110.9882508,32.812487],[110.9881745,32.8147175],[110.9900988,32.8128307],[110.9891366,32.8109438],[110.9898208,32.8098127],[110.9913817,32.8095961],[110.9908471,32.8134597],[110.9922456,32.8142978],[110.9904195,32.8149871],[110.9893504,32.8172332],[110.9928784,32.8157957],[110.9930922,32.8169637],[110.9907402,32.8192997],[110.9942682,32.8180419],[110.9913817,32.8203778],[110.9943751,32.8199286],[110.9943751,32.8210965],[110.9905264,32.8228933],[110.9918093,32.8233425],[110.990821,32.8245918],[110.994482,32.8227137],[110.9938405,32.8245104],[110.9918093,32.8254088],[110.9942682,32.8252291],[110.9931991,32.8272055],[110.994052,32.8283942],[110.9925577,32.8292717],[110.9939475,32.8299904],[110.9927715,32.8306192],[110.9928784,32.8315175],[110.9942682,32.832326],[110.9963675,32.8275432],[110.996727,32.8232527],[110.9986514,32.8261275],[110.9981168,32.8266665],[110.9996136,32.8276547],[111.0000412,32.8246003],[111.001431,32.8259478],[111.001431,32.8281937],[111.0035691,32.83017],[111.0029277,32.83017],[111.0035691,32.8320565],[111.0016448,32.8346616],[111.0019655,32.8362784],[111.0030346,32.836997],[111.0031415,32.8355598],[111.0051538,32.8334029],[111.0055031,32.8366897],[111.0080833,32.8403171],[111.0079439,32.8418855],[111.0101974,32.8428355],[111.009868,32.8446812],[111.0101974,32.8458893],[111.0105181,32.8429253],[111.0118969,32.8431799],[111.0125494,32.8403205],[111.0143668,32.8400511],[111.0115872,32.8388834],[111.0096629,32.8360988],[111.0104112,32.83547],[111.0093421,32.8353802],[111.0096629,32.8329548],[111.0084869,32.831787],[111.0081662,32.8294514],[111.0087007,32.8266665],[111.0057073,32.8239714],[111.0058581,32.8221127],[111.0043175,32.8210067],[111.0018586,32.8157059],[111.0004245,32.8153606],[111.0010033,32.8147175],[110.9998549,32.8142253],[111.0001481,32.8127409],[110.9992928,32.8122916],[111.000086,32.8104011],[110.9977591,32.8068269],[110.9987247,32.8066465],[111.0009873,32.8111026],[111.0028208,32.8122916],[111.0028208,32.8135495],[111.0045313,32.8125612],[111.0052627,32.8131911],[111.0054935,32.8163348],[111.0074992,32.8137953],[111.0121217,32.814448],[111.0104112,32.8170536],[111.0128701,32.8159754],[111.0130839,32.8189403],[111.0121217,32.8195692],[111.0138389,32.8202],[111.012977,32.8220848],[111.0143668,32.8219949],[111.0161842,32.8247799],[111.0169326,32.8246901],[111.0169326,32.8233425],[111.0149013,32.820827],[111.0173602,32.8211864],[111.015329,32.8193895],[111.0156497,32.8129206],[111.0177878,32.8117525],[111.0192007,32.8120149],[111.0196053,32.8166043],[111.0220641,32.8129206],[111.0212089,32.8119322],[111.0219572,32.8121119],[111.0234021,32.8171714],[111.0244161,32.8178622],[111.0253783,32.8151668],[111.0247368,32.8124713],[111.026088,32.8126174],[111.0264473,32.8172332],[111.0231332,32.8210965],[111.0262335,32.8202879],[111.0255921,32.8251393],[111.0248437,32.8251393],[111.0258924,32.8263144],[111.0273026,32.8262173],[111.0286924,32.8215457],[111.0281953,32.8205934],[111.0297615,32.8201083],[111.0284536,32.8182284],[111.0304029,32.815616],[111.0294407,32.8122916],[111.0312582,32.8116627],[111.0313651,32.8169637],[111.0322203,32.8172332],[111.0329685,32.8197508],[111.0322203,32.8246003],[111.0340378,32.8290921],[111.0349999,32.8261275],[111.0344654,32.8229832],[111.0351068,32.8211864],[111.0344654,32.8210067],[111.0354276,32.8206473],[111.0343585,32.8159754],[111.0356414,32.8158856],[111.034893,32.8143581],[111.0359621,32.8131901],[111.0340378,32.8107641],[111.0344654,32.8086975],[111.0359621,32.8093265],[111.0364966,32.8078888],[111.0376726,32.8096859],[111.0364966,32.8104047],[111.0363897,32.8117525],[111.038421,32.8105844],[111.0392092,32.8120629],[111.0388139,32.8147177],[111.0401315,32.8149871],[111.040085,32.8192545],[111.0392762,32.8205575],[111.040666,32.8212762],[111.0413075,32.8165145],[111.0426973,32.8148972],[111.0415813,32.8138768],[111.0414144,32.8100453],[111.0393831,32.8086077],[111.040666,32.8075294],[111.0390624,32.806541],[111.03949,32.8060019],[111.0420558,32.8070801],[111.0419771,32.8053621],[111.0409868,32.8050134],[111.0433724,32.8044319],[111.0442901,32.8047528],[111.0443222,32.8060694],[111.0455239,32.8061776],[111.0439896,32.8082516],[111.0455775,32.8071966],[111.0453308,32.8094509],[111.0442686,32.8102896],[111.0460281,32.8109658],[111.0444832,32.8125619],[111.0462212,32.8122823],[111.0463393,32.8145726],[111.0454059,32.815321],[111.047616,32.8183146],[111.0484958,32.8177285],[111.0476804,32.8127332],[111.0487533,32.8124537],[111.0471117,32.8110921],[111.0480451,32.8094149],[111.0475731,32.8070162],[111.0489249,32.8067547],[111.0496008,32.8076294],[111.0507166,32.806908],[111.0533667,32.807918],[111.0534954,32.8087927],[111.0548043,32.8083328],[111.0545897,32.8128594],[111.0563064,32.8103707],[111.0585379,32.8145005],[111.0585058,32.8102625],[111.0573149,32.807927],[111.0602116,32.8067908],[111.0609627,32.8095141],[111.0627115,32.8082697],[111.0632694,32.8116061],[111.063559,32.8076835],[111.0615313,32.8068269],[111.0611987,32.8056816],[111.0640633,32.8059882],[111.0643744,32.8042568],[111.0667455,32.8039231],[111.0646319,32.8079991],[111.0657692,32.8177736],[111.0646748,32.820785],[111.0625934,32.8228407],[111.0617995,32.82587],[111.0634732,32.8241029],[111.0662842,32.8276551],[111.0674429,32.8310268],[111.0666919,32.8340919],[111.0679149,32.8339297],[111.0694384,32.8364538],[111.0743952,32.8376978],[111.0768628,32.8393925],[111.0773778,32.8400776],[111.0749745,32.8425114],[111.0753608,32.8432686],[111.0785579,32.8410691],[111.0726785,32.8306302],[111.0731721,32.8263929],[111.0752535,32.8263749],[111.0732364,32.8222997],[111.0746527,32.8214883],[111.0723567,32.8210916],[111.0739016,32.8178096],[111.0737943,32.8158801],[111.0769057,32.8137882],[111.0743522,32.8069531],[111.0763263,32.8068449],[111.0740089,32.8056546],[111.0732794,32.8035805],[111.0738587,32.8026065],[111.0725713,32.8027328],[111.0695672,32.7999732],[111.0672712,32.7996846],[111.0693097,32.7973759],[111.0766053,32.7947064],[111.0804248,32.7942915],[111.0809827,32.7932814],[111.0784292,32.7941111],[111.077013,32.7934618],[111.0739016,32.7951573],[111.0659623,32.7966003],[111.0657477,32.7973398],[111.0636878,32.7967085],[111.0626793,32.8013079],[111.0603833,32.8001716],[111.0602546,32.7990714],[111.0591817,32.7997027],[111.0570574,32.7986205],[111.054933,32.799865],[111.0559845,32.7986746],[111.0548687,32.7976284],[111.0542249,32.7990714],[111.0536456,32.7981695],[111.0525727,32.7990714],[111.0523367,32.7977908],[111.0503197,32.7981695],[111.0500836,32.7974661],[111.0491609,32.7985664],[111.0443973,32.7979351],[111.0403204,32.7999011],[111.0383463,32.7990173],[111.0371232,32.7995223],[111.0350847,32.8014522],[111.0337758,32.8012719],[111.0327549,32.8031264],[111.0312582,32.8022278],[111.0285648,32.8025316],[111.0277302,32.8034858],[111.0263404,32.8029467],[111.0252713,32.8050134],[111.02,32.8046829],[111.0192758,32.8055261],[111.018396,32.8049016],[111.0183933,32.8057402],[111.0168055,32.8063963],[111.0150191,32.8057425],[111.0143271,32.8067232],[111.0125971,32.8063557],[111.0101134,32.8073363],[111.008606,32.8070568],[111.0073373,32.8057357],[111.0080427,32.8050752],[111.0055187,32.8038104],[111.0072622,32.8019392],[111.0053498,32.8021939],[111.0046792,32.8014274],[111.0064387,32.8009021],[111.0046658,32.8004264],[111.0059881,32.7985799],[111.0050333,32.7969813],[111.005964,32.796571],[111.0042071,32.7942802],[111.0010582,32.7931551],[111.0028258,32.7918361],[111.0051754,32.7918767],[111.0052317,32.7907425],[111.0078335,32.7893896],[111.0066292,32.789437],[111.0071227,32.7889815],[111.0071683,32.7884922],[111.0038397,32.7910582],[111.0000229,32.7911867],[110.9992021,32.7922081],[110.9984887,32.7911912],[110.9980327,32.7921112],[110.9939477,32.7898315],[110.9938323,32.7881945],[110.9928936,32.7891776],[110.9913728,32.788314],[110.9896776,32.786562],[110.9901094,32.7856848],[110.989176,32.7860546],[110.9838223,32.7819483],[110.9845546,32.7812357],[110.9821138,32.7813101],[110.982846,32.7799548],[110.9803569,32.7805953],[110.9805018,32.7793911],[110.9780046,32.7792039],[110.9786457,32.7777448],[110.9770873,32.7785927],[110.9731123,32.7767841],[110.9679383,32.7780628],[110.9674367,32.7772397],[110.9671256,32.778277],[110.9588644,32.7804803],[110.9492969,32.7813936],[110.9476769,32.7784214],[110.9485272,32.774556],[110.9504771,32.7729796],[110.949997,32.7723684],[110.9528643,32.7687757],[110.958572,32.7646843],[110.9593123,32.7655437],[110.9599131,32.7633446],[110.9606561,32.7645265],[110.9613897,32.7626634],[110.9627214,32.7633615],[110.962413,32.7620533],[110.9662673,32.7601022],[110.9671336,32.7606019],[110.9693089,32.7592756],[110.9700398,32.7610203],[110.9703737,32.7589598],[110.9731472,32.7583902],[110.974495,32.7588188],[110.9753063,32.7609909],[110.9750086,32.7581805],[110.9778088,32.7574553],[110.9771222,32.7593906],[110.9772858,32.7599658],[110.9780368,32.7602139],[110.9775379,32.759535],[110.9789461,32.756747],[110.9793752,32.7582447],[110.9826314,32.7605161],[110.9856087,32.7597222],[110.9824035,32.7596117],[110.9800485,32.7571147],[110.9811482,32.7567481],[110.9805769,32.7559146],[110.9862497,32.7430924],[110.9905601,32.7399971],[110.9898935,32.7452841],[110.9913164,32.7424144],[110.9922954,32.7430021],[110.9921801,32.7398617],[110.9969477,32.7402757],[110.9994301,32.7419395],[110.9977779,32.7433383],[110.9984967,32.7440309],[110.9970644,32.7445768],[110.9970081,32.7461289],[110.9994355,32.7438617],[111.0007203,32.7444776],[111.0002401,32.7429187],[111.0008866,32.7424246],[111.0030967,32.7459597],[111.0017261,32.7472118],[111.0028204,32.7471824],[111.0051566,32.7493909],[111.0029036,32.7507422],[111.0027775,32.7513016],[111.0032549,32.7524363],[111.003263,32.7509091],[111.005398,32.7506926],[111.0047248,32.7526168],[111.0058406,32.7519671],[111.0065299,32.7496459],[111.0105962,32.7509745],[111.0115591,32.7531875],[111.0105264,32.7544507],[111.012632,32.7552267],[111.0129458,32.756456],[111.0121894,32.7618356],[111.0132059,32.7603492],[111.0130155,32.7583575],[111.014421,32.758935],[111.0135385,32.7579628],[111.0140884,32.7546221],[111.0127205,32.7539025],[111.0119104,32.7512452],[111.0169718,32.750776],[111.0176262,32.7517889],[111.0184336,32.7503971],[111.0203299,32.7499301],[111.0213974,32.7531198],[111.0246268,32.7531063],[111.0216361,32.7522378],[111.0211828,32.7505888],[111.0219982,32.7488856],[111.0233393,32.7483036],[111.0247958,32.7489398],[111.0252464,32.7476178],[111.0275155,32.7477419],[111.0278133,32.7469952],[111.030753,32.7486465],[111.0288191,32.7468643],[111.0295781,32.7454499],[111.0322952,32.7450664],[111.0326171,32.7457939],[111.0336712,32.7448182],[111.036163,32.7448329],[111.0360342,32.747487],[111.0378085,32.7466072],[111.0395399,32.7489375],[111.0412618,32.747787],[111.0394219,32.7481931],[111.0382095,32.7462474],[111.0365666,32.74635],[111.0364647,32.7441775],[111.0314852,32.7437951],[111.0349855,32.7410191],[111.0368738,32.7415357],[111.0375859,32.7427179],[111.0402507,32.7433123],[111.0409708,32.7431871],[111.0361321,32.7405848],[111.0387218,32.7360037],[111.0413262,32.7367257],[111.0393333,32.7346928],[111.0418922,32.7340475],[111.0393628,32.7337993],[111.039784,32.7321748],[111.0379681,32.7297177],[111.0396767,32.7234493],[111.0383865,32.7212018],[111.0406396,32.7219239],[111.0413504,32.7211928],[111.0410875,32.7256359],[111.0419029,32.7255005],[111.0422114,32.7229732],[111.0453925,32.7244625],[111.0449217,32.7266467],[111.0468395,32.7268408],[111.0467711,32.7279746],[111.0484783,32.727045],[111.0489571,32.7281484],[111.0531092,32.727969],[111.0496223,32.7279103],[111.0488498,32.7267866],[111.0474336,32.7269852],[111.0468596,32.7255433],[111.0476965,32.7251011],[111.0447085,32.7237336],[111.0444671,32.7223504],[111.0453495,32.7217321],[111.0437053,32.7215425],[111.0432923,32.7203104],[111.0454032,32.7193559],[111.0432293,32.7185029],[111.0413946,32.7193728],[111.0408542,32.7180177],[111.0401219,32.7198794],[111.038695,32.7193017],[111.0405537,32.717194],[111.0388157,32.7160296],[111.0396391,32.7154632],[111.0393521,32.7142626],[111.0416025,32.7143935],[111.0425386,32.7153977],[111.0421577,32.7142964],[111.0435122,32.7141858],[111.0399127,32.7133621],[111.0415998,32.7125474],[111.039902,32.7119133],[111.0406235,32.7100378],[111.04256,32.7105411],[111.0415408,32.7089184],[111.0426056,32.7083316],[111.0434881,32.7093608],[111.0433164,32.7077606],[111.044392,32.7086025],[111.0444349,32.7072483],[111.0459222,32.7078814],[111.0458122,32.7068003],[111.046975,32.7064607],[111.0475288,32.710057],[111.0464278,32.7106675],[111.0472834,32.71076],[111.0475905,32.7121649],[111.0491207,32.7063726],[111.049971,32.7064787],[111.0502285,32.7082865],[111.0512611,32.7065645],[111.0521328,32.706903],[111.0517439,32.7083068],[111.0532406,32.7074266],[111.0507475,32.7127652],[111.053372,32.7106698],[111.0546085,32.708194],[111.0564029,32.7100536],[111.0549948,32.7145402],[111.0565719,32.7116109],[111.0581866,32.7116199],[111.0575096,32.7148897],[111.0558031,32.7168638],[111.0566563,32.7177612],[111.0583628,32.7154281],[111.0602226,32.7165374],[111.0588961,32.7142616],[111.0596426,32.7128258],[111.0641221,32.7149794],[111.0651886,32.7164152],[111.0640154,32.7169536],[111.0645487,32.7186585],[111.0666818,32.7169536],[111.0706044,32.7186628],[111.0702013,32.7195558],[111.0714811,32.7200044],[111.0725477,32.7224271],[111.0693481,32.7241319],[111.0716945,32.7242216],[111.0714811,32.7251189],[111.0687082,32.7271825],[111.0674283,32.7270031],[111.067535,32.7281695],[111.0698813,32.7272723],[111.0700947,32.728977],[111.0709479,32.7269134],[111.0729743,32.7259264],[111.0734009,32.7238627],[111.0741475,32.726375],[111.0726543,32.7344498],[111.0736142,32.7340909],[111.0738275,32.7363338],[111.0747901,32.7356665],[111.0740408,32.7317583],[111.0762805,32.7283489],[111.0748941,32.7270928],[111.0771338,32.7274517],[111.0790365,32.7306833],[111.0811866,32.7313097],[111.0790535,32.7342703],[111.0807173,32.7345204],[111.0815066,32.7383971],[111.0823598,32.7334629],[111.082893,32.7330143],[111.085666,32.7347189],[111.0846478,32.7396656],[111.0824111,32.7436956],[111.0826797,32.7453046],[111.0864126,32.7401016],[111.0876924,32.7357955],[111.0887978,32.7359254],[111.0902801,32.7429653],[111.0899322,32.7468296],[111.0913187,32.7471884],[111.0920652,32.7436002],[111.0915163,32.7385951],[111.0924558,32.7373284],[111.0940916,32.7379486],[111.0950515,32.7406399],[111.096438,32.7397428],[111.0987274,32.7407505],[111.0984644,32.7435105],[111.1014507,32.740909],[111.1017707,32.7436002],[111.1062501,32.7394737],[111.1070882,32.7415095],[111.1061435,32.7427032],[111.1075299,32.7421649],[111.1087031,32.7392942],[111.1120227,32.7402968],[111.1129693,32.7417164],[111.1123293,32.7382177],[111.1136345,32.7379811],[111.1140358,32.7401913],[111.1159556,32.7397428],[111.1169288,32.7382491],[111.1171287,32.7401913],[111.1196884,32.739384],[111.1192618,32.7383971],[111.1222481,32.7386663],[111.1238479,32.7402811],[111.1220348,32.7406399],[111.1220348,32.743062],[111.1221023,32.7412859],[111.1238479,32.7408193],[111.124247,32.7399763],[111.1222481,32.7357955],[111.1235061,32.7359906],[111.1237412,32.7375897],[111.1255543,32.7367823],[111.1279007,32.7379486],[111.1269408,32.7348086],[111.1288606,32.7361543],[111.1292872,32.734988],[111.1307804,32.7364235],[111.1316336,32.7357955],[111.1309937,32.7347189],[111.1323802,32.7336423],[111.1355798,32.7345395],[111.1345679,32.7326138],[111.1320465,32.731741],[111.1321668,32.7308611],[111.1351531,32.7327452],[111.1374995,32.7321171],[111.1386727,32.7328349],[111.1386727,32.7316685],[111.1408058,32.7298742],[111.1393009,32.7279052],[111.1406991,32.7282592],[111.141339,32.7272723],[111.1401658,32.7261059],[111.1417076,32.7249438],[111.1431521,32.7248497],[111.1430455,32.7278106],[111.1442187,32.7298742],[111.1448586,32.7297844],[111.144112,32.7267339],[111.1448586,32.7258367],[111.1474183,32.7279003],[111.1457118,32.7250292],[111.1474183,32.7248497],[111.1488301,32.7262467],[111.1483781,32.7284386],[111.1501912,32.7286181],[111.1513644,32.7303228],[111.1529642,32.7306816],[111.1523243,32.7293358],[111.1543507,32.7287078],[111.154884,32.7274517],[111.1530709,32.7226963],[111.1542441,32.7225168],[111.1538175,32.7211709],[111.1553106,32.7201839],[111.1587235,32.721781],[111.1575034,32.720497],[111.1545634,32.7199168],[111.1402714,32.7239348],[111.1388854,32.7235542],[111.1382454,32.7219806],[111.1370723,32.7222498],[111.1385654,32.7217114],[111.1390905,32.7203101],[111.1384588,32.7198271],[111.1385116,32.7181752],[111.1390987,32.7193785],[111.1400586,32.718212],[111.1419783,32.7189298],[111.1412317,32.7176736],[111.1434715,32.7180325],[111.1418717,32.7174044],[111.1422793,32.7159032],[111.1392053,32.7174044],[111.1380321,32.715161],[111.1396319,32.7153405],[111.1398452,32.7135458],[111.1364323,32.7131869],[111.139312,32.7122895],[111.1382681,32.7108882],[111.1384588,32.7087897],[111.1409491,32.7061277],[111.1391133,32.7112561],[111.1398452,32.7120203],[111.1408051,32.7107639],[111.141445,32.7111229],[111.1411251,32.7103152],[111.1418717,32.7106742],[111.141765,32.7095973],[111.1430715,32.7087403],[111.1430448,32.710405],[111.1415517,32.7112126],[111.1415607,32.7125389],[111.1422983,32.7122895],[111.1415517,32.7135458],[111.1429382,32.7130074],[111.1463511,32.716866],[111.1476309,32.7162379],[111.1441114,32.7120203],[111.1456045,32.7131869],[111.1460311,32.7121998],[111.1468844,32.7123792],[111.1481255,32.713944],[111.1526436,32.71552],[111.1459245,32.7099563],[111.1464577,32.7094178],[111.1478442,32.7106742],[111.1478576,32.7073852],[111.1492307,32.7104947],[111.1505567,32.710899],[111.1505106,32.712469],[111.1515771,32.7119305],[111.1524303,32.7135458],[111.1533902,32.7120203],[111.15531,32.7166865],[111.1570164,32.7165968],[111.1556299,32.7125587],[111.1576563,32.7130971],[111.1594694,32.7169557],[111.1604853,32.7163882],[111.1598961,32.7129176],[111.1628824,32.7153405],[111.1606426,32.7094178],[111.1644821,32.7140842],[111.1649088,32.7158789],[111.1675153,32.7179548],[111.1662953,32.713815],[111.1674684,32.7136355],[111.1650154,32.7110332],[111.1670418,32.710046],[111.1636289,32.7087897],[111.1681084,32.7096871],[111.1689616,32.7104947],[111.168535,32.71211],[111.1701348,32.7137253],[111.1703481,32.7113024],[111.1713346,32.7112147],[111.1694647,32.7089056],[111.171308,32.7084307],[111.1745076,32.7135458],[111.1723092,32.7144297],[111.1731211,32.7150713],[111.1725878,32.7158789],[111.1739743,32.7161481],[111.1760215,32.718943],[111.1764273,32.723506],[111.1782404,32.7227882],[111.1792003,32.7239546],[111.1792003,32.7263772],[111.1799469,32.7262874],[111.1780271,32.7302352],[111.1800535,32.7294277],[111.1803735,32.7332856],[111.1833598,32.7340033],[111.1832531,32.734721],[111.1848538,32.732447],[111.1837944,32.7312257],[111.184533,32.7285305],[111.1830398,32.7276333],[111.1834664,32.7269155],[111.1864527,32.7287997],[111.186986,32.7279024],[111.184533,32.7265566],[111.1834664,32.7243135],[111.1857061,32.7241341],[111.1837864,32.7232368],[111.1836797,32.717853],[111.1854928,32.7188401],[111.1862394,32.7217114],[111.1867727,32.7188401],[111.1909322,32.720186],[111.1928991,32.7245519],[111.1963585,32.7244987],[111.1986332,32.7222794],[111.1964138,32.7240469],[111.1929622,32.7239738],[111.1927253,32.7211896],[111.1877326,32.7174941],[111.1879459,32.7164173],[111.1860261,32.7159686],[111.1861328,32.7139047],[111.1836797,32.7135458],[111.1835731,32.7127382],[111.1853862,32.7123792],[111.1818666,32.7119305],[111.18176,32.7110332],[111.1835731,32.7109434],[111.1828265,32.710046],[111.1833598,32.7093281],[111.1878392,32.7111229],[111.1868793,32.7093281],[111.1847463,32.7084307],[111.1852795,32.7073538],[111.1839997,32.7065461],[111.1841063,32.7026871],[111.1826132,32.7013408],[111.1841165,32.7007587],[111.1821866,32.7001741],[111.1817291,32.698705],[111.1828265,32.6981098],[111.1815062,32.6950543],[111.1805868,32.6953275],[111.1767473,32.6910192],[111.1772805,32.6898523],[111.176534,32.6888649],[111.1816533,32.6905704],[111.1800535,32.6885059],[111.1773965,32.6875623],[111.1781338,32.6872492],[111.1774938,32.6861721],[111.1783471,32.6854539],[111.1798402,32.6869799],[111.1822932,32.6874287],[111.1790936,32.6841972],[111.1811201,32.6841972],[111.1801602,32.6828507],[111.1833598,32.6825814],[111.1805868,32.6821326],[111.1799469,32.6807861],[111.1819733,32.6807861],[111.1800535,32.6791702],[111.184357,32.6776721],[111.1837864,32.6762077],[111.1848529,32.6763873],[111.1857167,32.6733804],[111.1849179,32.6732451],[111.1855578,32.6726167],[111.186986,32.6739633],[111.1875476,32.6719863],[111.1863461,32.6714496],[111.1870926,32.6703722],[111.1881592,32.6694744],[111.1891191,32.6727963],[111.1917854,32.6705518],[111.1923186,32.6718985],[111.1935905,32.671444],[111.1955182,32.6723474],[111.1931719,32.6701927],[111.1943451,32.6674992],[111.1964125,32.666204],[111.1966914,32.6694744],[111.1987178,32.6673197],[111.1997405,32.6676037],[111.1994644,32.6691153],[111.2010642,32.6680379],[111.2008944,32.671939],[111.2021629,32.6723591],[111.2017041,32.6737838],[111.2035172,32.6744122],[111.2040317,32.6731225],[111.2025769,32.668107],[111.2032818,32.6674785],[111.2052016,32.6692741],[111.2053083,32.6707106],[111.2073347,32.6711595],[111.2063441,32.6689453],[111.2070147,32.6670296],[111.2085078,32.6680172],[111.2094227,32.666916],[111.2112808,32.6687354],[111.2116008,32.6662215],[111.2130939,32.6653237],[111.2153337,32.6676581],[111.215227,32.6650543],[111.2189599,32.6638871],[111.2199197,32.6662215],[111.2210929,32.6663113],[111.220453,32.6639769],[111.2227994,32.6632586],[111.2248258,32.6652339],[111.2249325,32.6665807],[111.2270655,32.6672092],[111.2255465,32.6684614],[111.2280254,32.668107],[111.2319258,32.672144],[111.2320223,32.6706267],[111.2341636,32.6716586],[111.2346357,32.672932],[111.2334663,32.674115],[111.2342227,32.6755961],[111.2330639,32.6796961],[111.2337399,32.6797231],[111.2342763,32.6766708],[111.2357354,32.6782783],[111.2364757,32.678486],[111.2341636,32.6744582],[111.2348878,32.6740292],[111.2360573,32.6749685],[111.2354189,32.6737809],[111.2364274,32.6734919],[111.2350756,32.6716315],[111.2372267,32.6709586],[111.2343514,32.6711122],[111.2301638,32.6684272],[111.2304784,32.6645156],[111.2332514,32.6643361],[111.2290919,32.662271],[111.2314383,32.6613731],[111.2327181,32.6629893],[111.2346379,32.6625403],[111.236771,32.6644258],[111.2359177,32.6628097],[111.2368776,32.6620016],[111.233678,32.661822],[111.2339147,32.6605483],[111.2374109,32.6597569],[111.2398639,32.6566142],[111.2423169,32.658859],[111.2439167,32.6569733],[111.2451966,32.6578713],[111.2465831,32.6575121],[111.2455165,32.655806],[111.2463698,32.6552672],[111.2459431,32.6544591],[111.2424236,32.6565244],[111.2414637,32.6551774],[111.2430635,32.6549081],[111.2425302,32.6527529],[111.2451966,32.6493406],[111.2464857,32.6512997],[111.2475157,32.6474695],[111.2470007,32.6458072],[111.2479877,32.6443979],[111.2510347,32.6445786],[111.2489748,32.64653],[111.2510347,32.6463131],[111.2492323,32.6497821],[111.2496185,32.6515526],[111.2507772,32.6486981],[111.2523222,32.6479754],[111.252408,32.6462409],[111.2531376,32.6459157],[111.253953,32.6471804],[111.2520647,32.6501434],[111.2540817,32.6498905],[111.2548971,32.6522392],[111.252408,32.6541181],[111.251893,32.656286],[111.2545538,32.6546239],[111.2554121,32.657659],[111.2542963,32.65961],[111.2548542,32.6601519],[111.2566566,32.6572615],[111.2588882,32.6593571],[111.257472,32.6562137],[111.2557554,32.6561414],[111.2562704,32.650577],[111.2594032,32.6535761],[111.261034,32.6523476],[111.2606478,32.6553465],[111.2623215,32.6544432],[111.2633514,32.6561776],[111.263566,32.6539735],[111.2660551,32.6533954],[111.2638664,32.6525644],[111.2626219,32.6506493],[111.2657976,32.6512274],[111.2642527,32.6475417],[111.2654543,32.6472527],[111.2684584,32.6515165],[111.26863,32.6559247],[111.2694883,32.6557801],[111.2720203,32.6592848],[111.2704325,32.6557801],[111.2705183,32.6507216],[111.2718487,32.6467106],[111.2733507,32.650577],[111.2748528,32.6514081],[111.2749815,32.6495653],[111.2765265,32.6494207],[111.2749815,32.6486981],[111.2748098,32.6477586],[111.2756681,32.6475417],[111.2743807,32.6466745],[111.2751853,32.6442534],[111.2761724,32.6460015],[111.2783986,32.6452742],[111.2785596,32.6474695],[111.2799758,32.6477043],[111.2808073,32.6501028],[111.2796807,32.6447006],[111.281569,32.6445922],[111.2836397,32.6486303],[111.2824112,32.6448406],[111.2846911,32.6456672],[111.2840205,32.6446961],[111.2847769,32.6436707],[111.2908548,32.6435397],[111.2904418,32.6430022],[111.2859464,32.6430022],[111.2832534,32.6441676],[111.2809682,32.643481],[111.2769449,32.6443934],[111.2764567,32.6431061],[111.2776959,32.6419271],[111.2815905,32.6427583],[111.2807804,32.6416696],[111.2824541,32.6398627],[111.2815905,32.640075],[111.279788,32.6415477],[111.278227,32.6413625],[111.2781358,32.6399757],[111.2765372,32.6415657],[111.2740481,32.6416922],[111.2725407,32.6408927],[111.2723798,32.6395556],[111.2743002,32.6387967],[111.274547,32.6376944],[111.2717736,32.6387199],[111.2722725,32.6370168],[111.2679327,32.6359462],[111.2686998,32.635255],[111.2677395,32.6337959],[111.2671924,32.6352686],[111.2644243,32.6343741],[111.2621069,32.635892],[111.2574291,32.6344961],[111.2562704,32.6320747],[111.2588882,32.6321831],[111.2606049,32.6297254],[111.2577724,32.6310266],[111.2451553,32.6258943],[111.242795,32.6217377],[111.2440395,32.6200388],[111.246829,32.6235449],[111.2467432,32.6207979],[111.2451124,32.6197858],[111.2450695,32.6183038],[111.2503052,32.6163519],[111.2501335,32.6183761],[111.2513351,32.617364],[111.2536955,32.6194966],[111.2538242,32.6209063],[111.2551975,32.620328],[111.2595749,32.6216292],[111.2597466,32.6232196],[111.2678146,32.6213401],[111.2620211,32.6254967],[111.2639523,32.6252437],[111.2651539,32.6264726],[111.2649393,32.625063],[111.2697029,32.622063],[111.2705612,32.6254606],[111.2717628,32.6243762],[111.2745523,32.6249907],[111.273222,32.6279183],[111.2766981,32.6251353],[111.2723637,32.6235811],[111.2720203,32.6222799],[111.2764835,32.6224244],[111.2798309,32.6214124],[111.2806034,32.622569],[111.281805,32.6211955],[111.2879714,32.6191996],[111.2866692,32.6206386],[111.2872338,32.6215637],[111.284667,32.6208182],[111.2829745,32.6217908],[111.2861221,32.6232535],[111.2802467,32.6260084],[111.2826164,32.626258],[111.2786722,32.6282481],[111.2793669,32.6288467],[111.2783986,32.6302563],[111.2810245,32.6286186],[111.2819579,32.6301614],[111.2820196,32.6284492],[111.2838489,32.6263709],[111.2846026,32.6278415],[111.2856124,32.6251714],[111.2871534,32.6244723],[111.2851484,32.6284672],[111.2865686,32.6285395],[111.2853308,32.6300541],[111.2837858,32.6299875],[111.2848024,32.6310107],[111.2811962,32.6333712],[111.2800951,32.6327647],[111.2803808,32.635063],[111.278412,32.6354764],[111.2806758,32.6359575],[111.2821202,32.6338343],[111.2850411,32.632889],[111.2860617,32.6316014],[111.2862414,32.6331171],[111.2838395,32.6351963],[111.2853697,32.6353329],[111.2873237,32.633876],[111.2899281,32.6357406],[111.2877408,32.6319572],[111.2889236,32.631982],[111.287384,32.6301772],[111.290077,32.6314196],[111.2882544,32.6287914],[111.2898704,32.6285824],[111.2881458,32.6275546],[111.2894882,32.6268126],[111.2888378,32.6255916],[111.2893662,32.6217829],[111.2917413,32.6272271],[111.2912974,32.6295673],[111.2924145,32.6279093],[111.2942089,32.6282312],[111.2925701,32.6271074],[111.2919612,32.6255374],[111.2934351,32.6255419],[111.291524,32.6240498],[111.2913094,32.6227825],[111.2928544,32.6231338],[111.2900475,32.6199225],[111.2916581,32.6188596],[111.2918901,32.6211164],[111.2941083,32.6209843],[111.2931722,32.6224098],[111.2945925,32.6230683],[111.2955111,32.6299694],[111.2989202,32.6317392],[111.3000977,32.6358592],[111.2991871,32.6380321],[111.2993105,32.6387357],[111.3006596,32.6379768],[111.3008635,32.6360298],[111.2994312,32.6325219],[111.3008152,32.6321187],[111.2971446,32.6295176],[111.3008085,32.6298813],[111.2974088,32.6278833],[111.2972787,32.626319],[111.2985581,32.6265279],[111.2966162,32.6252697],[111.296238,32.6238194],[111.2986413,32.6257757],[111.298703,32.6246428],[111.300315,32.6253702],[111.2960167,32.6218789],[111.2984039,32.6231089],[111.2984146,32.6220664],[111.2998335,32.6221601],[111.3010727,32.6243412],[111.3028537,32.6225577],[111.302513,32.6247896],[111.3048211,32.6258728],[111.3039494,32.6268137],[111.3049042,32.6287451],[111.3037281,32.6311384],[111.3049632,32.63083],[111.3058604,32.6362669],[111.3067617,32.6350596],[111.3080826,32.6365109],[111.3079123,32.6371309],[111.3082691,32.6386849],[111.3084501,32.6362251],[111.3060924,32.6337021],[111.3066195,32.6317663],[111.3052382,32.629966],[111.3059235,32.6276055],[111.3077112,32.6285632],[111.3078399,32.6266002],[111.3059516,32.6269097],[111.3063861,32.6254425],[111.3041478,32.6239595],[111.3038743,32.6211413],[111.3053656,32.62045],[111.3034692,32.6194865],[111.3014951,32.6210566],[111.3016172,32.619142],[111.2981625,32.6202026],[111.2943095,32.6190968],[111.2940896,32.6178746],[111.296474,32.6187511],[111.29417,32.6160649],[111.2947038,32.6153307],[111.2954763,32.6162818],[111.2965089,32.6159655],[111.2969729,32.6175266],[111.298998,32.6186404],[111.2986279,32.6152335],[111.3005564,32.6182338],[111.3012028,32.6176419],[111.2999475,32.6146778],[111.3006127,32.6140361],[111.3017955,32.6144202],[111.3017929,32.6155566],[111.302458,32.6151319],[111.3033056,32.6180485],[111.3037401,32.616327],[111.3055533,32.6165823],[111.3058618,32.6179333],[111.3063312,32.6169054],[111.3074523,32.6171697],[111.3036463,32.6154956],[111.3046306,32.6142688],[111.3034263,32.6144044],[111.3028765,32.6125721],[111.302226,32.613425],[111.3006315,32.6126636],[111.2994754,32.6102133],[111.2998858,32.6094497],[111.3008246,32.6104754],[111.3010043,32.6080714],[111.3030991,32.6091921],[111.302045,32.6073574],[111.3052341,32.6051273],[111.3051255,32.6070615],[111.3066544,32.6095073],[111.3053468,32.610968],[111.307573,32.6115351],[111.3052663,32.6119327],[111.3067469,32.6126851],[111.3046601,32.6129291],[111.3063338,32.6136272],[111.3064814,32.6146461],[111.3087425,32.6118695],[111.307974,32.6141785],[111.3090187,32.6149364],[111.3084716,32.6159034],[111.3096115,32.6160559],[111.3108239,32.6179649],[111.3104376,32.6162253],[111.3111082,32.6159565],[111.3095565,32.6137639],[111.3119437,32.6138791],[111.3121341,32.612885],[111.3089959,32.6114729],[111.3119182,32.6089165],[111.3098073,32.6084713],[111.3101426,32.6093638],[111.3086164,32.6099377],[111.3078895,32.60785],[111.30889,32.6071225],[111.3072136,32.6057871],[111.3088793,32.6059769],[111.3092655,32.6052561],[111.3073772,32.6039049],[111.3086486,32.6040722],[111.3091019,32.6025808],[111.3098744,32.604637],[111.3110572,32.6030102],[111.3107005,32.6014104],[111.3119423,32.6021922],[111.3119155,32.600563],[111.3127926,32.5994739],[111.3126585,32.60139],[111.3135114,32.6007325],[111.3146701,32.6013878],[111.3145924,32.5984661],[111.3167408,32.5975328],[111.3154587,32.5999416],[111.3166389,32.6007483],[111.3172907,32.5996275],[111.3176554,32.6016635],[111.3157243,32.6009178],[111.3144408,32.6022713],[111.3128275,32.6019787],[111.3110921,32.604463],[111.3116339,32.6061961],[111.3123125,32.604045],[111.3132861,32.6038236],[111.3135141,32.6059001],[111.3144261,32.6037377],[111.3151851,32.6042009],[111.3159522,32.6031231],[111.3162473,32.6044246],[111.3175321,32.6034372],[111.3177896,32.6053985],[111.3169473,32.6053375],[111.3170868,32.6060854],[111.3152388,32.6050754],[111.3152388,32.606587],[111.313329,32.6063927],[111.312291,32.6078206],[111.3149437,32.6079924],[111.3131493,32.6086995],[111.3128811,32.6110538],[111.3142061,32.6107827],[111.3144663,32.6092757],[111.3153434,32.6098134],[111.3164967,32.6090159],[111.3164136,32.6073145],[111.3175723,32.6073303],[111.3166577,32.610611],[111.3154399,32.6107804],[111.3159522,32.6125608],[111.3148391,32.6122219],[111.3150644,32.6132544],[111.3136885,32.613347],[111.3139862,32.6141355],[111.3121676,32.6151838],[111.3144636,32.6153623],[111.3122991,32.6167788],[111.3136965,32.6177548],[111.3093379,32.6225261],[111.3100836,32.6228085],[111.3090107,32.6238883],[111.3104644,32.6249207],[111.3104242,32.6278573],[111.3111538,32.6266398],[111.3103384,32.6238702],[111.310958,32.6223318],[111.3117707,32.6217015],[111.3129052,32.6237369],[111.3126746,32.6257813],[111.3140827,32.6248755],[111.3126129,32.6213559],[111.3138548,32.6212881],[111.3131037,32.6201857],[111.315845,32.616885],[111.3164914,32.6200524],[111.315228,32.6204861],[111.315389,32.622386],[111.3163385,32.6222844],[111.3171351,32.6241187],[111.3158557,32.6276744],[111.3164967,32.6280426],[111.3158932,32.6312615],[111.3174087,32.629032],[111.3170332,32.626127],[111.3185124,32.624514],[111.3201499,32.6255532],[111.3188249,32.627026],[111.3206407,32.6278686],[111.3202773,32.6300349],[111.3205281,32.6311643],[111.3212979,32.6276405],[111.3196349,32.6269131],[111.3212764,32.6253544],[111.319592,32.6244666],[111.3203108,32.6232151],[111.3189402,32.6235393],[111.3170895,32.6214282],[111.3185754,32.6205494],[111.3173389,32.6185252],[111.3184467,32.6159158],[111.320461,32.6194356],[111.3200319,32.6156357],[111.3212898,32.615848],[111.3209653,32.6170703],[111.3222206,32.6178429],[111.3215795,32.619639],[111.3233256,32.6206782],[111.3229233,32.6216451],[111.3245809,32.6219274],[111.323677,32.6235472],[111.3244387,32.6228243],[111.3250288,32.625368],[111.3255036,32.6256277],[111.3248169,32.6224606],[111.3252783,32.6222776],[111.3270083,32.6246428],[111.3272953,32.6273604],[111.3285372,32.6277489],[111.3275984,32.6273061],[111.3278156,32.6246609],[111.3262412,32.6234003],[111.3256109,32.6213085],[111.3241705,32.6209605],[111.3248169,32.6196819],[111.3226175,32.619282],[111.3245729,32.617922],[111.3228321,32.616013],[111.3246909,32.6162005],[111.3252005,32.6153375],[111.3205925,32.6141626],[111.3210404,32.6116593],[111.3220516,32.6126602],[111.3247016,32.6125314],[111.3235362,32.6109747],[111.3210243,32.6103173],[111.3215581,32.6096191],[111.3203537,32.6086724],[111.3203135,32.6072558],[111.3222179,32.608442],[111.322462,32.6097705],[111.3238755,32.6097841],[111.3231996,32.6085775],[111.3242429,32.6084013],[111.3226041,32.6072874],[111.3235697,32.6064107],[111.3220114,32.6063791],[111.3210699,32.6050347],[111.3226739,32.6054211],[111.3236958,32.6037377],[111.3218665,32.6038033],[111.3243046,32.6023459],[111.3230494,32.6013494],[111.3208526,32.6025944],[111.3224164,32.6007867],[111.3208473,32.5997496],[111.3222715,32.5992457],[111.3238192,32.6003574],[111.3238111,32.5980752],[111.3224566,32.59669],[111.3234866,32.5973882],[111.3246399,32.5964572],[111.3247338,32.5992999],[111.3257396,32.5975599],[111.3272712,32.5980593],[111.3274777,32.5992411],[111.324133,32.6014262],[111.327703,32.6008681],[111.3265121,32.6020363],[111.3273114,32.6027526],[111.325112,32.6026735],[111.3242966,32.605403],[111.3260588,32.6087154],[111.3266355,32.6037716],[111.3278237,32.6043207],[111.3286257,32.607484],[111.3293794,32.6009223],[111.3294116,32.6038033],[111.3301653,32.6043998],[111.3295618,32.6074456],[111.3303047,32.6084601],[111.3284755,32.6095672],[111.3283065,32.6109431],[111.3308975,32.6104596],[111.3294867,32.6125111],[111.327754,32.6124704],[111.3270137,32.6142869],[111.3256565,32.6144473],[111.326901,32.6166162],[111.3279927,32.6145919],[111.3298193,32.6137221],[111.3289395,32.6165529],[111.3298058,32.6172013],[111.3287008,32.6191126],[111.3295752,32.6184371],[111.3298032,32.6193837],[111.3309672,32.6156673],[111.3316002,32.6168579],[111.3307473,32.6184009],[111.3322815,32.6199733],[111.3314903,32.6179356],[111.3328019,32.6172081],[111.3306883,32.6129065],[111.3325846,32.6110041],[111.3326168,32.6135436],[111.3343361,32.6148687],[111.3337849,32.6157328],[111.3350791,32.6173934],[111.3351354,32.6200727],[111.334261,32.6209696],[111.3355377,32.6205494],[111.3373482,32.6235562],[111.3355203,32.6192606],[111.33559,32.6165089],[111.3363799,32.6162762],[111.3344246,32.6131934],[111.3342194,32.6103964],[111.3318899,32.6083448],[111.333113,32.6060266],[111.3320482,32.6053397],[111.3333759,32.6048268],[111.3317558,32.602861],[111.3326436,32.6019301],[111.3333222,32.6032587],[111.3350764,32.6020815],[111.3332579,32.6062368],[111.3340571,32.6069982],[111.3331264,32.6071631],[111.3351327,32.6100303],[111.3354143,32.6131369],[111.3365918,32.6126964],[111.337823,32.6144134],[111.3372141,32.6150641],[111.3383889,32.6166094],[111.3376299,32.6174092],[111.3405266,32.6189138],[111.3409665,32.6217332],[111.3411972,32.6188437],[111.3396174,32.6182902],[111.3392365,32.6167676],[111.3405025,32.6164739],[111.3370505,32.611151],[111.3360018,32.6054482],[111.3369754,32.6057397],[111.3366723,32.6077483],[111.3385954,32.6071925],[111.3375789,32.6094813],[111.3388127,32.6093729],[111.3387564,32.6114221],[111.340186,32.6100574],[111.3403845,32.6121135],[111.3414466,32.6118197],[111.3414574,32.6130172],[111.3425329,32.6116074],[111.3400653,32.6081528],[111.3416934,32.6080195],[111.340355,32.6067112],[111.3439733,32.6056561],[111.3430238,32.6083459],[111.3448048,32.6082748],[111.3424444,32.6094892],[111.3459755,32.6100744],[111.3444802,32.6105647],[111.3421494,32.6147952],[111.3469183,32.6110832],[111.3467735,32.6146936],[111.3441342,32.6167088],[111.3449201,32.6172691],[111.3440672,32.6197248],[111.3461137,32.6163835],[111.3475969,32.6181027],[111.3466971,32.6191307],[111.3480864,32.618968],[111.3485089,32.6179999],[111.3473234,32.616275],[111.3479979,32.6139966],[111.349154,32.6157057],[111.3504803,32.6156334],[111.3495308,32.6167495],[111.351411,32.6187545],[111.3483399,32.6197971],[111.3477673,32.6209843],[111.3485813,32.6219184],[111.3479818,32.6252426],[111.3490292,32.6237957],[111.3485397,32.6272949],[111.3495187,32.6253239],[111.3506654,32.6270509],[111.3496193,32.6245592],[111.3502791,32.6226458],[111.3490212,32.6206375],[111.3508317,32.6207753],[111.3505018,32.6199552],[111.3527226,32.6192978],[111.353471,32.6215524],[111.3536131,32.6193837],[111.3531464,32.6172375],[111.3516203,32.6167834],[111.3521808,32.6147252],[111.3501129,32.6134419],[111.3519233,32.6125427],[111.348128,32.6076625],[111.3488844,32.6059249],[111.3507888,32.6058029],[111.3493752,32.6075224],[111.350829,32.6091763],[111.3513949,32.6073145],[111.3523498,32.6080353],[111.3526851,32.6071677],[111.3539645,32.6074094],[111.3527173,32.6095491],[111.3545412,32.6091311],[111.3540906,32.610855],[111.3528138,32.6110922],[111.3542032,32.6117294],[111.3532376,32.6129697],[111.3549113,32.6133696],[111.3565797,32.6111826],[111.3575855,32.6122739],[111.3568868,32.6131234],[111.3580213,32.6131403],[111.3564321,32.6136645],[111.357265,32.6146676],[111.355885,32.6149387],[111.3554437,32.6161022],[111.3540946,32.6157283],[111.3553874,32.6175571],[111.3548134,32.618619],[111.3562725,32.617957],[111.3569123,32.618933],[111.3544527,32.620633],[111.3554826,32.621479],[111.3546753,32.6225419],[111.35561,32.6239301],[111.3543011,32.6255498],[111.3561586,32.6276269],[111.3553163,32.6296238],[111.3568613,32.6292149],[111.3576794,32.627148],[111.3567942,32.6250054],[111.3570866,32.6223759],[111.3586262,32.623075],[111.3578229,32.620877],[111.3596334,32.6212644],[111.3583821,32.6199146],[111.3577598,32.616763],[111.359168,32.6175357],[111.3613352,32.6211944],[111.359062,32.6242644],[111.3611609,32.6258198],[111.360265,32.6273965],[111.3611153,32.6279974],[111.3595019,32.6290884],[111.3607062,32.6293968],[111.3613433,32.6314896],[111.3602503,32.6344791],[111.3617952,32.6315111],[111.3616933,32.6298824],[111.3624845,32.6296735],[111.3614734,32.629015],[111.3621184,32.6253194],[111.3612226,32.6243729],[111.362616,32.6236342],[111.3633831,32.625011],[111.3639128,32.6235585],[111.3630371,32.622386],[111.3646075,32.6217975],[111.3661833,32.6249941],[111.3642494,32.6266375],[111.3662732,32.6255939],[111.3650407,32.6281374],[111.3668311,32.6269594],[111.3676827,32.6283023],[111.365443,32.6304031],[111.3668713,32.6306968],[111.3662986,32.6330459],[111.3670483,32.634312],[111.3660465,32.6354944],[111.3708155,32.6354786],[111.3715558,32.6365493],[111.3722464,32.6353838],[111.3687073,32.6347954],[111.3687971,32.6333272],[111.3675955,32.6325648],[111.3679455,32.6313654],[111.3711011,32.6316715],[111.368199,32.6304923],[111.3696635,32.6305273],[111.3683706,32.629617],[111.3705178,32.6277918],[111.36952,32.6275456],[111.3691874,32.6251951],[111.3678825,32.6252629],[111.368313,32.6232851],[111.3659835,32.6214496],[111.3663912,32.6207945],[111.3613473,32.6176904],[111.362498,32.6170003],[111.3610965,32.6169144],[111.3599056,32.6151048],[111.3616598,32.6156447],[111.3619575,32.6148156],[111.3618046,32.6137153],[111.3605708,32.613826],[111.3603374,32.6117587],[111.3615471,32.61116],[111.3611448,32.612798],[111.3618556,32.6128839],[111.3627085,32.6156041],[111.3640496,32.6141016],[111.364527,32.6179717],[111.3657609,32.6169777],[111.3674909,32.6172442],[111.3665816,32.6182247],[111.3685289,32.6188324],[111.3680649,32.6194899],[111.3703421,32.6215434],[111.370554,32.6232964],[111.3714981,32.621941],[111.3723591,32.6227068],[111.3727775,32.6219094],[111.3750601,32.6225645],[111.3759586,32.6221533],[111.3701396,32.6200185],[111.3697372,32.6184292],[111.3685638,32.6178271],[111.370157,32.6170635],[111.3659862,32.6160446],[111.3657796,32.6147139],[111.3698928,32.6157328],[111.3699263,32.6148099],[111.368549,32.614471],[111.3697895,32.613408],[111.3737525,32.6161677],[111.3732804,32.6150607],[111.3746497,32.6143231],[111.3724744,32.613704],[111.3716148,32.6127924],[111.3722143,32.6120999],[111.370153,32.6122501],[111.3700443,32.6111001],[111.3713895,32.6108595],[111.3692853,32.6093921],[111.3711414,32.6085956],[111.3748951,32.6095525],[111.3757561,32.6107624],[111.3761249,32.6108245],[111.3754047,32.6096157],[111.379365,32.6078048],[111.3755563,32.6091559],[111.3709764,32.6076749],[111.3699049,32.6086487],[111.3684981,32.6080974],[111.3681333,32.610036],[111.3692048,32.6107872],[111.3679482,32.6130194],[111.3670523,32.6112425],[111.3636285,32.6116932],[111.3642159,32.610594],[111.3664314,32.6102213],[111.365042,32.6096903],[111.3650595,32.6087651],[111.3641985,32.609557],[111.3615565,32.6084894],[111.3591841,32.6101919],[111.3586852,32.609618],[111.3615109,32.6078477],[111.3612293,32.6065],[111.359915,32.6080285],[111.3569739,32.6081415],[111.3562377,32.6067802],[111.3572073,32.6063723],[111.3557804,32.6055634],[111.3561693,32.6046201],[111.3585404,32.605899],[111.3577813,32.6046449],[111.3584103,32.6034892],[111.3596669,32.605995],[111.3608041,32.6054821],[111.3603321,32.6046438],[111.3612977,32.6042868],[111.359742,32.6027684],[111.360957,32.6031864],[111.360772,32.6015392],[111.3613352,32.6011302],[111.3627219,32.6027774],[111.3621962,32.6041829],[111.3638431,32.6060131],[111.3626978,32.6072603],[111.3649267,32.6070343],[111.36608,32.6084239],[111.3675687,32.6071812],[111.3647738,32.6061193],[111.3641864,32.603435],[111.3659084,32.6052064],[111.3696742,32.60576],[111.3664287,32.6043569],[111.3655007,32.6024882],[111.3634059,32.6012545],[111.3657783,32.6013584],[111.3668324,32.6023639],[111.3666554,32.6003518],[111.3678275,32.5999812],[111.3689782,32.6027447],[111.3701288,32.6034756],[111.370208,32.6040755],[111.3710649,32.6047105],[111.371419,32.6031627],[111.370094,32.6026611],[111.3695616,32.6008805],[111.3715263,32.6008873],[111.372233,32.5998083],[111.3690881,32.599823],[111.3711575,32.5984593],[111.3659956,32.5985406],[111.3650353,32.5999168],[111.3629499,32.5988514],[111.3637599,32.597682],[111.3651574,32.5987497],[111.3647322,32.5966696],[111.3656053,32.5963905],[111.3650769,32.5955352],[111.3659231,32.594176],[111.3668512,32.5946878],[111.3667949,32.5974244],[111.3677859,32.5956414],[111.369056,32.5970323],[111.3695562,32.5961318],[111.3712245,32.59669],[111.3703555,32.5950991],[111.3691565,32.5955013],[111.3680005,32.5943308],[111.368781,32.5923173],[111.3679683,32.5916518],[111.3675284,32.5886314],[111.3683358,32.5915817],[111.3692343,32.5917105],[111.3691807,32.593524],[111.3716926,32.5931625],[111.3727681,32.5942144],[111.3717985,32.5947048],[111.3721472,32.5955691],[111.3732362,32.5951014],[111.3733488,32.5981814],[111.3749877,32.5973882],[111.3737538,32.5961928],[111.3748871,32.5955398],[111.3740127,32.5944042],[111.3753149,32.5935489],[111.3732617,32.5929116],[111.3706197,32.5896529],[111.3716,32.5894959],[111.3724892,32.5914642],[111.3742004,32.5907264],[111.3715196,32.586758],[111.3739081,32.5839793],[111.3746658,32.5861636],[111.3728419,32.5864574],[111.374018,32.5896348],[111.3749622,32.5900281],[111.3756166,32.5889998],[111.3760431,32.58888],[111.3742138,32.5922337],[111.3764226,32.592245],[111.3758647,32.593698],[111.3770449,32.5941963],[111.3756756,32.5952471],[111.3773976,32.5951511],[111.3763958,32.5974447],[111.3780454,32.598483],[111.3757065,32.6011957],[111.379585,32.5984107],[111.3780601,32.5967645],[111.37931,32.5948528],[111.3782157,32.5937489],[111.378036,32.5899693],[111.3790297,32.5910586],[111.3791585,32.5933986],[111.3805452,32.593741],[111.3804057,32.5952076],[111.3820848,32.5946426],[111.3832355,32.5958991],[111.3826199,32.6000478],[111.3840026,32.5993428],[111.3839355,32.5975283],[111.3855851,32.5985858],[111.3845028,32.5970978],[111.3854912,32.5966346],[111.3842373,32.5964098],[111.3830504,32.594489],[111.3837437,32.5938483],[111.381661,32.5936449],[111.3826708,32.5927998],[111.3812372,32.5925286],[111.3804057,32.5900812],[111.3835305,32.5920992],[111.3840602,32.5902925],[111.382172,32.5902642],[111.3822779,32.5887546],[111.3796453,32.5875975],[111.3831684,32.5882947],[111.3816744,32.584498],[111.38091,32.5842561],[111.3796547,32.5861523],[111.3782546,32.5855104],[111.3792953,32.5854268],[111.3787508,32.5850788],[111.3797271,32.5836414],[111.3777181,32.5840618],[111.3765702,32.5833521],[111.3776994,32.5831984],[111.3781527,32.582204],[111.3774633,32.5817],[111.3795876,32.5787234],[111.3799283,32.5800727],[111.3789117,32.5815667],[111.3815242,32.5807462],[111.3809046,32.5818107],[111.3820928,32.581865],[111.3807142,32.582812],[111.3817683,32.5837725],[111.3833991,32.5818198],[111.3825032,32.5803168],[111.3832569,32.5787392],[111.3823208,32.5778962],[111.383855,32.5776724],[111.3850942,32.5790647],[111.3854215,32.5766418],[111.3867599,32.5758982],[111.3851479,32.5798038],[111.3836378,32.5800908],[111.3841635,32.5818831],[111.3823718,32.5839759],[111.3825005,32.5857206],[111.3837799,32.5865184],[111.3834098,32.5846584],[111.3841581,32.5841273],[111.3845631,32.5852573],[111.3867894,32.5850584],[111.3857675,32.5829634],[111.3863254,32.5816073],[111.3872346,32.5819305],[111.3872668,32.5869839],[111.3848877,32.5859059],[111.3839516,32.5889072],[111.3847241,32.589549],[111.3857031,32.5879037],[111.3868859,32.588419],[111.3858506,32.5890586],[111.3851264,32.591741],[111.3861296,32.5909501],[111.3868189,32.5916055],[111.3883558,32.5884348],[111.3889137,32.5901524],[111.3879883,32.5911761],[111.3889727,32.590767],[111.3892543,32.5918608],[111.3870469,32.5930133],[111.3897479,32.5928145],[111.3908073,32.5941297],[111.3891068,32.5955443],[111.3913438,32.5945771],[111.3914537,32.5967803],[111.3925803,32.5965883],[111.3922986,32.5945635],[111.3903433,32.5922563],[111.3909253,32.5912235],[111.3900751,32.5906179],[111.3898632,32.5879874],[111.3905954,32.5872574],[111.3893697,32.5866834],[111.3900456,32.5862721],[111.3893911,32.5854946],[111.389485,32.5839872],[111.3901126,32.5859195],[111.3913196,32.5857432],[111.3906571,32.588193],[111.3917756,32.5897546],[111.3927573,32.5877682],[111.3930657,32.5898315],[111.3922128,32.5911173],[111.3945651,32.5914269],[111.3933554,32.5922947],[111.3942084,32.5929455],[111.3937417,32.5935399],[111.3951364,32.5930156],[111.3948467,32.5939511],[111.3963595,32.59495],[111.3956058,32.5956505],[111.3975611,32.5982717],[111.3969281,32.5958471],[111.3975343,32.595081],[111.3962013,32.5923851],[111.3964748,32.5889388],[111.3948145,32.5875241],[111.3938409,32.585515],[111.3931328,32.5832662],[111.3939804,32.5823373],[111.3926688,32.5823373],[111.3929585,32.5813248],[111.3914672,32.5806784],[111.391156,32.5788658],[111.392312,32.5804253],[111.3939884,32.5789223],[111.3952088,32.5796456],[111.3932696,32.5805293],[111.3945651,32.5813587],[111.3941118,32.5830041],[111.395005,32.5842561],[111.39633,32.5806491],[111.3958338,32.5830538],[111.396845,32.5835759],[111.395174,32.5872212],[111.3966385,32.5865523],[111.3962603,32.588236],[111.3978267,32.5902089],[111.3969281,32.5910902],[111.3983899,32.5909637],[111.3977945,32.5923354],[111.3989398,32.5925026],[111.3991544,32.5955691],[111.400128,32.5945522],[111.4013135,32.5952121],[111.399731,32.593567],[111.4007556,32.5925727],[111.3993502,32.5914269],[111.4013699,32.5914699],[111.4009166,32.5903038],[111.3986984,32.589558],[111.4002219,32.5887015],[111.3986447,32.588132],[111.3980252,32.585924],[111.3997847,32.5878834],[111.4014503,32.5882495],[111.3998383,32.5865161],[111.4008227,32.586089],[111.3983738,32.5846516],[111.401276,32.5849861],[111.3984141,32.5835691],[111.3995111,32.582378],[111.3982853,32.5818107],[111.3991705,32.5800004],[111.39817,32.5790511],[111.398972,32.5778419],[111.3999858,32.5801699],[111.3989773,32.5811508],[111.4002943,32.581083],[111.4009541,32.5828007],[111.4011016,32.5793337],[111.4019868,32.5791687],[111.4006966,32.5777809],[111.4012358,32.576748],[111.4019948,32.5778691],[111.4033923,32.5771684],[111.4026225,32.5760993],[111.4030355,32.5752653],[111.4020807,32.5748946],[111.4040494,32.5746098],[111.403124,32.5759388],[111.4047763,32.5771096],[111.402542,32.5799688],[111.4025581,32.582656],[111.4046207,32.5784612],[111.405707,32.5802083],[111.4061174,32.579754],[111.4064366,32.5745443],[111.4076301,32.5771684],[111.4067933,32.5789562],[111.4075685,32.5791958],[111.4057231,32.5821927],[111.4078528,32.5814604],[111.4056346,32.5832436],[111.4062488,32.5841544],[111.4050257,32.5844708],[111.4051223,32.5854811],[111.4033788,32.5859014],[111.4029068,32.5852031],[111.4021477,32.5868597],[111.4028102,32.5880687],[111.4039448,32.5866517],[111.4064097,32.5871806],[111.4056641,32.5882043],[111.4038482,32.5880054],[111.4040977,32.5891942],[111.4020833,32.5904574],[111.405369,32.5893026],[111.4058357,32.5899738],[111.4055648,32.5909682],[111.4030811,32.5916326],[111.4026386,32.5925749],[111.4054629,32.5918201],[111.4030892,32.5939624],[111.404095,32.5950946],[111.4048997,32.5941116],[111.4063829,32.5952505],[111.4059243,32.5934698],[111.4068496,32.5915829],[111.4087379,32.5954403],[111.408805,32.5925568],[111.4068523,32.5897569],[111.4076677,32.5883829],[111.4107281,32.5945251],[111.4117098,32.5948618],[111.4114416,32.5929071],[111.4142632,32.5938517],[111.4143571,32.5926292],[111.4109561,32.5919331],[111.4107335,32.5912145],[111.4126164,32.5903015],[111.4102507,32.5905072],[111.4096498,32.5888642],[111.4117849,32.5892733],[111.411632,32.5884868],[111.4092126,32.5879444],[111.4080968,32.5843646],[111.4090168,32.5826651],[111.4095506,32.5864235],[111.4107871,32.5866902],[111.4104974,32.5826176],[111.4115328,32.5835668],[111.4123696,32.5824978],[111.4127988,32.5852641],[111.4120772,32.5859579],[111.4148909,32.5875331],[111.413539,32.5848302],[111.4137107,32.5816977],[111.410484,32.5813768],[111.4099288,32.5806784],[111.4114872,32.5803688],[111.4108193,32.5792783],[111.41243,32.5788477],[111.4122476,32.5778781],[111.4100616,32.5774023],[111.4098591,32.5761637],[111.4133982,32.5777142],[111.4163943,32.5765547],[111.4159061,32.5777312],[111.4166518,32.5785889],[111.4137322,32.5787415],[111.4138716,32.5800863],[111.4126995,32.5802739],[111.4148587,32.5819757],[111.4153267,32.5852189],[111.4162092,32.5834708],[111.4175557,32.5833476],[111.4160751,32.5820808],[111.4159973,32.5805632],[111.4168288,32.5806152],[111.4170688,32.5819102],[111.419291,32.5822865],[111.4169589,32.5852483],[111.4174671,32.5867286],[111.4164036,32.5873557],[111.4179204,32.5874032],[111.4168677,32.5885975],[111.4184086,32.5879682],[111.418469,32.5901331],[111.4171252,32.5911218],[111.4188619,32.5909637],[111.4194211,32.5868664],[111.4184596,32.5860404],[111.4203116,32.5837476],[111.4206067,32.5854313],[111.4213684,32.5847194],[111.4222455,32.5818605],[111.4228114,32.5845454],[111.4219049,32.5853974],[111.4231843,32.5855873],[111.4230341,32.587045],[111.4242706,32.5864325],[111.4242008,32.5841318],[111.4252442,32.5841612],[111.4252952,32.5861726],[111.4233184,32.588297],[111.4225003,32.587958],[111.422334,32.5889817],[111.4211431,32.5882563],[111.4212692,32.5910563],[111.418646,32.5933907],[111.4209393,32.5934653],[111.4227873,32.5912981],[111.4235008,32.5923309],[111.4232674,32.5900348],[111.4238843,32.5895806],[111.4250404,32.5913523],[111.4258088,32.5881806],[111.4274208,32.5875116],[111.4259456,32.590062],[111.4259711,32.5927828],[111.4276086,32.5916066],[111.4269783,32.5909625],[111.428597,32.5879806],[111.4298066,32.5887117],[111.4304169,32.5871071],[111.4310069,32.5875975],[111.4289966,32.5909343],[111.4300078,32.591506],[111.4315528,32.5893908],[111.4320195,32.5908224],[111.4331272,32.5907603],[111.4324191,32.5885196],[111.4335175,32.588097],[111.4320905,32.5863658],[111.4344013,32.5850799],[111.434534,32.5835883],[111.4358228,32.5843104],[111.4330991,32.5867704],[111.4341961,32.5867195],[111.4351442,32.5880958],[111.4361206,32.5855692],[111.4376454,32.5868224],[111.4376293,32.5840471],[111.438607,32.5843386],[111.4388899,32.5858065],[111.4409539,32.5848629],[111.4367254,32.5876314],[111.4369051,32.5884958],[111.4351657,32.5894959],[111.4360669,32.5904846],[111.4318773,32.5913038],[111.4336261,32.5918992],[111.4334987,32.593167],[111.4323588,32.5937353],[111.4333552,32.594672],[111.4285567,32.5964979],[111.4299461,32.5969476],[111.427559,32.6003314],[111.428833,32.6000207],[111.4307535,32.5971747],[111.4316024,32.5975611],[111.4317459,32.5964561],[111.4338715,32.5966945],[111.4355747,32.5921794],[111.4375421,32.5927162],[111.4372471,32.5947149],[111.4381161,32.5945748],[111.438442,32.5930303],[111.44062,32.5939071],[111.4416446,32.5925354],[111.4383951,32.5922924],[111.4373691,32.5901896],[111.4405999,32.590671],[111.439362,32.5887072],[111.4408547,32.5879964],[111.4418028,32.5887524],[111.4417358,32.5867806],[111.4430876,32.5875648],[111.4441967,32.5846132],[111.4446165,32.5866483],[111.4423218,32.589393],[111.4439526,32.5922371],[111.4436764,32.5933003],[111.4446688,32.5928291],[111.4442115,32.5895354],[111.4458556,32.5899512],[111.4456531,32.5881614],[111.4471149,32.5880303],[111.4465745,32.5848471],[111.4491306,32.5861285],[111.4504972,32.5846268],[111.4512616,32.5861545],[111.4525598,32.5840143],[111.4560494,32.5834877],[111.4547431,32.5843691],[111.4548102,32.5854223],[111.4475334,32.5880653],[111.4476728,32.5913569],[111.4493144,32.5892733],[111.450457,32.59041],[111.4511088,32.5883716],[111.4533859,32.5883648],[111.4513354,32.5895546],[111.4519778,32.5910721],[111.4538164,32.5901919],[111.4546493,32.5907851],[111.4532357,32.5929003],[111.4519174,32.5925342],[111.4494055,32.5950629],[111.445165,32.5952754],[111.4407715,32.5978085],[111.4395323,32.5959861],[111.4384219,32.5975905],[111.4361863,32.5966425],[111.4354889,32.5986288],[111.433889,32.5989327],[111.4353025,32.5996185],[111.4354594,32.6011483],[111.4371036,32.5988999],[111.4384688,32.5990412],[111.4370352,32.6001766],[111.4376964,32.6012703],[111.4406736,32.59991],[111.4380638,32.6021866],[111.4365484,32.6023764],[111.4378962,32.6035581],[111.4399615,32.6022961],[111.4421944,32.6050991],[111.4409579,32.6055499],[111.4399736,32.6047782],[111.4402029,32.6059385],[111.4426021,32.6067225],[111.4402243,32.6079257],[111.4381899,32.6053058],[111.4380585,32.6068705],[111.436024,32.6064446],[111.4374885,32.6076455],[111.4369011,32.6089537],[111.4339547,32.6089119],[111.4359047,32.6107285],[111.4347124,32.6139887],[111.4333753,32.6133888],[111.4343892,32.6145795],[111.4315876,32.6135267],[111.4302546,32.6109296],[111.4297664,32.6119451],[111.4306918,32.6132804],[111.427111,32.6138023],[111.424862,32.613373],[111.4233814,32.6114052],[111.4251168,32.6140463],[111.4313181,32.6144157],[111.4299904,32.615813],[111.4305872,32.6164806],[111.4284414,32.6180711],[111.4277709,32.6168941],[111.4269152,32.6185625],[111.4248539,32.6180937],[111.4261132,32.6194526],[111.4295237,32.6191476],[111.4302023,32.6208453],[111.4294325,32.6199101],[111.4277481,32.6199123],[111.4268388,32.6215671],[111.4249626,32.621784],[111.4224949,32.617669],[111.4211297,32.6172284],[111.423824,32.6212678],[111.4200394,32.6203088],[111.4217694,32.6218789],[111.4192227,32.6221116],[111.4200796,32.6237347],[111.4243175,32.6220381],[111.4248097,32.6239809],[111.4259268,32.6233202],[111.4268549,32.6241391],[111.4266202,32.6227543],[111.4286439,32.6210035],[111.4285366,32.6243401],[111.4308889,32.627907],[111.429112,32.6227181],[111.4310458,32.6233574],[111.4319162,32.6203992],[111.433032,32.6232987],[111.4324003,32.624514],[111.4335765,32.6241752],[111.4331876,32.6254402],[111.4347687,32.626563],[111.4343731,32.6276213],[111.4366516,32.626921],[111.436433,32.6277704],[111.4382905,32.629713],[111.4381617,32.6270509],[111.4356767,32.6261089],[111.4338554,32.6233258],[111.4343879,32.6228751],[111.4322273,32.6173787],[111.4327329,32.6155069],[111.4336194,32.6156583],[111.4336851,32.6184766],[111.4364746,32.6224052],[111.4353481,32.6201145],[111.4366463,32.6208216],[111.4354044,32.6190945],[111.4364344,32.6186608],[111.4349136,32.6182812],[111.434699,32.6161338],[111.4366369,32.6160186],[111.4363928,32.6135481],[111.4372793,32.6133425],[111.4375931,32.6110708],[111.4395297,32.6116593],[111.4401788,32.610742],[111.4395779,32.6096316],[111.4408064,32.6101128],[111.4411511,32.6087244],[111.4426598,32.6097908],[111.4422548,32.6141152],[111.4407863,32.6147602],[111.4425364,32.6148935],[111.4421609,32.6172171],[111.4438359,32.6106505],[111.444544,32.6115],[111.4440452,32.6135685],[111.4457953,32.618044],[111.4453058,32.6122163],[111.4487712,32.6164863],[111.4468011,32.6128952],[111.4489818,32.613617],[111.4476554,32.6119067],[111.445519,32.6113137],[111.4442316,32.6090498],[111.44903,32.6111261],[111.4504999,32.6086724],[111.4469889,32.6084375],[111.447477,32.6059193],[111.4447694,32.6036643],[111.44581,32.6032598],[111.4448377,32.600267],[111.4465302,32.6011754],[111.44638,32.6022882],[111.4473765,32.6022171],[111.4478029,32.6005935],[111.4489214,32.6033107],[111.4492553,32.6003642],[111.4508392,32.601677],[111.4510511,32.5997405],[111.4514548,32.6049511],[111.452525,32.6046122],[111.4526188,32.6016996],[111.4542094,32.6010308],[111.4552742,32.6029943],[111.4548343,32.6068739],[111.4526832,32.6079313],[111.4533001,32.6091187],[111.451503,32.6110979],[111.4530373,32.6112707],[111.4551689,32.6079573],[111.4564651,32.6106325],[111.4567052,32.6086837],[111.458568,32.6106031],[111.4580423,32.608477],[111.4556229,32.6067135],[111.4568098,32.6041772],[111.4577606,32.6061509],[111.4599976,32.6055566],[111.4602457,32.6091458],[111.460817,32.6076105],[111.4625417,32.6100676],[111.4613011,32.6066796],[111.4627683,32.6066423],[111.464159,32.6083358],[111.4647438,32.6123111],[111.4663611,32.6137469],[111.4651407,32.6113645],[111.4654854,32.6088362],[111.4682199,32.6086657],[111.4691949,32.6074196],[111.465189,32.607824],[111.4636695,32.6061475],[111.465354,32.6043117],[111.4638895,32.604036],[111.4632377,32.6054595],[111.4598849,32.6034146],[111.4588818,32.6040947],[111.4571759,32.6025131],[111.4565724,32.599858],[111.4574656,32.5997767],[111.4593056,32.6021967],[111.4599949,32.6014239],[111.4589971,32.6011076],[111.4589676,32.5995869],[111.4613682,32.599971],[111.4590883,32.597569],[111.4610437,32.5975961],[111.460357,32.5962922],[111.459032,32.5963013],[111.4604428,32.5952618],[111.4618912,32.5979554],[111.4632994,32.5976594],[111.4637929,32.5962742],[111.4624947,32.5954787],[111.4635327,32.5942212],[111.4603329,32.5936167],[111.4611778,32.5924416],[111.4603677,32.5914416],[111.4613387,32.5904009],[111.4618765,32.5912891],[111.4633262,32.5909987],[111.4623365,32.5934314],[111.464442,32.5926744],[111.4643991,32.5936585],[111.4652467,32.5934608],[111.4643481,32.5960075],[111.4657509,32.5995959],[111.4658542,32.5953816],[111.4677639,32.5950324],[111.4661559,32.5916134],[111.466797,32.590949],[111.4678095,32.5914936],[111.4695784,32.5944008],[111.4697139,32.5967487],[111.4689656,32.5971724],[111.4700398,32.5973543],[111.469789,32.5986491],[111.4706674,32.6010082],[111.471059,32.6009878],[111.4705065,32.5984661],[111.4713098,32.5975046],[111.4702758,32.5954381],[111.4724176,32.5952234],[111.4706017,32.5948257],[111.4710389,32.5932393],[111.4701229,32.5926382],[111.4723344,32.591471],[111.4698748,32.5914687],[111.470823,32.5905614],[111.470084,32.5888371],[111.4690366,32.5900597],[111.4669633,32.588819],[111.4676808,32.5875772],[111.4695221,32.5876597],[111.4685485,32.5860246],[111.4701779,32.5857986],[111.4713849,32.586915],[111.4706205,32.5883139],[111.4736661,32.5905196],[111.4745003,32.5897637],[111.4735307,32.5892642],[111.4732517,32.5868947],[111.4750367,32.5874924],[111.4751159,32.5863421],[111.473351,32.5841104],[111.471806,32.5847499],[111.4726858,32.5828798],[111.4713246,32.5827871],[111.4715418,32.5812932],[111.4700022,32.5807451],[111.4716276,32.5786692],[111.4733416,32.5788613],[111.4749268,32.5759795],[111.476701,32.5766825],[111.4739598,32.5788432],[111.4742964,32.5802761],[111.4723572,32.579875],[111.472199,32.5821113],[111.4741409,32.5816571],[111.4734542,32.5832493],[111.4750756,32.5850121],[111.4747377,32.5828221],[111.4760359,32.5830527],[111.4755853,32.581526],[111.4767493,32.5807248],[111.4774789,32.5820797],[111.4760976,32.5838188],[111.476815,32.5843646],[111.4784673,32.5831295],[111.4787918,32.5838663],[111.4779831,32.5854641],[111.4770618,32.5854087],[111.4779013,32.5862359],[111.4769009,32.5880732],[111.477896,32.5889388],[111.4797588,32.5848098],[111.4822264,32.5865602],[111.4811254,32.5842889],[111.4820105,32.583386],[111.4802496,32.583612],[111.4796153,32.5822854],[111.4806747,32.5813655],[111.4783949,32.5807056],[111.4805379,32.5798625],[111.4793082,32.5782092],[111.4804655,32.5767005],[111.4811254,32.5785369],[111.4831759,32.5783279],[111.4815572,32.5791754],[111.4824356,32.5797766],[111.4815693,32.5803202],[111.4823109,32.5817305],[111.4835836,32.5810762],[111.4829627,32.5827679],[111.4837445,32.583725],[111.4847611,32.5836979],[111.4852774,32.5814627],[111.4859802,32.5823758],[111.486581,32.581031],[111.4873347,32.5814604],[111.4874902,32.585011],[111.4844915,32.584681],[111.4848107,32.5864393],[111.4873615,32.5876326],[111.4872193,32.5885072],[111.4861116,32.5891309],[111.4835823,32.5873003],[111.4833355,32.5885569],[111.4851567,32.5896213],[111.4821151,32.5898382],[111.4846297,32.5908394],[111.483023,32.5920472],[111.480086,32.5907004],[111.4819783,32.5922518],[111.481525,32.592793],[111.4768445,32.5919602],[111.4756161,32.5925998],[111.4785759,32.5928337],[111.4804709,32.5936788],[111.4801168,32.5944551],[111.4874084,32.5921309],[111.4874259,32.5909354],[111.4892498,32.5917071],[111.4898425,32.5887309],[111.4906794,32.5903196],[111.4897621,32.5906631],[111.4898117,32.5922811],[111.4837807,32.5943274],[111.4810583,32.5964662],[111.4785504,32.596212],[111.4802147,32.5971012],[111.4793497,32.5986819],[111.4781709,32.5989045],[111.4794812,32.5990446],[111.4809671,32.5971634],[111.4896025,32.5947647],[111.4873159,32.5968741],[111.4844084,32.597769],[111.4836158,32.5993281],[111.4822814,32.5990344],[111.4829211,32.600232],[111.4819019,32.6016296],[111.4775473,32.6033107],[111.481576,32.6028656],[111.4804253,32.6047364],[111.4813882,32.604689],[111.4826757,32.6020883],[111.4844701,32.602321],[111.4840302,32.6006195],[111.4852372,32.6016589],[111.4855725,32.5995485],[111.4891881,32.5981452],[111.4873132,32.6005088],[111.4881621,32.6006319],[111.4879677,32.6014262],[111.489754,32.5998264],[111.4900544,32.6012093],[111.4877236,32.6045647],[111.4901993,32.6029153],[111.4907947,32.6049443],[111.4917174,32.6031164],[111.4909744,32.6019165],[111.4920312,32.5972775],[111.4934742,32.5964595],[111.4926776,32.5999326],[111.494759,32.5992276],[111.4950702,32.5948935],[111.4958963,32.5943556],[111.496489,32.5962493],[111.4979804,32.5958041],[111.4954564,32.5977859],[111.4965373,32.5987644],[111.4927286,32.602687],[111.4935869,32.6031706],[111.492683,32.6050596],[111.4934582,32.6069575],[111.4908966,32.6087775],[111.4915565,32.6092113],[111.4932168,32.6080579],[111.4941193,32.6086758],[111.4938766,32.6054482],[111.4955905,32.6035863],[111.495215,32.602852],[111.4995977,32.5988028],[111.5011936,32.598152],[111.4982942,32.6029017],[111.5018561,32.599962],[111.5030551,32.6003235],[111.5025642,32.5990536],[111.5043372,32.5980187],[111.5044069,32.5995123],[111.5057507,32.599318],[111.5047878,32.6008568],[111.5071696,32.6011302],[111.5045732,32.6025763],[111.5073788,32.6029062],[111.4960465,32.6073868],[111.5072206,32.6055205],[111.5073788,32.6088351],[111.5036264,32.6113001],[111.5069845,32.6108279],[111.5073359,32.6117859],[111.5018722,32.6133583],[111.5068451,32.6134261],[111.5086609,32.6157441],[111.5058392,32.6147975],[111.5067002,32.6159429],[111.4990774,32.617913],[111.4984256,32.6200027],[111.4990787,32.6210249],[111.4969182,32.6223047],[111.4965588,32.6258469],[111.4929566,32.624435],[111.4910388,32.6243988],[111.4955503,32.6267414],[111.4941931,32.6283678],[111.4966419,32.626886],[111.4971864,32.6275433],[111.5003595,32.6242723],[111.4994127,32.6263371],[111.5005204,32.6274733],[111.4997157,32.6288919],[111.4961216,32.6292398],[111.4950863,32.6302924],[111.4999759,32.6299943],[111.4998928,32.6314738],[111.4975458,32.6310898],[111.4951721,32.634853],[111.494295,32.6333599],[111.4940053,32.635115],[111.4921278,32.6343018],[111.4928386,32.6362647],[111.4911112,32.6372992],[111.4916879,32.6380671],[111.4890701,32.6391106],[111.4896199,32.6407097],[111.4878255,32.6414822],[111.4860553,32.639481],[111.4852881,32.6401473],[111.4859426,32.6412563],[111.4836547,32.6436843],[111.4826032,32.643472],[111.4822572,32.6437791],[111.484049,32.6439824],[111.4865112,32.6416425],[111.4873803,32.6429073],[111.4890325,32.6431241],[111.4940938,32.6375115],[111.4979374,32.6362895],[111.4985034,32.6346587],[111.5001342,32.6348281],[111.5041253,32.6313473],[111.5031436,32.6355938],[111.5003353,32.6390248],[111.5022451,32.6378729],[111.502862,32.6385053],[111.5069443,32.6310762],[111.5073788,32.6317675],[111.5061048,32.6341595],[111.5075532,32.6342092],[111.5061343,32.6360027],[111.5079099,32.6377938],[111.5068504,32.638887],[111.5077651,32.6410124],[111.5098357,32.6383043],[111.5116569,32.6433026],[111.5103963,32.6438243],[111.5073305,32.6428079],[111.5087655,32.6446035],[111.5058714,32.6455227],[111.5044579,32.6429706],[111.5037391,32.6449468],[111.5026018,32.6443166],[111.5025669,32.6451975],[111.4966929,32.6451365],[111.4961886,32.645884],[111.4981171,32.6454436],[111.5047798,32.6467897],[111.5020359,32.6479099],[111.501765,32.6496375],[111.4986107,32.6493598],[111.4995763,32.6506086],[111.4931524,32.6530251],[111.4962369,32.6521262],[111.4980367,32.6525824],[111.5007994,32.6506041],[111.5029263,32.6508435],[111.5034842,32.6491701],[111.5056998,32.6493756],[111.507808,32.6466971],[111.5101039,32.6462996],[111.5092108,32.6482419],[111.5117589,32.6479505],[111.5117347,32.6462364],[111.5135962,32.6447074],[111.5152752,32.6468642],[111.5168658,32.6469116],[111.5134996,32.6474446],[111.5153611,32.6486077],[111.5134299,32.6487658],[111.5150312,32.6499966],[111.5127861,32.6501005],[111.5128291,32.6508684],[111.5109649,32.6498702],[111.5124455,32.6518959],[111.5101978,32.6507396],[111.5108255,32.6530567],[111.5088433,32.6519456],[111.5082237,32.6503173],[111.5076631,32.6514239],[111.5037686,32.6514758],[111.5034977,32.6530025],[111.5015128,32.652456],[111.5030792,32.6539622],[111.4996514,32.6549062],[111.5019071,32.6556333],[111.4999196,32.6568889],[111.4940858,32.6541677],[111.4929271,32.6539871],[111.4923558,32.6550801],[111.4905828,32.654712],[111.4914411,32.6556288],[111.490548,32.6556085],[111.4902663,32.6558321],[111.4931256,32.6579615],[111.4918086,32.6588016],[111.4945391,32.6580293],[111.494877,32.6595558],[111.489298,32.6623716],[111.4883754,32.6617507],[111.4845961,32.6621662],[111.4890701,32.6632523],[111.4870021,32.665718],[111.4922324,32.6632365],[111.4918542,32.6646748],[111.492683,32.6655803],[111.4933911,32.6632342],[111.4953196,32.6635391],[111.4961591,32.6621662],[111.4965266,32.6631778],[111.4943942,32.6643113],[111.4959687,32.6650993],[111.4957836,32.6660432],[111.4975029,32.6662057],[111.4958534,32.6668854],[111.4974359,32.6690485],[111.4992973,32.6675266],[111.4993402,32.6690327],[111.4991431,32.6700882],[111.4976826,32.6703151],[111.4958265,32.6692765],[111.4962557,32.6714079],[111.4939302,32.6709338],[111.4939356,32.6724375],[111.4918274,32.6711009],[111.4920044,32.6730336],[111.4888501,32.6719589],[111.4869511,32.6727965],[111.4822626,32.6718798],[111.4898533,32.6739028],[111.4877799,32.6752394],[111.4819394,32.6754844],[111.4809577,32.6747348],[111.4807981,32.6757124],[111.47514,32.6766369],[111.4725101,32.6759077],[111.4699821,32.673773],[111.4686209,32.6755713],[111.4673991,32.6739096],[111.4655095,32.674307],[111.4684197,32.6763954],[111.4681247,32.6776168],[111.464324,32.6757858],[111.461572,32.6772465],[111.4599091,32.6768401],[111.459437,32.6752146],[111.4574495,32.672661],[111.4592734,32.6771675],[111.4566475,32.6783212],[111.4547834,32.6772962],[111.454998,32.676462],[111.450807,32.6747766],[111.4507735,32.6759946],[111.4480054,32.67924],[111.4503242,32.6772228],[111.4521736,32.6768909],[111.4520583,32.67584],[111.4529219,32.6768604],[111.4524512,32.6777827],[111.4535013,32.6773041],[111.4551468,32.6795866],[111.4604509,32.679643],[111.4608867,32.6787603],[111.4637366,32.67832],[111.4643092,32.6767825],[111.4668868,32.6788833],[111.46272,32.6821444],[111.4632779,32.6828454],[111.4604723,32.6842067],[111.460636,32.6851684],[111.4641657,32.6836423],[111.4667125,32.6807391],[111.4715043,32.6808757],[111.4736474,32.6800008],[111.4764583,32.6824187],[111.4706969,32.6860059],[111.455462,32.6924417],[111.4536703,32.6922837],[111.4536971,32.6931956],[111.4520314,32.6931911],[111.4522621,32.6942836],[111.450347,32.6933062],[111.4498723,32.6963986],[111.4485231,32.6950872],[111.4469486,32.6951662],[111.4464524,32.696674],[111.4437246,32.6976085],[111.4464927,32.6982382],[111.447072,32.7005947],[111.4438346,32.7022875],[111.4396396,32.7063501],[111.4429307,32.7047566],[111.4442182,32.7052667],[111.4439017,32.7041473],[111.444996,32.7051674],[111.4482737,32.7036327],[111.4496094,32.6987258],[111.4529514,32.6976446],[111.4533082,32.7017142],[111.4540404,32.7012876],[111.4542711,32.6974573],[111.4557409,32.696972],[111.4555612,32.6984639],[111.4564571,32.6985362],[111.4567977,32.6966469],[111.458289,32.6957553],[111.4588013,32.6972428],[111.4596489,32.695902],[111.4609498,32.6959923],[111.4608586,32.6975837],[111.4620119,32.697938],[111.4623553,32.6963241],[111.4634442,32.6957779],[111.4625242,32.6942723],[111.4643428,32.6958637],[111.4649597,32.6955973],[111.4641711,32.6932046],[111.4659521,32.6937216],[111.4661854,32.6950037],[111.4689106,32.6946335],[111.4685672,32.6930918],[111.4714158,32.693243],[111.4709625,32.6916787],[111.473642,32.6914778],[111.4726469,32.6900286],[111.4744627,32.6903469],[111.4751843,32.6888841],[111.4756617,32.6918864],[111.4774775,32.6882204],[111.4783385,32.6881256],[111.4771235,32.6922633],[111.4798111,32.6920196],[111.4795643,32.6902159],[111.4812836,32.6898096],[111.4818951,32.6859359],[111.4838371,32.6846424],[111.4849046,32.6854415],[111.4857039,32.6846333],[111.4879167,32.6850848],[111.4880776,32.684306],[111.4861733,32.6830553],[111.4854893,32.6813531],[111.4831558,32.6820846],[111.4813748,32.6809693],[111.4792639,32.6819288],[111.4782473,32.6808745],[111.479347,32.6798022],[111.4821097,32.6799579],[111.4835232,32.6811206],[111.4840275,32.680134],[111.4827856,32.6789533],[111.4827964,32.6774497],[111.4858246,32.6786282],[111.486538,32.6774474],[111.4880991,32.6785176],[111.4881447,32.6775784],[111.4913741,32.6764879],[111.4924926,32.6789262],[111.4940724,32.6770207],[111.5013733,32.6767159],[111.5053484,32.6729387],[111.5042353,32.6699178],[111.5069282,32.6700352],[111.5075049,32.671426],[111.5102863,32.6699223],[111.5108791,32.6708683],[111.5142184,32.6676102],[111.5144008,32.6694549],[111.512526,32.6710309],[111.5155461,32.6711912],[111.5091839,32.6744334],[111.5062925,32.6744379],[111.5081808,32.6759212],[111.5034789,32.6784792],[111.5037954,32.6794116],[111.5060699,32.6786485],[111.5059251,32.6800821],[111.5099162,32.6767904],[111.5105787,32.6779193],[111.5115309,32.6758287],[111.5126386,32.6770636],[111.5116489,32.678504],[111.5067646,32.6801498],[111.5035781,32.6845995],[111.5015128,32.6853919],[111.4997774,32.6842202],[111.4939249,32.6839132],[111.4946115,32.6853422],[111.4937854,32.6865138],[111.4967707,32.6876832],[111.489526,32.6891076],[111.4888716,32.6899722],[111.4908591,32.690532],[111.4910603,32.6921279],[111.4878899,32.6929044],[111.4864978,32.6945319],[111.4839739,32.6946132],[111.4839819,32.6960894],[111.4818361,32.6954709],[111.4797226,32.696595],[111.4777029,32.7002877],[111.4734516,32.7006985],[111.4720622,32.7019331],[111.4709651,32.7013282],[111.4709517,32.7021927],[111.4691654,32.7024996],[111.4676312,32.7015517],[111.4666092,32.7035311],[111.4653888,32.7027479],[111.4642194,32.7037207],[111.4658475,32.7044542],[111.463581,32.7042443],[111.4646566,32.7049643],[111.4639458,32.70519],[111.4642328,32.7065216],[111.4669365,32.7047837],[111.470823,32.7042962],[111.4653687,32.7081985],[111.4615372,32.7154812],[111.4596221,32.7146914],[111.4585277,32.7159371],[111.4547619,32.7171241],[111.4562961,32.7173227],[111.4565322,32.7187218],[111.4581683,32.7165554],[111.4593458,32.7160499],[111.4604294,32.716921],[111.4645225,32.7150727],[111.4669767,32.7180899],[111.4676392,32.7139557],[111.4703777,32.7102116],[111.476233,32.7073386],[111.4742777,32.7094601],[111.4730197,32.7095143],[111.4711153,32.7128498],[111.4705735,32.71802],[111.4713487,32.718521],[111.4693183,32.7196244],[111.4695758,32.7229754],[111.4683124,32.7241872],[111.4693746,32.7253064],[111.4665288,32.7269852],[111.468873,32.7300404],[111.4662498,32.7296861],[111.4684251,32.7317619],[111.4668265,32.7329623],[111.4682749,32.7333797],[111.4689508,32.7351621],[111.4627629,32.740719],[111.4566046,32.7417545],[111.4621568,32.7429412],[111.4611322,32.74672],[111.4646164,32.7457815],[111.4651903,32.7436519],[111.4668426,32.7430427],[111.4648819,32.74249],[111.4652762,32.7416417],[111.4700532,32.7413936],[111.4701095,32.7427698],[111.4714077,32.7420523],[111.4733684,32.7443196],[111.4721319,32.741186],[111.4746237,32.7362947],[111.4748463,32.7333436],[111.4768258,32.7400625],[111.4777511,32.7397421],[111.4761043,32.7316514],[111.4766407,32.7309406],[111.4802322,32.7353787],[111.4789098,32.7308594],[111.4770806,32.7292484],[111.4779469,32.7249476],[111.4792988,32.724907],[111.4787757,32.7297809],[111.4804736,32.7306405],[111.4827427,32.7338197],[111.4807498,32.7276915],[111.481517,32.727274],[111.482622,32.7282217],[111.4837459,32.7319018],[111.4849502,32.7303495],[111.4824986,32.7257532],[111.4838102,32.7254914],[111.486243,32.7273417],[111.4871013,32.7293702],[111.4880696,32.7278584],[111.4849663,32.7247265],[111.4852452,32.7239435],[111.481517,32.7238047],[111.4826328,32.7228807],[111.4813694,32.7216576],[111.4829345,32.7204007],[111.4839658,32.7212537],[111.4834173,32.7233015],[111.4858957,32.7227724],[111.4889172,32.7257442],[111.4891747,32.7240225],[111.485956,32.7209761],[111.485272,32.7187737],[111.4910924,32.7227701],[111.4890915,32.7201096],[111.4906391,32.720069],[111.4861223,32.7163997],[111.4869404,32.7144251],[111.4881286,32.7178214],[111.4905131,32.7194326],[111.4927474,32.7193672],[111.4901765,32.7168206],[111.4910616,32.7165317],[111.4903079,32.7152397],[111.4909436,32.7144679],[111.4896052,32.7132493],[111.4895998,32.7124865],[111.4915001,32.7117485],[111.4918354,32.7090809],[111.4917952,32.7156775],[111.4925864,32.7170812],[111.4939758,32.7174107],[111.4943352,32.713326],[111.4957327,32.7129469],[111.4949656,32.7117248],[111.4963938,32.7119968],[111.4968029,32.7112238],[111.4957367,32.7079626],[111.4969464,32.7088225],[111.4985946,32.7069854],[111.4989969,32.704057],[111.4998472,32.7037162],[111.5007511,32.7049778],[111.5015611,32.7043278],[111.4983223,32.7086059],[111.4986804,32.7124481],[111.4975351,32.7154361],[111.4984229,32.7162496],[111.4984363,32.7189475],[111.5002763,32.7150321],[111.5026742,32.7160431],[111.5012124,32.7126084],[111.5029156,32.7127618],[111.5023658,32.7105908],[111.5035889,32.7075011],[111.5045947,32.7073251],[111.5040623,32.7105208],[111.5054637,32.7133034],[111.5073372,32.7060172],[111.5089868,32.7081026],[111.5081567,32.712227],[111.5102287,32.7109598],[111.5099604,32.7091238],[111.5121075,32.7096971],[111.5122484,32.7086375],[111.5105505,32.7079209],[111.5113726,32.7072528],[111.5098371,32.7056278],[111.5104513,32.7039859],[111.5121357,32.704672],[111.5122497,32.7064087],[111.5137491,32.7054879],[111.5147576,32.7094014],[111.5131,32.7103312],[111.5139502,32.7114439],[111.5127191,32.7125249],[111.5120351,32.7117733],[111.5104043,32.7122518],[111.5102568,32.7132087],[111.5114719,32.7141362],[111.5086234,32.7161627],[111.5118259,32.7159235],[111.5130624,32.7143551],[111.5138081,32.7147591],[111.5159941,32.7134456],[111.5164098,32.7144251],[111.5074486,32.7189136],[111.5042567,32.7183856],[111.5037981,32.7193672],[111.5063596,32.7209603],[111.5048629,32.7212492],[111.5019742,32.7241985],[111.5068021,32.7218878],[111.5075666,32.7226528],[111.5086234,32.7205542],[111.5126225,32.7191528],[111.5142345,32.7200916],[111.5135747,32.722391],[111.5013143,32.7275425],[111.5099001,32.7259134],[111.5044042,32.7307737],[111.510458,32.7288287],[111.5120995,32.7262902],[111.5133065,32.7270348],[111.5137222,32.7253696],[111.5146637,32.7280232],[111.5067404,32.7332375],[111.5066788,32.7339099],[111.5089264,32.733312],[111.5048012,32.737662],[111.5052116,32.7387381],[111.4994556,32.7438165],[111.506829,32.7400467],[111.5079904,32.7405182],[111.5076712,32.7387359],[111.5086555,32.7391668],[111.5087816,32.7375785],[111.5097311,32.7378808],[111.5103695,32.7369558],[111.5124133,32.7381696],[111.5119144,32.735047],[111.5133521,32.7342235],[111.5141487,32.7373484],[111.5157956,32.7366783],[111.5155274,32.739248],[111.5139824,32.7429299],[111.5101817,32.7439361],[111.509259,32.7456168],[111.5111956,32.7467561],[111.5106779,32.7478254],[111.5115201,32.748536],[111.506609,32.7507354],[111.5061611,32.7495804],[111.5046161,32.7500294],[111.5030014,32.7485427],[111.5023711,32.749682],[111.5005982,32.7499978],[111.4962503,32.7495579],[111.4949146,32.7507873],[111.493544,32.7502572],[111.4926052,32.7517348],[111.4917469,32.7502797],[111.4911273,32.7515791],[111.4898586,32.7508933],[111.4898935,32.7498083],[111.4886758,32.7505053],[111.4877424,32.7486307],[111.4874017,32.7508527],[111.4848885,32.7506678],[111.4848804,32.7492601],[111.4836118,32.7507738],[111.4836386,32.7490007],[111.4828634,32.748272],[111.4828634,32.7509136],[111.4800605,32.7498489],[111.4815921,32.7530747],[111.4829868,32.7518769],[111.4849636,32.7519333],[111.4844942,32.7539883],[111.4863771,32.7523664],[111.4874125,32.7527995],[111.4861062,32.7544304],[111.4887294,32.7533409],[111.4884961,32.7542747],[111.4896011,32.7546379],[111.4877129,32.7564312],[111.4805326,32.7560477],[111.4771852,32.7592169],[111.4732531,32.7595011],[111.476815,32.760171],[111.475828,32.7626544],[111.4737144,32.7633378],[111.4770618,32.7639446],[111.4784431,32.7602951],[111.4820078,32.7582357],[111.4827508,32.7585538],[111.4818817,32.7637709],[111.4835501,32.7623499],[111.4829385,32.7616169],[111.4840221,32.7586034],[111.4848107,32.7586823],[111.4845264,32.7605432],[111.4861357,32.7588177],[111.4873749,32.7594741],[111.4894134,32.7583575],[111.4864013,32.7624897],[111.4887106,32.7622574],[111.4886758,32.761256],[111.4913097,32.7590252],[111.4915994,32.7559598],[111.4929217,32.7548251],[111.4921573,32.7571868],[111.4926749,32.7604034],[111.4907008,32.7631596],[111.4929995,32.7614048],[111.4939114,32.7620251],[111.4940777,32.7582199],[111.4952821,32.7573312],[111.4947885,32.7563049],[111.4968243,32.7536251],[111.4963174,32.7567312],[111.4974037,32.7565914],[111.4985865,32.7556034],[111.4990559,32.7528288],[111.500448,32.7533476],[111.4991873,32.7552109],[111.5005204,32.7551883],[111.4981306,32.7566229],[111.4984041,32.7575748],[111.4957836,32.7584523],[111.4951345,32.761177],[111.5032133,32.7562733],[111.4985222,32.7606605],[111.5007457,32.759941],[111.4929378,32.7651039],[111.4968055,32.7636784],[111.4965105,32.7657534],[111.4978918,32.763507],[111.5026125,32.7613687],[111.5020198,32.7633243],[111.5051821,32.7613868],[111.5059599,32.7644678],[111.5070006,32.7595643],[111.5085965,32.7576718],[111.5084732,32.7628867],[111.5104768,32.7596771],[111.5110266,32.7622101],[111.5123677,32.7593229],[111.5140441,32.7612469],[111.5142319,32.758362],[111.5129176,32.7562959],[111.5175229,32.7540785],[111.5171528,32.7524047],[111.5180138,32.7513355],[111.5188077,32.7516648],[111.5183812,32.7550688],[111.515758,32.7584568],[111.5183008,32.7573989],[111.5179628,32.7615853],[111.5190089,32.7588312],[111.5205377,32.7593365],[111.5194246,32.757929],[111.5206611,32.7539792],[111.5215543,32.7538349],[111.5204519,32.7570808],[111.5215141,32.7587094],[111.5217474,32.7569365],[111.5229169,32.7560974],[111.5237564,32.7586327],[111.5257707,32.7582019],[111.5243357,32.7538822],[111.5257412,32.7558154],[111.526739,32.7540988],[111.5313765,32.7560455],[111.5313524,32.7573244],[111.5299147,32.7575523],[111.5291047,32.7598462],[111.5266076,32.7622935],[111.5318245,32.7604823],[111.5321839,32.7617003],[111.5305531,32.7635634],[111.5279889,32.7648761],[111.5241024,32.7650858],[111.5230107,32.7673097],[111.5178126,32.7696575],[111.5240782,32.769344],[111.526731,32.7681803],[111.5255856,32.7715001],[111.5244511,32.7710107],[111.5230671,32.7718046],[111.5233701,32.7731487],[111.5209991,32.7751085],[111.5218896,32.7764932],[111.5180513,32.7795264],[111.5182149,32.780469],[111.5096372,32.7835764],[111.5091196,32.78214],[111.5062952,32.7820971],[111.5042675,32.7802345],[111.5017515,32.7813304],[111.5005821,32.7799278],[111.4983639,32.7802277],[111.5015262,32.7822685],[111.5031597,32.7816484],[111.5037149,32.7834253],[111.5050587,32.7829946],[111.5059411,32.784501],[111.5075263,32.7843679],[111.5070328,32.7863996],[111.5108576,32.7842777],[111.5130946,32.7846498],[111.5173218,32.7830803],[111.5244175,32.7788171],[111.5245584,32.7796132],[111.525477,32.7794373],[111.5262495,32.777702],[111.5273264,32.7788555],[111.5281391,32.7758663],[111.5351611,32.7718362],[111.5326425,32.774715],[111.5300998,32.7755697],[111.5293662,32.7776772],[111.5303238,32.7777414],[111.5312116,32.7760038],[111.5318164,32.7768044],[111.532723,32.7760129],[111.5321785,32.7787551],[111.5353355,32.7759993],[111.5346488,32.7778903],[111.5355648,32.7787461],[111.5340842,32.7789006],[111.5326305,32.7804408],[111.5356292,32.7801296],[111.5359256,32.7822866],[111.5332232,32.7826586],[111.5351933,32.7839147],[111.5325822,32.7858427],[111.5351504,32.7862057],[111.537331,32.7849745],[111.5366283,32.7858111],[111.5372103,32.7868641],[111.5365639,32.7879837],[111.5328947,32.7891032],[111.5282249,32.7894279],[111.5288204,32.7902757],[111.5321839,32.7902171],[111.5309125,32.7929725],[111.5334365,32.7900074],[111.5361764,32.7906151],[111.5386829,32.7899511],[111.5366685,32.7918924],[111.5342331,32.7919781],[111.5353516,32.7927538],[111.5334231,32.7934866],[111.5342197,32.7944335],[111.5327404,32.7951742],[111.5336497,32.7953388],[111.533588,32.7964222],[111.5362072,32.7930739],[111.5392341,32.7929341],[111.5391415,32.7946804],[111.537099,32.7958878],[111.539501,32.7953997],[111.5404867,32.7967423],[111.5417661,32.7959138],[111.5405993,32.7980218],[111.5421161,32.7983984],[111.5418908,32.7993036],[111.5374906,32.7990984],[111.5374008,32.798466],[111.5368509,32.7981628],[111.5371419,32.7992867],[111.5362649,32.7998875],[111.5386534,32.7996485],[111.5398711,32.8006902],[111.5380955,32.8023946],[111.5416306,32.8010577],[111.5436047,32.8009472],[111.5437737,32.801619],[111.5394527,32.8039412],[111.5426177,32.8031904],[111.5421054,32.8058575],[111.5407616,32.8065067],[111.5415555,32.8077489],[111.5399274,32.8079157],[111.5372533,32.8051563],[111.5364164,32.8028184],[111.5328974,32.8012899],[111.5327927,32.7999462],[111.5303841,32.7987467],[111.527946,32.7986453],[111.5264681,32.7960885],[111.527077,32.7988256],[111.5255696,32.7981583],[111.5255508,32.7994299],[111.5225789,32.8003993],[111.518923,32.7957074],[111.5164286,32.7952768],[111.5184966,32.7961967],[111.5201783,32.7995832],[111.5180299,32.8017994],[111.5250385,32.801087],[111.5258673,32.8027891],[111.5273505,32.8016686],[111.5284985,32.8020316],[111.5264869,32.8039119],[111.5270045,32.8043537],[111.5297404,32.8030168],[111.5292549,32.8037293],[111.5306523,32.8038623],[111.5268597,32.8068111],[111.531398,32.8055013],[111.5322429,32.8064909],[111.531284,32.8078515],[111.5330006,32.8069914],[111.5328652,32.8085064],[111.5341929,32.8086552],[111.5324172,32.8095569],[111.5340373,32.8097485],[111.533922,32.8109929],[111.5276214,32.8096719],[111.5315884,32.8122079],[111.531406,32.812873],[111.5353087,32.8134095],[111.5341741,32.8144284],[111.5265378,32.8145163],[111.5347588,32.8161123],[111.532664,32.8179246],[111.5327284,32.8189727],[111.5314972,32.8192703],[111.5292603,32.8181613],[111.5286809,32.8188059],[111.5251484,32.8180395],[111.525996,32.8195475],[111.5308937,32.821317],[111.5287614,32.8237333],[111.5270662,32.8226378],[111.5239629,32.8224214],[111.5251511,32.8238572],[111.5213639,32.8251961],[111.5205243,32.8267738],[111.5240246,32.8292057],[111.5225735,32.832458],[111.5245369,32.8343646],[111.520181,32.8329515],[111.5212002,32.8348356],[111.520417,32.8357101],[111.519253,32.8351219],[111.5173593,32.8360752],[111.5152243,32.835674],[111.5176651,32.8369631],[111.5190786,32.8356718],[111.5205136,32.8365417],[111.5218225,32.835798],[111.5247783,32.83658],[111.5237215,32.8395615],[111.5247032,32.8397643],[111.525524,32.8425339],[111.5242553,32.8436111],[111.5204573,32.8433249],[111.5229812,32.8447018],[111.5209159,32.8465428],[111.5260443,32.8437711],[111.5288177,32.8478836],[111.5274122,32.8491792],[111.5285093,32.8504433],[111.5254086,32.8532374],[111.5268195,32.8524938],[111.5273854,32.8531495],[111.5273559,32.8518133],[111.5294132,32.8506439],[111.5300301,32.849053],[111.5357177,32.8529828],[111.5392274,32.8530909],[111.53831,32.8545285],[111.5402627,32.8529039],[111.5442163,32.8521941],[111.5524265,32.8538435],[111.5536416,32.855236],[111.5531293,32.8580276],[111.5483791,32.8619209],[111.5468904,32.862234],[111.5453213,32.8609138],[111.5457156,32.8625968],[111.5372854,32.861601],[111.5298289,32.8638246],[111.5307811,32.8645906],[111.5309823,32.8696213],[111.5326613,32.8708536],[111.5314597,32.8724868],[111.5290162,32.8712816],[111.5275222,32.8731131],[111.526857,32.8721624],[111.5234801,32.8715948],[111.5240568,32.8702994],[111.5207684,32.8737596],[111.5170053,32.8721219],[111.520012,32.8740998],[111.5226084,32.8736087],[111.5229088,32.8723787],[111.5262884,32.8727797],[111.5261114,32.8738542],[111.5246871,32.8739759],[111.5244645,32.8749107],[111.5281525,32.8743859],[111.528976,32.872453],[111.5319183,32.8739759],[111.5336457,32.8733541],[111.5332139,32.8758434],[111.531575,32.8772152],[111.5319827,32.8812698],[111.5298772,32.8835966],[111.5308294,32.8860878],[111.5282156,32.8866081],[111.5232146,32.8901105],[111.5246227,32.8908357],[111.5252691,32.8895497],[111.5273988,32.8892636],[111.5263179,32.8910249],[111.5297189,32.8891195],[111.5297887,32.8907591],[111.5277716,32.8927276],[111.5297511,32.8924573],[111.5311298,32.8901263],[111.532039,32.8900745],[111.5322912,32.8920902],[111.5348554,32.8900722],[111.5351598,32.8923571],[111.5337771,32.8934371],[111.5317896,32.8932366],[111.5303278,32.8945249],[111.5297002,32.8932051],[111.5282947,32.8951555],[111.5266854,32.8941307],[111.5226781,32.8960991],[111.5165681,32.8952658],[111.5130141,32.8936533],[111.5120271,32.892097],[111.5074164,32.8932771],[111.5086062,32.8903907],[111.5077317,32.8901862],[111.5068075,32.8923425],[111.5054986,32.891597],[111.5059841,32.8901488],[111.5036532,32.889115],[111.5043721,32.8872208],[111.5026474,32.8859797],[111.5028432,32.8825335],[111.502001,32.8808058],[111.5005365,32.8803936],[111.5017891,32.882993],[111.501435,32.8851418],[111.502862,32.8873942],[111.5026179,32.8890474],[111.5047449,32.8906488],[111.5050238,32.8943447],[111.5033796,32.8950091],[111.5037069,32.8932681],[111.5000403,32.8926127],[111.500169,32.8890744],[111.4992356,32.8897524],[111.4955744,32.888856],[111.4999223,32.8908841],[111.499473,32.893285],[111.501034,32.8933492],[111.5025857,32.8957726],[111.4981373,32.8990775],[111.4965856,32.9042211],[111.4955865,32.9038968],[111.4961699,32.9046816],[111.495498,32.9056308],[111.4923182,32.9081945],[111.4880589,32.9054945],[111.4880481,32.9034858],[111.490159,32.9024454],[111.4872676,32.8998263],[111.4849341,32.8987386],[111.4882493,32.9020108],[111.486479,32.9034678],[111.4873776,32.9057895],[111.4905399,32.9089218],[111.4922002,32.9093587],[111.4904031,32.9109867],[111.4878121,32.9116296],[111.4879113,32.9127341],[111.4875492,32.9114844],[111.4844137,32.9121914],[111.4795724,32.9107255],[111.4782259,32.9098091],[111.4789823,32.9086764],[111.4757797,32.9097179],[111.4748919,32.9076698],[111.4735937,32.9070303],[111.4729688,32.9036705],[111.4578813,32.9074829],[111.4559635,32.9073433],[111.4564007,32.9057152],[111.4551857,32.9070123],[111.4563793,32.9078027],[111.4583534,32.908181],[111.460695,32.9071564],[111.4701256,32.9065124],[111.4700103,32.9079355],[111.4720809,32.9101423],[111.472958,32.9089173],[111.4741945,32.9091425],[111.47284,32.910748],[111.4744118,32.9110408],[111.4754927,32.9099622],[111.4797869,32.9123603],[111.4790735,32.9134344],[111.4810261,32.9129773],[111.4814767,32.9136032],[111.480605,32.9140558],[111.4825617,32.9140401],[111.4820977,32.9156984],[111.479744,32.9178903],[111.4797145,32.9192424],[111.4815357,32.919239],[111.4807968,32.9205359],[111.4750126,32.9235754],[111.4766487,32.9243769],[111.4728641,32.9233885],[111.4736581,32.9255206],[111.4725718,32.9262095],[111.4741623,32.92693],[111.4723384,32.9268467],[111.4732397,32.9280602],[111.4712414,32.9291768],[111.4718798,32.92994],[111.4669365,32.9293502],[111.4652359,32.9280984],[111.466687,32.9300368],[111.463742,32.9301752],[111.4625752,32.9319425],[111.4611161,32.9297621],[111.46075,32.9316228],[111.4584982,32.9294695],[111.4571303,32.9298747],[111.4586927,32.9343197],[111.4598635,32.9340113],[111.4589354,32.9352405],[111.4584996,32.9344413],[111.4547203,32.9345516],[111.4545098,32.9318085],[111.4533189,32.9304353],[111.4536944,32.9316937],[111.4520033,32.9346225],[111.452812,32.9355781],[111.4510363,32.9357582],[111.4499219,32.9379305],[111.4493868,32.9368725],[111.4475481,32.9380622],[111.4451019,32.9379733],[111.4426987,32.9366958],[111.4422494,32.9352641],[111.4427751,32.9319211],[111.4435503,32.9315339],[111.4424855,32.9306975],[111.4424385,32.927029],[111.4408734,32.9329589],[111.4358765,32.9310566],[111.4321858,32.9270921],[111.43188,32.9281142],[111.4352274,32.9320472],[111.4347553,32.9329904],[111.4386955,32.9340552],[111.4384568,32.935138],[111.4402834,32.9346923],[111.4399722,32.937558],[111.4411685,32.9383549],[111.4402243,32.9397753],[111.439189,32.9383774],[111.4379391,32.9398878],[111.4388967,32.9401062],[111.4372659,32.9412542],[111.435104,32.9403605],[111.4373115,32.9387263],[111.4366087,32.938195],[111.4343946,32.9384854],[111.4342993,32.9396863],[111.4317781,32.9392148],[111.4309707,32.9370537],[111.4301714,32.9385417],[111.4285219,32.9375692],[111.4239728,32.9387083],[111.4220792,32.9359124],[111.41738,32.93469],[111.4160711,32.9329769],[111.4094782,32.9314618],[111.408231,32.9298657],[111.4027432,32.9303722],[111.4055836,32.9314191],[111.4048567,32.9330287],[111.4074075,32.9331435],[111.4077508,32.9349332],[111.4069569,32.93564],[111.409497,32.9358044],[111.4104572,32.9373531],[111.4100683,32.938078],[111.4083973,32.9374477],[111.4096579,32.9392553],[111.4093038,32.940347],[111.4122945,32.9414252],[111.4127344,32.943109],[111.4142874,32.9439238],[111.4125332,32.943208],[111.408408,32.9439103],[111.4049479,32.946231],[111.40369,32.9461792],[111.4032876,32.9450583],[111.4027432,32.9468612],[111.399039,32.9488397],[111.3892087,32.9436627],[111.3894555,32.9444348],[111.3880634,32.9453779],[111.3915825,32.9477278],[111.3881546,32.9490828],[111.3865292,32.9462557],[111.3867116,32.9437842],[111.38551,32.943145],[111.38529,32.9458776],[111.386379,32.9482049],[111.385231,32.9515586],[111.3905096,32.9535617],[111.390295,32.9545115],[111.386961,32.9551237],[111.3872051,32.9572235],[111.3856575,32.9557021],[111.3849682,32.9523666],[111.3840026,32.9523261],[111.3823423,32.9537553],[111.3825461,32.9550584],[111.3817066,32.9537035],[111.3804325,32.9532061],[111.3818327,32.9549324],[111.3807142,32.9567306],[111.37977,32.9556053],[111.3792577,32.9572842],[111.3783404,32.9567171],[111.3784048,32.9578154],[111.3765165,32.9567238],[111.3759452,32.9579392],[111.3746068,32.9579932],[111.37539,32.9587043],[111.3743573,32.9590082],[111.375111,32.9603292],[111.3768089,32.9595911],[111.3771844,32.9605565],[111.3736331,32.9609931],[111.3755509,32.9618776],[111.3757119,32.9637837],[111.3731557,32.9637837],[111.3710368,32.9653139],[111.3710716,32.9631536],[111.3677242,32.9625999],[111.3682875,32.9601919],[111.3667747,32.9597103],[111.3643688,32.9624064],[111.3653612,32.964101],[111.3631833,32.9662118],[111.3615605,32.9655637],[111.362671,32.9647828],[111.3604608,32.9631446],[111.3597473,32.96571],[111.3585162,32.9630433],[111.3571751,32.9641932],[111.3559359,32.9633336],[111.3524598,32.964236],[111.3520199,32.9651429],[111.3548845,32.9654737],[111.3573146,32.9672132],[111.3498527,32.9693578],[111.3484177,32.97141],[111.3466367,32.9720468],[111.3465348,32.9731809],[111.3436809,32.9746727],[111.3440618,32.9754963],[111.3427448,32.975233],[111.3414252,32.9785226],[111.3393599,32.9786306],[111.3374314,32.9828921],[111.3381019,32.9839316],[111.3363343,32.9859992],[111.3356584,32.9855312],[111.3361573,32.9863974],[111.3321662,32.9869599],[111.3306802,32.9862174],[111.3281053,32.9871174],[111.3255197,32.9891647],[111.3263136,32.9915719],[111.3242,32.9922063],[111.323095,32.990699],[111.3206381,32.9899611],[111.3197744,32.9878778],[111.3175803,32.9864469],[111.314882,32.9862624],[111.3158101,32.988726],[111.3206917,32.9931557],[111.3193184,32.992933],[111.3185835,32.9941005],[111.3118565,32.9960667],[111.3097054,32.9980643],[111.3101184,32.9988471],[111.308839,33.000415],[111.3060871,33.0006782],[111.3045019,33.0030042],[111.3040245,33.0063557],[111.2997919,33.007143],[111.2984186,33.008641],[111.2984025,33.0094103],[111.3014924,33.0081417],[111.3020557,33.0089424],[111.2992233,33.010076],[111.2985313,33.0119114],[111.2971097,33.0124557],[111.2979466,33.0137017],[111.2964928,33.0134048],[111.2953663,33.0111377],[111.2946528,33.0115852],[111.2953716,33.0132586],[111.2941271,33.013713],[111.2928584,33.0116617],[111.2917346,33.0120891],[111.292778,33.014138],[111.2863407,33.0145159],[111.2793401,33.0175746],[111.2782672,33.0195515],[111.2764406,33.0179165],[111.2749359,33.0183393],[111.274555,33.0205388],[111.270875,33.0198889],[111.2665084,33.0266783],[111.2664092,33.0282367],[111.2682277,33.0291744],[111.2672567,33.0318504],[111.2688231,33.0327724],[111.2695634,33.031666],[111.2712264,33.0320393],[111.2697619,33.0339574],[111.2702608,33.0343014],[111.2705183,33.0332716],[111.2739408,33.0310409],[111.2724549,33.033411],[111.2702823,33.0347197],[111.2687615,33.0345465],[111.2646818,33.0382589],[111.2670421,33.0423061],[111.2698853,33.0404849],[111.2702823,33.0416631],[111.2707382,33.0401881],[111.2723449,33.0390504],[111.2711647,33.0411212],[111.2715965,33.0418902],[111.2699819,33.0420386],[111.2688285,33.0436619],[111.2721705,33.0431156],[111.2727392,33.0451931],[111.2749922,33.043898],[111.2834251,33.0421533],[111.2842619,33.0426209],[111.2827599,33.0435428],[111.2840259,33.0448603],[111.2852919,33.0430436],[111.288768,33.0423466],[111.2962353,33.0383893],[111.295833,33.037409],[111.2976864,33.0344521],[111.2986627,33.0351694],[111.298416,33.0341868],[111.3001943,33.033321],[111.2997597,33.0324126],[111.3015461,33.0305124],[111.3033995,33.0322035],[111.3017499,33.0303303],[111.3024715,33.0304944],[111.3029301,33.0289181],[111.3078064,33.0346792],[111.3097107,33.0352897],[111.3120818,33.033031],[111.3117331,33.0314906],[111.3124305,33.0318976],[111.3139406,33.0291609],[111.3149692,33.0297928],[111.314701,33.0285605],[111.316191,33.0280658],[111.3171324,33.0243935],[111.3189241,33.0232308],[111.3185969,33.0224572],[111.3194257,33.0218455],[111.3196161,33.0232106],[111.319879,33.0213237],[111.3218719,33.0210066],[111.3214615,33.0200283],[111.3227731,33.0216408],[111.3326088,33.0207345],[111.3471195,33.0157709],[111.3472456,33.0188476],[111.3481978,33.0165423],[111.3474575,33.0155887],[111.3516873,33.0117506],[111.3520159,33.0122757],[111.3539511,33.0090909],[111.3561009,33.0102537],[111.3542756,33.014824],[111.3555188,33.0136781],[111.3567232,33.0153829],[111.3558675,33.0133149],[111.3568412,33.0123803],[111.3563678,33.0101649],[111.3600665,33.0099546],[111.3637894,33.007919],[111.3637975,33.0099771],[111.3643286,33.0115223],[111.3647228,33.0083508],[111.3639329,33.0077559],[111.3646826,33.0067673],[111.3711789,33.0047992],[111.3753149,33.0008312],[111.379703,33.0015285],[111.3812399,33.0001586],[111.3872413,32.9986537],[111.3917568,32.9934166],[111.3929048,32.9937766],[111.3937819,32.9979923],[111.3949044,32.994754],[111.3958324,32.9950566],[111.3956688,32.9914144],[111.396798,32.992095],[111.3996747,32.9914392],[111.3976684,32.990555],[111.3981432,32.9896259],[111.403462,32.9874953],[111.403745,32.9881174],[111.4063641,32.9863929],[111.4087366,32.9864402],[111.413248,32.9833117],[111.4139253,32.9839754],[111.4140688,32.9827099],[111.4156379,32.9818515],[111.4154287,32.9826896],[111.418933,32.9800504],[111.4213443,32.9794497],[111.4210036,32.9808289],[111.4280015,32.9744972],[111.4283663,32.9753253],[111.4267918,32.9763581],[111.4285621,32.9761646],[111.4277977,32.9786756],[111.4246917,32.9812744],[111.4259014,32.9814994],[111.4247534,32.9864728],[111.4255111,32.9873423],[111.4270614,32.9844468],[111.4270869,32.9814645],[111.4314522,32.9765055],[111.4316896,32.9783708],[111.4302224,32.9808222],[111.4300266,32.9834298],[111.4303994,32.985403],[111.4314884,32.9859992],[111.4328992,32.9846785],[111.4325505,32.9818571],[111.4349243,32.9790177],[111.4371291,32.9786801],[111.437872,32.9795802],[111.4378479,32.9782459],[111.4348291,32.9771726],[111.4368743,32.9759924],[111.4397898,32.9782189],[111.4391072,32.9769521],[111.440447,32.9766146],[111.4380518,32.9756853],[111.4380759,32.9748955],[111.4398301,32.9739505],[111.438835,32.9732844],[111.4421073,32.9724293],[111.441493,32.9717745],[111.4365685,32.9721773],[111.4376387,32.9694748],[111.4370781,32.9690495],[111.4382368,32.9679401],[111.4355814,32.9685027],[111.4352703,32.9677691],[111.440109,32.9636441],[111.4390951,32.9623794],[111.4419007,32.9607906],[111.439704,32.967013],[111.4409888,32.9668644],[111.4408922,32.9686332],[111.442008,32.9668104],[111.4442316,32.9672942],[111.4447224,32.9682371],[111.446203,32.9668622],[111.444599,32.9653589],[111.447418,32.963023],[111.4454225,32.9625189],[111.444878,32.9608198],[111.4462003,32.9598004],[111.4451006,32.9587629],[111.4485928,32.9569962],[111.4456075,32.9609751],[111.4488825,32.9598926],[111.4484587,32.9617425],[111.4499286,32.9619316],[111.4509237,32.9598611],[111.4524874,32.9630815],[111.4536729,32.9630568],[111.454491,32.9619068],[111.4532357,32.9619338],[111.4528307,32.9601064],[111.4538661,32.9603405],[111.4536568,32.9576713],[111.4561084,32.9548783],[111.4546332,32.9548716],[111.4567387,32.953852],[111.457774,32.9528347],[111.4567012,32.9521595],[111.4591393,32.9508293],[111.4588228,32.9534357],[111.4553305,32.9570007],[111.4555961,32.9578311],[111.4572644,32.9579617],[111.4571652,32.957138],[111.4639378,32.9515563],[111.4616203,32.9563863],[111.4629319,32.9570052],[111.4632806,32.9556841],[111.4654398,32.9553825],[111.4683795,32.9560082],[111.4686584,32.9571402],[111.4667031,32.9576106],[111.4694577,32.958297],[111.4687255,32.9593525],[111.4703509,32.9604552],[111.4696884,32.9609819],[111.4704689,32.9625819],[111.4717188,32.9630185],[111.4718342,32.964272],[111.4706004,32.9647558],[111.4726147,32.9650259],[111.4728266,32.9668194],[111.4747176,32.9647896],[111.4738592,32.9687007],[111.4767051,32.9675868],[111.4767574,32.9692565],[111.4728239,32.9704379],[111.473583,32.971851],[111.4756644,32.9703591],[111.4756992,32.9712592],[111.4770189,32.9703951],[111.4770564,32.9715923],[111.4785477,32.9714437],[111.4780086,32.9729131],[111.4757583,32.9723821],[111.4765656,32.9734712],[111.4752191,32.9741012],[111.4773434,32.974162],[111.4753962,32.975197],[111.4774239,32.97553],[111.4788884,32.9737569],[111.4785263,32.975359],[111.4795482,32.9757326],[111.4807552,32.9723506],[111.481576,32.9730706],[111.4823672,32.971941],[111.4824101,32.9726341],[111.4836922,32.9725913],[111.4833274,32.9744905],[111.484234,32.9749765],[111.4806426,32.9784574],[111.4795858,32.9786756],[111.479001,32.9775664],[111.4784539,32.9790019],[111.4766809,32.9798569],[111.4779939,32.9804993],[111.4741677,32.9821811],[111.4779818,32.9814735],[111.4752406,32.9836908],[111.4757489,32.9840744],[111.47825,32.98272],[111.4796729,32.9802462],[111.4833355,32.9785924],[111.480428,32.9846965],[111.4816162,32.9847145],[111.4798138,32.9850756],[111.4805379,32.9863817],[111.4780408,32.9902513],[111.4726925,32.9937541],[111.4700076,32.9916056],[111.4709088,32.9891917],[111.4694296,32.9901129],[111.468578,32.9896664],[111.4681059,32.9912637],[111.4655444,32.9898779],[111.4656919,32.9907597],[111.4633182,32.9904178],[111.463699,32.991131],[111.4623365,32.9929285],[111.4609551,32.9924988],[111.461961,32.9936731],[111.4593565,32.9973265],[111.4571249,32.9966561],[111.4590642,32.9978888],[111.4581603,33.0007547],[111.4565134,32.9994253],[111.4582434,33.0021786],[111.4561003,33.001749],[111.4572993,33.0028175],[111.453968,33.0032876],[111.4562184,33.00349],[111.4558992,33.0041761],[111.4573261,33.0040029],[111.4572456,33.0047362],[111.4527422,33.0064232],[111.4582488,33.0055887],[111.4611027,33.0092146],[111.4595363,33.0104224],[111.4549416,33.0086388],[111.4527664,33.0099051],[111.452879,33.0134948],[111.4514494,33.0142325],[111.4531097,33.0144754],[111.4514762,33.0171406],[111.4532384,33.0155865],[111.4557557,33.0191343],[111.4537923,33.0224662],[111.4539868,33.0242473],[111.4543167,33.0226191],[111.4570069,33.0203972],[111.4598876,33.0211663],[111.4605327,33.0201104],[111.4647049,33.0200913],[111.4660433,33.0184585],[111.4664617,33.0191737],[111.4654827,33.020125],[111.4660433,33.0204961],[111.4712226,33.0146194],[111.4721426,33.0153301],[111.4737144,33.0137377],[111.4792344,33.0133149],[111.4803395,33.0124894],[111.4804065,33.0104561],[111.4766648,33.011014],[111.476174,33.0100445],[111.4739048,33.010861],[111.4733845,33.0098511],[111.4794087,33.0034653],[111.4836788,33.002489],[111.4851379,33.0034585],[111.4845318,33.001479],[111.4885926,32.9987459],[111.4902046,32.9938688],[111.493548,32.9926011],[111.4937478,32.9917406],[111.4953934,32.9920893],[111.4929271,32.9899105],[111.4935856,32.9892817],[111.4946155,32.9899858],[111.4943942,32.9887732],[111.4959151,32.9875763],[111.4956361,32.9848158],[111.4987957,32.984521],[111.4952525,32.9832105],[111.4972951,32.9824905],[111.4983022,32.9776856],[111.5045249,32.9727984],[111.5057319,32.9729739],[111.5069658,32.9752128],[111.5062523,32.9694658],[111.5078643,32.9697336],[111.5087172,32.9690112],[111.5082183,32.9673753],[111.5099001,32.9674293],[111.51115,32.9662006],[111.5106136,32.9653432],[111.5085,32.965944],[111.509538,32.9642473],[111.513108,32.9638489],[111.5131536,32.9616525],[111.5113029,32.9625369],[111.5094897,32.9619991],[111.5109542,32.9607253],[111.5099055,32.960282],[111.5117964,32.957228],[111.5114906,32.9587178],[111.512534,32.9587876],[111.5120727,32.9606938],[111.5142131,32.9600592],[111.5134621,32.9607343],[111.5159176,32.9616728],[111.5157379,32.9606769],[111.5174532,32.9604057],[111.5145966,32.9598251],[111.5143847,32.9587764],[111.5160102,32.9574958],[111.5184429,32.9567182],[111.5195346,32.9571695],[111.5193321,32.957938],[111.5226942,32.9586087],[111.5215047,32.9621431],[111.5225655,32.9621307],[111.5231167,32.9642484],[111.5224716,32.9650957],[111.5242754,32.9669308],[111.5231851,32.9674585],[111.5234184,32.9683609],[111.5249728,32.9678883],[111.523692,32.9699811],[111.5258431,32.9716215],[111.525186,32.9727174],[111.5261945,32.9741935],[111.5263179,32.9705684],[111.528056,32.9703749],[111.52863,32.9689167],[111.5316153,32.9700103],[111.5340131,32.9724676],[111.532841,32.9706337],[111.5349466,32.9690382],[111.5340802,32.9688515],[111.5340936,32.9676183],[111.531516,32.9689775],[111.5269724,32.9665381],[111.5281767,32.965494],[111.5276027,32.9626427],[111.529263,32.9621769],[111.5270689,32.9609008],[111.5278602,32.9595078],[111.5264359,32.9590869],[111.5269992,32.9578019],[111.5259531,32.957426],[111.5255856,32.9557448],[111.5237778,32.9570097],[111.5227666,32.9566451],[111.5241212,32.9525421],[111.5210313,32.9506425],[111.5160477,32.9499403],[111.5189767,32.9465978],[111.5201837,32.9467847],[111.5196553,32.9448399],[111.5232441,32.9475184],[111.5263125,32.9470019],[111.5273385,32.9477615],[111.526971,32.9465911],[111.5279849,32.9456953],[111.5297216,32.9462636],[111.5282652,32.9441196],[111.5320739,32.9441354],[111.5337744,32.9429852],[111.5332541,32.9442907],[111.5339059,32.9450673],[111.5384468,32.9451933],[111.5405819,32.9480204],[111.5416735,32.9471561],[111.5397558,32.9445586],[111.5365827,32.944518],[111.5390101,32.9437122],[111.539678,32.941979],[111.5422583,32.9428253],[111.5427518,32.942562],[111.5387928,32.9409615],[111.5376797,32.9422243],[111.5383691,32.9433273],[111.5353972,32.9442997],[111.5346006,32.9440116],[111.5355581,32.9424719],[111.5350056,32.9420645],[111.5279567,32.9422851],[111.5265191,32.9412497],[111.5251136,32.9428659],[111.5254945,32.9441939],[111.5235391,32.9457538],[111.5217206,32.9448759],[111.5226004,32.944347],[111.5214738,32.942715],[111.5212324,32.9439913],[111.5189043,32.9437437],[111.5176329,32.9461139],[111.5160343,32.9459721],[111.5173513,32.9468815],[111.5150768,32.9489072],[111.51472,32.9507956],[111.5137678,32.9502487],[111.514889,32.9471673],[111.5143526,32.9453396],[111.5132663,32.9476692],[111.5087602,32.9454702],[111.5080574,32.9483715],[111.5066439,32.9487159],[111.5014404,32.9472889],[111.4993536,32.9446418],[111.5012741,32.9445946],[111.5011588,32.9419542],[111.5057588,32.9394736],[111.503039,32.9394691],[111.5030524,32.9385327],[111.5016147,32.9392283],[111.5029237,32.9357616],[111.5051687,32.9358899],[111.502811,32.9342691],[111.5009657,32.9350953],[111.5010112,32.9336928],[111.5053645,32.933121],[111.5060645,32.9348049],[111.5101871,32.9371235],[111.5127861,32.9363019],[111.5107101,32.9366981],[111.5112828,32.9354149],[111.5089466,32.9354205],[111.5074378,32.9343006],[111.5072018,32.9330658],[111.5107276,32.9319076],[111.5038007,32.9317432],[111.5074083,32.9294627],[111.5047958,32.9294515],[111.5042058,32.928157],[111.5028325,32.9288256],[111.5008396,32.9276662],[111.5019205,32.9266058],[111.5034977,32.9282448],[111.5044284,32.9265788],[111.5074405,32.9256872],[111.5038007,32.9257233],[111.5029103,32.924503],[111.5047637,32.9231634],[111.5053537,32.9210763],[111.5094387,32.9190251],[111.5061343,32.9200653],[111.5061718,32.9178183],[111.5130007,32.9161296],[111.509605,32.9168816],[111.5063971,32.9163638],[111.5072232,32.915274],[111.5036023,32.9082035],[111.5057909,32.9038484],[111.506719,32.9033394],[111.5079474,32.9087214],[111.5084732,32.9077171],[111.5098947,32.9079378],[111.508044,32.9056769],[111.5081272,32.904051],[111.5091544,32.9039249],[111.5087736,32.9023463],[111.5094414,32.902031],[111.5097526,32.9034408],[111.511547,32.9048054],[111.5121907,32.9040173],[111.5106189,32.9025828],[111.5110561,32.9015108],[111.5139744,32.9012856],[111.5121612,32.902835],[111.5129927,32.9032133],[111.5155944,32.9019522],[111.5146691,32.903398],[111.5157849,32.9035151],[111.5159941,32.9047807],[111.5174451,32.9037358],[111.5184939,32.9077081],[111.5179843,32.91005],[111.5201247,32.9081315],[111.5188828,32.9067871],[111.5191939,32.9042154],[111.5207416,32.9029026],[111.5218976,32.9037696],[111.5234479,32.9034588],[111.5221739,32.9057648],[111.5258619,32.9048054],[111.5261811,32.9087597],[111.5273747,32.9079468],[111.5273693,32.9090727],[111.5302259,32.9098834],[111.527364,32.9054698],[111.5320954,32.9042672],[111.5325889,32.9025377],[111.5339863,32.901709],[111.5371031,32.9002857],[111.5396136,32.9003218],[111.5398899,32.9012721],[111.5369582,32.9053527],[111.5417299,32.9016437],[111.5426499,32.89918],[111.5433902,32.8998533],[111.5439239,32.8991304],[111.5472418,32.8993399],[111.5493929,32.900842],[111.545139,32.8969009],[111.5442726,32.8977026],[111.5423816,32.8972049],[111.5420786,32.8959054],[111.5461206,32.8935834],[111.5439105,32.8933672],[111.5455869,32.890079],[111.5477407,32.8888424],[111.5481403,32.8905767],[111.5492293,32.8886195],[111.5500393,32.8888109],[111.551469,32.8921105],[111.5532902,32.8927974],[111.5518847,32.8889978],[111.5535799,32.8895497],[111.5537354,32.8882523],[111.5515038,32.8868446],[111.5536684,32.8865405],[111.5528342,32.885286],[111.5536684,32.8830943],[111.5547627,32.8830943],[111.5568361,32.8860067],[111.5573671,32.8857072],[111.5551382,32.8815671],[111.5576085,32.8813734],[111.5590556,32.8841586],[111.5595773,32.8826528],[111.5587994,32.8813532],[111.5612537,32.8821032],[111.5609264,32.8810626],[111.5618652,32.8807653],[111.5630642,32.8817992],[111.562289,32.8802021],[111.5648049,32.8802517],[111.5642229,32.879407],[111.5665135,32.8775171],[111.5702471,32.8765664],[111.5693325,32.8756361],[111.567632,32.8759492],[111.5651643,32.8784519],[111.5564311,32.8802404],[111.5516916,32.8795894],[111.5514851,32.8777288],[111.5523085,32.8768278],[111.5515923,32.8763277],[111.5499482,32.8790466],[111.5509969,32.8802584],[111.5512544,32.8832227],[111.5501761,32.8834164],[111.5493715,32.8820424],[111.5492642,32.8843332],[111.5460831,32.8856103],[111.5456727,32.8869257],[111.5418452,32.884876],[111.5328263,32.8849875],[111.5366431,32.8765935],[111.5385716,32.8769978],[111.5389068,32.8759763],[111.5363789,32.875082],[111.5349868,32.8678641],[111.5334365,32.866001],[111.5341285,32.8645073],[111.5393427,32.8644667],[111.539332,32.8657689],[111.5406194,32.8646627],[111.5452757,32.8649804],[111.5468422,32.8665236],[111.5469092,32.8683192],[111.5477353,32.8665462],[111.5469709,32.8646109],[111.5490657,32.8646064],[111.5487653,32.8639012],[111.5547842,32.8597828],[111.5576836,32.8608597],[111.5585956,32.8624639],[111.5582147,32.861076],[111.559529,32.8603753],[111.556474,32.8597737],[111.5558892,32.8580997],[111.5580967,32.8571511],[111.5582442,32.8549318],[111.5563533,32.8569393],[111.5564096,32.8544721],[111.5532634,32.8510562],[111.549696,32.8497088],[111.5367517,32.8505988],[111.5303627,32.8451209],[111.5279084,32.838428],[111.5322939,32.8381034],[111.5289733,32.8367828],[111.532369,32.836891],[111.530596,32.835514],[111.5335008,32.8353878],[111.5341392,32.8342497],[111.538931,32.8395649],[111.5390812,32.8419334],[111.5402828,32.8412336],[111.5437992,32.8437891],[111.5464479,32.8440483],[111.5420933,32.8413824],[111.5382242,32.8363704],[111.5375724,32.8344277],[111.5381464,32.8334068],[111.5362582,32.8321943],[111.5355621,32.8289601],[111.5381089,32.8287122],[111.5373659,32.8267738],[111.5402707,32.8264222],[111.5386641,32.8299134],[111.5401581,32.8336074],[111.5407884,32.8330552],[111.5398738,32.8298278],[111.541176,32.8280371],[111.5422717,32.8299078],[111.5420531,32.8320151],[111.5430656,32.8307293],[111.5442699,32.8327803],[111.5451282,32.8312116],[111.5469763,32.8317694],[111.5475301,32.8331544],[111.5468904,32.8308296],[111.5433231,32.8292012],[111.5429395,32.8267806],[111.5448573,32.829057],[111.5458363,32.8269271],[111.5467429,32.829581],[111.5477541,32.8287065],[111.5487599,32.830389],[111.5496182,32.8303281],[111.5499321,32.8285882],[111.5484005,32.8279165],[111.5464736,32.8251609],[111.5483166,32.8249679],[111.548304,32.826429],[111.5506308,32.8275345],[111.5501815,32.8249132],[111.5512745,32.8243655],[111.5515521,32.8268967],[111.5529281,32.828498],[111.5516433,32.8299168],[111.5516728,32.8320883],[111.5535477,32.8309029],[111.5539259,32.8294041],[111.5552884,32.8310584],[111.5556103,32.8343804],[111.5564311,32.8306211],[111.5546635,32.8284056],[111.5541351,32.8257077],[111.5559831,32.8253764],[111.5540761,32.8231968],[111.5560368,32.8231472],[111.5560126,32.8222208],[111.55752,32.82161],[111.5576783,32.8231517],[111.5561548,32.8249279],[111.5576327,32.8259264],[111.5565477,32.8278613],[111.5588102,32.8293229],[111.5592782,32.8327036],[111.5615648,32.833098],[111.559875,32.821912],[111.5603819,32.8207399],[111.5630615,32.8202125],[111.5631205,32.8222208],[111.5619269,32.8232487],[111.5633565,32.8238302],[111.5630937,32.8281284],[111.5647486,32.8272381],[111.5648559,32.8215582],[111.5661648,32.8210375],[111.5674093,32.8223516],[111.5667012,32.8256965],[111.5686968,32.8292452],[111.5679672,32.8254102],[111.5684527,32.8238122],[111.5697697,32.8239406],[111.5686914,32.8227145],[111.5715225,32.8223775],[111.5721488,32.8244455],[111.5708747,32.8290976],[111.5721863,32.8311305],[111.571784,32.8283989],[111.5732726,32.8269564],[111.5738735,32.8239992],[111.575641,32.822462],[111.5762392,32.8243148],[111.5753996,32.8251702],[111.5772504,32.826021],[111.5745762,32.8290164],[111.5769929,32.8277768],[111.5767676,32.8307361],[111.5788946,32.8303259],[111.5807815,32.8337471],[111.5801673,32.8309671],[111.5782133,32.8282253],[111.5797663,32.8238685],[111.5816291,32.823944],[111.5809974,32.8262126],[111.5833417,32.8272764],[111.5837333,32.8246596],[111.5849805,32.8256514],[111.5875916,32.8244737],[111.5892103,32.8257348],[111.5868849,32.8282479],[111.5891647,32.8273148],[111.5894195,32.828649],[111.5885317,32.8294897],[111.5896261,32.8297467],[111.588183,32.8317255],[111.5893659,32.8317368],[111.5890896,32.832609],[111.5866408,32.8332918],[111.5887302,32.8337065],[111.5877512,32.8346644],[111.5876546,32.8374927],[111.5903047,32.8327081],[111.5919998,32.8335758],[111.5926275,32.8306031],[111.593526,32.8301433],[111.592496,32.8293477],[111.5935823,32.8274365],[111.5925738,32.8272404],[111.5928984,32.8235439],[111.5922278,32.8226626],[111.595358,32.822764],[111.5951836,32.8256559],[111.5962552,32.8260706],[111.595594,32.8268538],[111.5963919,32.8267727],[111.5956852,32.8283504],[111.5975037,32.8280405],[111.598987,32.8300498],[111.6016424,32.8301828],[111.600654,32.8318765],[111.6009732,32.8332761],[111.6025986,32.8316252],[111.605486,32.8333583],[111.6039571,32.8362983],[111.6040765,32.8379817],[111.6030076,32.838091],[111.6036205,32.8387187],[111.6026844,32.8408686],[111.6014935,32.8411965],[111.6027595,32.8420911],[111.6026348,32.8449339],[111.6037855,32.8445361],[111.6037586,32.8415784],[111.6052955,32.8388156],[111.6075271,32.8368144],[111.6080448,32.8403469],[111.6072267,32.8410466],[111.6083224,32.8408088],[111.6089044,32.8434612],[111.6118361,32.8466555],[111.6103005,32.8413655],[111.6122733,32.8404528],[111.6104722,32.8395423],[111.6104588,32.8385553],[111.6132376,32.8360346],[111.6134468,32.8346914],[111.615622,32.8345562],[111.6162403,32.8369496],[111.6171965,32.8352255],[111.6203682,32.8370701],[111.6205493,32.8350182],[111.617395,32.8341922],[111.6168813,32.8335961],[111.6178992,32.8329279],[111.6157132,32.8321289],[111.6181728,32.8292824],[111.622573,32.8316669],[111.6258439,32.8361743],[111.6312835,32.8318314],[111.6326004,32.8328208],[111.6345209,32.8337043],[111.6312218,32.830966],[111.6290385,32.8325075],[111.6285677,32.8316737],[111.6270684,32.8321943],[111.6230424,32.8274545],[111.6182949,32.8268358],[111.6175546,32.826349],[111.6181058,32.825266],[111.616416,32.8247949],[111.6148053,32.8276945],[111.6115397,32.829661],[111.6051909,32.8291516],[111.6028574,32.8271299],[111.6046625,32.8254643],[111.6016397,32.8248512],[111.6014117,32.8232487],[111.6032678,32.822187],[111.6026294,32.8217069],[111.603485,32.8204852],[111.6073796,32.8192387],[111.6055906,32.8181387],[111.6070256,32.8161776],[111.6094449,32.8162993],[111.6109228,32.8140497],[111.6156569,32.8123477],[111.619707,32.8119284],[111.6202274,32.8110335],[111.6208094,32.8118089],[111.623269,32.8092165],[111.6225207,32.8084883],[111.622982,32.8073409],[111.6241837,32.8070929],[111.6246638,32.809079],[111.6259485,32.8088558],[111.6260263,32.8067795],[111.6271716,32.806155],[111.6259217,32.8052172],[111.6294435,32.8062385],[111.6292182,32.8075979],[111.6304761,32.8070478],[111.6305324,32.8089099],[111.6264702,32.8106254],[111.6289553,32.8113525],[111.6281278,32.8120062],[111.6300765,32.8134658],[111.6295548,32.8156524],[111.6314632,32.81368],[111.6318494,32.8117593],[111.6336679,32.812111],[111.6336626,32.8146166],[111.6373131,32.8141319],[111.6372862,32.8179708],[111.6391745,32.822009],[111.638288,32.8226006],[111.6394924,32.8231878],[111.6388755,32.8240285],[111.6398531,32.8238505],[111.6400154,32.8247633],[111.640934,32.8242359],[111.643572,32.8274455],[111.6450553,32.8269485],[111.6427097,32.8259128],[111.6409904,32.8226671],[111.6413927,32.8209766],[111.6426909,32.8192049],[111.6489726,32.8191395],[111.6456681,32.8186549],[111.6443512,32.8175481],[111.6408482,32.8174287],[111.6403654,32.8159387],[111.6416019,32.8152264],[111.6400167,32.8147665],[111.6394562,32.8114866],[111.6413766,32.8109816],[111.6399792,32.8085379],[111.6434929,32.8071673],[111.6425943,32.80666],[111.6447026,32.8052713],[111.6426721,32.8043267],[111.6441849,32.8012155],[111.6457862,32.8005729],[111.6472936,32.8013169],[111.6461375,32.8042185],[111.6493615,32.8033189],[111.6487192,32.8069802],[111.6501461,32.8065958],[111.6500495,32.8051777],[111.6515489,32.8050323],[111.6534707,32.8062317],[111.6526017,32.8067908],[111.6536692,32.8069238],[111.653173,32.8094374],[111.655131,32.8074355],[111.65681,32.8078684],[111.6579875,32.8092075],[111.6572714,32.8107742],[111.6586286,32.8101363],[111.6670185,32.8154969],[111.6657418,32.8139618],[111.6666591,32.8130668],[111.6607127,32.8104699],[111.6593608,32.8082652],[111.6674986,32.8067096],[111.6588539,32.8065496],[111.6539696,32.8046107],[111.6538811,32.80099],[111.6556084,32.8009494],[111.6563889,32.8022931],[111.6584462,32.8005166],[111.6534492,32.798404],[111.651215,32.7961403],[111.6527009,32.7950153],[111.6522074,32.7944245],[111.6483021,32.7935159],[111.6481224,32.7923953],[111.6525051,32.7917865],[111.6541386,32.7941359],[111.6570166,32.7952565],[111.6575691,32.7937301],[111.6563728,32.7921405],[111.659165,32.7920052],[111.6589612,32.793561],[111.6607448,32.7948777],[111.6604203,32.7962598],[111.6626197,32.796235],[111.6636121,32.7975112],[111.6642237,32.796235],[111.6620269,32.7931168],[111.6659108,32.7941788],[111.6671097,32.7956917],[111.6672063,32.7945576],[111.6686091,32.7941607],[111.6645724,32.7917662],[111.6669783,32.790747],[111.6543826,32.7875],[111.6565257,32.7857209],[111.6542727,32.7855157],[111.6506141,32.7817859],[111.6403949,32.78115],[111.6440105,32.7798037],[111.64956,32.7805547],[111.6521162,32.7817589],[111.6546482,32.7815176],[111.6565043,32.7836734],[111.6573948,32.7822708],[111.6587627,32.7822843],[111.6600662,32.7829337],[111.6605785,32.7845303],[111.6619143,32.7828886],[111.6607287,32.7815897],[111.6610882,32.7802367],[111.6589746,32.7787281],[111.6643712,32.7789085],[111.6653126,32.7801916],[111.6627967,32.7828232],[111.6660851,32.7823745],[111.6638669,32.7843454],[111.6643524,32.7850219],[111.6681182,32.785094],[111.6680887,32.7870964],[111.6706958,32.7864402],[111.6721657,32.7872858],[111.6725653,32.78589],[111.6742685,32.7867108],[111.6747862,32.7856532],[111.6703096,32.7825504],[111.6738608,32.7820385],[111.6703042,32.7797113],[111.6781068,32.7789085],[111.6785091,32.7811703],[111.6801399,32.7799932],[111.6825083,32.7815153],[111.6838521,32.7809538],[111.6813147,32.7772938],[111.6827711,32.7766691],[111.6801265,32.7759948],[111.6721308,32.7766962],[111.6699515,32.7760162],[111.6694178,32.7766905],[111.6647789,32.7749146],[111.6687566,32.7731589],[111.675387,32.7737982],[111.6755104,32.772621],[111.6667664,32.7700297],[111.663588,32.7706679],[111.6612518,32.7689787],[111.6619465,32.7710581],[111.6581605,32.7708585],[111.6572808,32.7716851],[111.6563554,32.7693858],[111.6543196,32.7685219],[111.6545463,32.7712588],[111.6506168,32.7714471],[111.6429336,32.7677562],[111.6425125,32.7661154],[111.6407479,32.7647642],[111.6392344,32.7652471],[111.6391517,32.7668225],[111.6403976,32.767966],[111.6387615,32.7683855],[111.6350439,32.7676593],[111.6348132,32.7663579],[111.6335794,32.7662519],[111.6313371,32.7635318],[111.6286281,32.7641949],[111.6282231,32.7634145],[111.6299477,32.7618153],[111.6293737,32.7610891],[111.6307309,32.7604891],[111.6313237,32.7620003],[111.6339657,32.7626837],[111.6331798,32.7598868],[111.6344485,32.7594109],[111.6357172,32.7600605],[111.63598,32.7617071],[111.6380319,32.7619236],[111.637246,32.7631574],[111.6390109,32.7643753],[111.6414598,32.7600064],[111.6422859,32.760365],[111.6412264,32.7619236],[111.6429055,32.7633401],[111.64518,32.7630356],[111.6462341,32.7635295],[111.645939,32.7643505],[111.6472721,32.7634371],[111.6483638,32.7635453],[111.6484871,32.764496],[111.6512445,32.7639603],[111.6516656,32.765361],[111.6544899,32.7655572],[111.655544,32.7645377],[111.6561368,32.7666331],[111.6572754,32.767145],[111.6585441,32.7670571],[111.6574699,32.7646595],[111.6598476,32.7661526],[111.6621852,32.7653283],[111.6668844,32.7663917],[111.6682631,32.7656113],[111.6561529,32.7614984],[111.6538247,32.7618176],[111.6489351,32.7602319],[111.6490906,32.7569015],[111.6476959,32.7575399],[111.6472909,32.756447],[111.6465184,32.7575568],[111.6447562,32.7561086],[111.6402112,32.755318],[111.6373935,32.7520641],[111.6341829,32.7514144],[111.6359827,32.7510693],[111.6361329,32.7502549],[111.6374847,32.7506926],[111.6363448,32.7494609],[111.639652,32.7490447],[111.6365124,32.7469004],[111.6399644,32.747937],[111.640584,32.7472309],[111.6373399,32.7436677],[111.6375491,32.7424449],[111.6416341,32.7434466],[111.6441473,32.7451995],[111.6438496,32.7466185],[111.6429497,32.7468384],[111.642711,32.7464526],[111.6415912,32.7462767],[111.6415121,32.7464887],[111.6451934,32.7484954],[111.64875,32.7472524],[111.6478381,32.7456191],[111.648699,32.74457],[111.6520223,32.745865],[111.6517246,32.7475141],[111.6535096,32.747699],[111.6545677,32.7463816],[111.6560402,32.7470516],[111.6563675,32.7490864],[111.6534197,32.7512994],[111.6583228,32.7516581],[111.6574967,32.7545206],[111.6581887,32.7555628],[111.6615871,32.7523596],[111.6636497,32.7547124],[111.6654387,32.7547033],[111.6654575,32.7562688],[111.6645509,32.7564876],[111.6651517,32.7572139],[111.6661629,32.7571733],[111.6670105,32.7554748],[111.6733566,32.7574259],[111.6739762,32.7556868],[111.6680324,32.752434],[111.6747165,32.7524656],[111.6685554,32.7489172],[111.6657606,32.7483081],[111.6653153,32.7469952],[111.666576,32.7457431],[111.66428,32.7441301],[111.6662621,32.7438549],[111.6706797,32.7459236],[111.6710821,32.7450122],[111.6719645,32.7460274],[111.6733137,32.744534],[111.6773263,32.7444821],[111.6807434,32.7474937],[111.680848,32.7442587],[111.6828275,32.7443445],[111.6847506,32.7427043],[111.6809982,32.742287],[111.6819262,32.7411477],[111.6798609,32.7402858],[111.6684535,32.7391871],[111.6661119,32.7370979],[111.6650391,32.7348462],[111.6675791,32.7358277],[111.6685206,32.7348011],[111.6666001,32.7327344],[111.6697919,32.7333436],[111.6700923,32.7347244],[111.6734987,32.7357307],[111.6752529,32.7349681],[111.6746628,32.7332849],[111.6785949,32.7327254],[111.6754031,32.7307714],[111.6766047,32.72708],[111.6704008,32.7295778],[111.6681638,32.7292078],[111.6687137,32.7276937],[111.664398,32.7266513],[111.6638106,32.7271319],[111.6666886,32.7290227],[111.6647775,32.7290329],[111.6648996,32.7309],[111.6626465,32.7314483],[111.6600662,32.7336459],[111.6559437,32.7342438],[111.655257,32.7327761],[111.6518064,32.73281],[111.644555,32.7284338],[111.6444021,32.7272176],[111.6560349,32.7294605],[111.6544202,32.7286177],[111.6547045,32.7279837],[111.6527036,32.7276035],[111.6531059,32.7265159],[111.6482578,32.7255174],[111.6471018,32.723218],[111.6462019,32.724652],[111.6449627,32.7242887],[111.6454053,32.7232349],[111.6435117,32.7239931],[111.6433078,32.7229235],[111.6446382,32.7220931],[111.6425273,32.722206],[111.64253,32.7214387],[111.6418447,32.7223944],[111.6396895,32.7211386],[111.6386676,32.7227701],[111.6376483,32.722646],[111.6396493,32.7202089],[111.6381043,32.7194552],[111.6395876,32.7182456],[111.6359103,32.7170067],[111.6342004,32.7170925],[111.6357172,32.7199539],[111.6330966,32.7207234],[111.6333863,32.7191528],[111.6316617,32.7192092],[111.6318521,32.7177266],[111.6309375,32.7172211],[111.6313907,32.7158694],[111.6335472,32.7160115],[111.6332093,32.7154474],[111.6344672,32.7147275],[111.6311279,32.7147297],[111.6301489,32.713669],[111.6288601,32.7158524],[111.6281386,32.7149182],[111.6258708,32.7148087],[111.6274291,32.7133034],[111.6269731,32.7128408],[111.6280648,32.7131861],[111.6298404,32.7119042],[111.6242588,32.7119088],[111.6289124,32.7084874],[111.6281949,32.7078363],[111.6257729,32.7085359],[111.6249199,32.7077166],[111.6224751,32.7086092],[111.6238806,32.7060792],[111.6187857,32.7036992],[111.6233656,32.7024105],[111.6231135,32.7047916],[111.6256066,32.7039712],[111.6271958,32.7050659],[111.6281158,32.7042308],[111.6269973,32.7021814],[111.6281185,32.7012108],[111.6285771,32.706411],[111.6303983,32.7085889],[111.6304332,32.7060476],[111.6314122,32.7054371],[111.6307081,32.7052227],[111.6304238,32.7022886],[111.634482,32.7020076],[111.631667,32.6995982],[111.6312298,32.6987201],[111.6323858,32.6979245],[111.6317193,32.6974426],[111.6342956,32.6992675],[111.6350412,32.7023981],[111.6365272,32.7006037],[111.6383994,32.7013666],[111.6363823,32.696753],[111.6389787,32.6956718],[111.639483,32.6965928],[111.6371521,32.6983556],[111.6402367,32.6989131],[111.6402206,32.701107],[111.6410735,32.7013485],[111.6364051,32.7044249],[111.6373318,32.7056504],[111.6358432,32.707316],[111.6373935,32.7067879],[111.6370247,32.7078295],[111.6380413,32.7075722],[111.6386421,32.7087796],[111.6389666,32.70526],[111.6429162,32.703811],[111.6432434,32.7048402],[111.6414343,32.7062857],[111.6413109,32.708827],[111.6436981,32.7062812],[111.6475135,32.7070655],[111.6473848,32.7083948],[111.6456708,32.7090561],[111.6442761,32.7116989],[111.6453865,32.7117124],[111.6453221,32.7128476],[111.6467598,32.7114326],[111.6480848,32.7153368],[111.6488519,32.7139985],[111.6483423,32.7115793],[111.6489941,32.7107487],[111.6507053,32.7109451],[111.6497236,32.7098415],[111.6504532,32.7081466],[111.6514349,32.7099385],[111.6538703,32.7109722],[111.6514859,32.7122495],[111.6544577,32.7127844],[111.6524783,32.7146282],[111.653983,32.7156166],[111.6551793,32.7151201],[111.6542056,32.7180606],[111.6558605,32.7200916],[111.6568691,32.7199291],[111.6560188,32.7177514],[111.6575047,32.7157452],[111.659216,32.7166818],[111.6590658,32.7177402],[111.6647091,32.7197598],[111.6617614,32.7174355],[111.6654548,32.7175213],[111.6649103,32.7166998],[111.658473,32.7133238],[111.6570407,32.7107262],[111.6607422,32.711999],[111.6614422,32.7110737],[111.6633788,32.7114845],[111.6624668,32.7103154],[111.6651303,32.7096542],[111.6666645,32.7126422],[111.6674799,32.7103177],[111.6665035,32.7074943],[111.6594601,32.7092412],[111.6548145,32.7072844],[111.6547152,32.7058039],[111.661976,32.7066683],[111.6589075,32.7047657],[111.653527,32.7032896],[111.6548467,32.7019692],[111.651864,32.701827],[111.6516495,32.7002967],[111.6536504,32.700132],[111.6513947,32.6958027],[111.6528752,32.6957305],[111.6532239,32.6972676],[111.6555923,32.6979877],[111.6558498,32.6994119],[111.6574377,32.6996805],[111.6573867,32.7007301],[111.6584945,32.7001387],[111.6603291,32.7010416],[111.6567779,32.6960849],[111.6585535,32.6959675],[111.6615039,32.6976243],[111.6612545,32.6957508],[111.6639259,32.6961255],[111.6642344,32.6971751],[111.6653824,32.6969381],[111.6652751,32.6990869],[111.6674718,32.7008294],[111.6670346,32.6982179],[111.6695237,32.6975475],[111.663065,32.6932069],[111.6632098,32.6921099],[111.6562951,32.6903559],[111.6588297,32.6886042],[111.6537738,32.6875477],[111.6512954,32.6855792],[111.6547045,32.684753],[111.6515127,32.6820372],[111.6565016,32.6835655],[111.6554072,32.6817301],[111.657671,32.6787501],[111.6573787,32.6807188],[111.6587949,32.6812041],[111.6578467,32.6846988],[111.6606054,32.6853625],[111.6599885,32.6869179],[111.6613886,32.6865928],[111.6638294,32.6889202],[111.6639018,32.6869495],[111.6628262,32.6860691],[111.6637892,32.6845656],[111.6627511,32.6841976],[111.6634002,32.6832721],[111.6622227,32.6819062],[111.663993,32.6800437],[111.664001,32.6825361],[111.665377,32.6837168],[111.6651142,32.6844753],[111.6672599,32.6854618],[111.6695452,32.6887757],[111.669867,32.6857959],[111.6677991,32.6824571],[111.6710472,32.6811861],[111.6682336,32.6796125],[111.6688049,32.6786846],[111.6680539,32.6774023],[111.6695613,32.6782173],[111.6703901,32.6805562],[111.6742337,32.6797909],[111.6720316,32.6770907],[111.6752422,32.6751197],[111.6745073,32.676427],[111.6760039,32.6775513],[111.6744643,32.6795606],[111.6757867,32.6806736],[111.6747326,32.6831253],[111.6753682,32.683938],[111.6773424,32.6826354],[111.6771224,32.6853083],[111.6799253,32.6876606],[111.6793272,32.6849516],[111.6809687,32.6851932],[111.6800433,32.6837845],[111.6818109,32.6807481],[111.6801882,32.6794297],[111.682865,32.6793529],[111.6836321,32.6783054],[111.6806227,32.6768379],[111.6804135,32.6757],[111.6843456,32.6780254],[111.6869259,32.6777455],[111.6872477,32.676734],[111.6846836,32.6748262],[111.6878271,32.6743295],[111.6878164,32.6725572],[111.6834953,32.6715908],[111.6858315,32.6701594],[111.6819745,32.6681972],[111.6825029,32.6666167],[111.6835919,32.6665015],[111.6836563,32.6653071],[111.6849571,32.6672083],[111.6867328,32.666768],[111.6871136,32.6651919],[111.6853192,32.6640449],[111.6856545,32.6630378],[111.6880792,32.6632455],[111.6894203,32.6639455],[111.6893613,32.6653816],[111.6875321,32.6674996],[111.687119,32.6696942],[111.688959,32.6702271],[111.6891038,32.6714508],[111.691255,32.6711122],[111.6908634,32.6687685],[111.6919041,32.667635],[111.6936046,32.6715637],[111.6948035,32.6713763],[111.6953064,32.6665501],[111.6930762,32.6646003],[111.693339,32.6631168],[111.6959006,32.6623152],[111.6947257,32.6602152],[111.6985506,32.6634442],[111.7034805,32.6650858],[111.7033812,32.6639094],[111.698344,32.6625546],[111.7006212,32.6614865],[111.6967589,32.659951],[111.6969171,32.6592284],[111.697644,32.6584809],[111.7019892,32.6595581],[111.6995671,32.6569679],[111.7039606,32.657336],[111.7026785,32.6549468],[111.7060661,32.6545291],[111.7048886,32.6533751],[111.7058328,32.6515933],[111.7067715,32.6518462],[111.707603,32.6540797],[111.7100733,32.6536099],[111.709545,32.6512794],[111.7084023,32.650428],[111.7111757,32.6506064],[111.711283,32.6479708],[111.7091453,32.6472052],[111.7085364,32.6483028],[111.7044997,32.6485309],[111.7009646,32.650918],[111.6927168,32.6514194],[111.6925263,32.649755],[111.6934866,32.6508909],[111.7000419,32.6494366],[111.7037943,32.6461957],[111.7014876,32.6457463],[111.6992372,32.6466067],[111.6980463,32.6458908],[111.695804,32.6473385],[111.6926832,32.64757],[111.6927382,32.6494851],[111.6914025,32.6475756],[111.6900681,32.6474954],[111.6893908,32.6484756],[111.6878794,32.6478794],[111.6873698,32.6489657],[111.6821676,32.650489],[111.679751,32.650017],[111.6776642,32.651381],[111.6769615,32.6505341],[111.6745207,32.6520156],[111.673075,32.6513991],[111.6729516,32.652535],[111.670205,32.6518914],[111.6689846,32.6528173],[111.6662541,32.6515752],[111.6647521,32.6534044],[111.6625848,32.6530454],[111.6635799,32.6517739],[111.6613752,32.6495314],[111.6621986,32.6532373],[111.6616675,32.6544545],[111.659967,32.6542874],[111.6599643,32.6522821],[111.6586152,32.6502021],[111.658591,32.6527902],[111.6572016,32.6542061],[111.6562548,32.6541971],[111.6563353,32.6530476],[111.6539106,32.6534699],[111.6542861,32.6544433],[111.6530737,32.6550123],[111.6519821,32.6540977],[111.6517112,32.6548994],[111.6499409,32.6544433],[111.650362,32.6562047],[111.648058,32.6559743],[111.6475323,32.654712],[111.6462126,32.6558885],[111.641508,32.6543823],[111.6430825,32.657397],[111.6414544,32.6580316],[111.6415295,32.6566879],[111.6402608,32.656155],[111.6387212,32.6570921],[111.639204,32.6581196],[111.6355509,32.6577493],[111.6355267,32.6594926],[111.634537,32.6597974],[111.6336116,32.6584042],[111.6330644,32.6596235],[111.6317314,32.6595332],[111.6303393,32.6608407],[111.6301757,32.6594248],[111.6287112,32.6598877],[111.6266969,32.6583974],[111.627169,32.655403],[111.625278,32.6559382],[111.625286,32.6570628],[111.6236955,32.6566337],[111.6258064,32.6604771],[111.6226923,32.6601949],[111.6227567,32.6585938],[111.6199779,32.6597184],[111.6187602,32.6580835],[111.617395,32.6590545],[111.6181594,32.6609242],[111.6146028,32.6604997],[111.6162953,32.6626607],[111.6152063,32.6629881],[111.6115826,32.6599419],[111.6101289,32.6606262],[111.6087449,32.6593887],[111.6103783,32.6579999],[111.6096649,32.6569296],[111.6110757,32.6563018],[111.6110596,32.6552178],[111.6133046,32.6543958],[111.6118535,32.6525102],[111.612905,32.6497098],[111.6109228,32.652063],[111.6113198,32.6541497],[111.6078222,32.6529257],[111.6095951,32.654861],[111.6079053,32.6557463],[111.6073796,32.6584087],[111.6038954,32.6613984],[111.6033724,32.6599216],[111.6026777,32.6611929],[111.6011086,32.6611433],[111.5998614,32.6594745],[111.6035736,32.6555972],[111.6005909,32.6565186],[111.5987456,32.6586209],[111.5948912,32.6606736],[111.5931183,32.6603642],[111.5974823,32.6569363],[111.5954921,32.6567466],[111.5983191,32.6543687],[111.5978149,32.6538764],[111.594784,32.6553014],[111.5931746,32.6582754],[111.5880436,32.6608903],[111.5871853,32.6605968],[111.5908894,32.6575077],[111.5919408,32.6544229],[111.5900418,32.655735],[111.5886524,32.6553849],[111.5889367,32.656566],[111.5869331,32.6579232],[111.5844199,32.6575664],[111.5875635,32.6558321],[111.5863672,32.6549717],[111.5875125,32.6532125],[111.5831807,32.6560421],[111.5801015,32.6561347],[111.5841812,32.6544997],[111.5847605,32.6522211],[111.5868621,32.6512376],[111.5897951,32.6515391],[111.5916431,32.650708],[111.5940544,32.6515391],[111.597383,32.6503693],[111.5971765,32.6496195],[111.5920562,32.649432],[111.5919703,32.6480047],[111.5907714,32.6496127],[111.5888697,32.6497188],[111.5876466,32.6481402],[111.5877405,32.6495901],[111.585077,32.6501028],[111.58571,32.6483164],[111.5844065,32.6478082],[111.5827516,32.6487861],[111.5832397,32.6498001],[111.5823922,32.6517875],[111.5812522,32.6520291],[111.5803188,32.6510287],[111.5810832,32.6492062],[111.5788275,32.6498114],[111.578224,32.6505815],[111.5788221,32.6528986],[111.5761936,32.6543439],[111.5753353,32.6539261],[111.5746781,32.6493214],[111.5739164,32.6493485],[111.5737876,32.6562115],[111.5722454,32.6550507],[111.5695578,32.6563176],[111.5696248,32.6523701],[111.5681308,32.6534586],[111.5665242,32.6518643],[111.5675783,32.6549491],[111.5668648,32.6565682],[111.564762,32.656225],[111.5649176,32.6578306],[111.5639546,32.6579186],[111.5627959,32.6567286],[111.5630454,32.6540006],[111.5618411,32.6546736],[111.5608111,32.6587813],[111.5588021,32.6589303],[111.5583301,32.6583025],[111.5597114,32.6566495],[111.5570721,32.6570605],[111.5569943,32.6547391],[111.5611249,32.6525553],[111.5580323,32.652325],[111.5581799,32.6511055],[111.5564579,32.6520495],[111.5560502,32.6500802],[111.5591723,32.6506041],[111.5633056,32.6476434],[111.5589926,32.6490278],[111.5588719,32.6482148],[111.5580055,32.6489916],[111.5566859,32.6480815],[111.5567744,32.6458118],[111.5588906,32.6430135],[111.557968,32.6428441],[111.5579975,32.6397024],[111.5570989,32.6402603],[111.5564847,32.6437091],[111.5543336,32.6451591],[111.554575,32.6464306],[111.5534565,32.6470991],[111.552625,32.6497324],[111.554355,32.6506177],[111.5530193,32.6537793],[111.5536711,32.6550665],[111.5523809,32.6552269],[111.5504417,32.6590568],[111.5506509,32.6548272],[111.5477112,32.6585125],[111.547097,32.6584832],[111.5472954,32.6558795],[111.5453213,32.6582258],[111.5429395,32.6593322],[111.5450263,32.6549897],[111.5444201,32.6546691],[111.539863,32.6583003],[111.538412,32.6579728],[111.5410244,32.6562182],[111.5396538,32.6557508],[111.5435725,32.6538155],[111.545442,32.6507859],[111.5475744,32.6507916],[111.5478024,32.6492931],[111.5492843,32.6499729],[111.549122,32.6484067],[111.550329,32.6481493],[111.5501292,32.6465876],[111.5485856,32.6464136],[111.5500407,32.6431987],[111.5474792,32.6428271],[111.5489437,32.6409186],[111.5474617,32.641594],[111.5469736,32.6408983],[111.5458739,32.6422004],[111.5444496,32.6414641],[111.5415367,32.6424601],[111.5435725,32.63942],[111.5425855,32.6387831],[111.5457424,32.6368294],[111.5424809,32.6374528],[111.5424031,32.6362105],[111.5403351,32.6355916],[111.5412256,32.6375578],[111.5408474,32.6398526],[111.5387955,32.6403043],[111.5395921,32.6416086],[111.5390597,32.6423043],[111.5376677,32.6418277],[111.5377495,32.6437001],[111.5349036,32.6412744],[111.5331843,32.6435713],[111.5321356,32.6426747],[111.5308723,32.6436052],[111.5298986,32.6426905],[111.5241212,32.6433184],[111.5265781,32.6415206],[111.5307194,32.6412134],[111.5363681,32.6392845],[111.5364379,32.6371207],[111.5391362,32.6345029],[111.5392676,32.6306922],[111.5405041,32.6296486],[111.5384763,32.6307374],[111.5381438,32.6341098],[111.5346891,32.6362082],[111.5348607,32.6378909],[111.5315106,32.6379113],[111.5324065,32.6350043],[111.5308213,32.6356887],[111.5303305,32.6338478],[111.5296519,32.6344306],[111.5303519,32.6370484],[111.5294641,32.6383065],[111.5271842,32.6390293],[111.5262401,32.6382365],[111.5274632,32.6364793],[111.522941,32.6380761],[111.5263984,32.6358717],[111.5251324,32.635124],[111.528343,32.630577],[111.5234935,32.6339969],[111.5233862,32.6357926],[111.52197,32.6359191],[111.5199745,32.6383427],[111.5202507,32.639411],[111.5175229,32.6400954],[111.5186468,32.6394088],[111.5178636,32.6381778],[111.5198269,32.6367074],[111.5174076,32.6368632],[111.5189794,32.635971],[111.518333,32.6354515],[111.5211493,32.6316748],[111.5192288,32.6328788],[111.5179494,32.6324722],[111.5177563,32.6339833],[111.5149802,32.6347988],[111.5160075,32.6324203],[111.5133253,32.6326552],[111.5131831,32.628587],[111.5139824,32.6284243],[111.5125984,32.6264432],[111.5153262,32.6259282],[111.5120915,32.624932],[111.5105841,32.6226074],[111.5116516,32.6229666],[111.5114155,32.6213243],[111.5147173,32.620956],[111.5197411,32.6252911],[111.5177536,32.6215637],[111.5211278,32.6226503],[111.5222275,32.6213672],[111.5256366,32.624243],[111.5243357,32.6209922],[111.5293783,32.6210645],[111.5312049,32.6244666],[111.5316233,32.6220585],[111.5303197,32.6203687],[111.5324789,32.6186359],[111.5350807,32.6187172],[111.5379399,32.6174747],[111.5318459,32.6176803],[111.5291288,32.619779],[111.5256178,32.6202037],[111.5235874,32.6193746],[111.5246978,32.6178972],[111.5334552,32.6140542],[111.5275088,32.616388],[111.5262455,32.6158074],[111.5254945,32.6139209],[111.5253013,32.6163496],[111.5225172,32.6183806],[111.5210339,32.6188754],[111.5200093,32.616379],[111.5198645,32.6198965],[111.5172949,32.6193746],[111.515801,32.6179853],[111.5170696,32.6175515],[111.5170147,32.6164354],[111.5155689,32.616885],[111.5149038,32.6150889],[111.5112305,32.6115034],[111.5168323,32.6097016],[111.511551,32.6098451],[111.5109247,32.6091424],[111.5129766,32.6081573],[111.5116864,32.6067881],[111.512939,32.605821],[111.5153718,32.6064763],[111.5146342,32.6056696],[111.5162811,32.6051771],[111.5191859,32.6062435],[111.5216508,32.6048811],[111.5209588,32.6035389],[111.5182096,32.6044145],[111.5140092,32.6035604],[111.5153785,32.602469],[111.5140025,32.6017007],[111.5147911,32.6001009],[111.5210071,32.5988807],[111.5212418,32.5978661],[111.515404,32.598222],[111.5136364,32.5973453],[111.5246925,32.5917953],[111.5236008,32.5913636],[111.513859,32.5945771],[111.5135707,32.5935602],[111.5115818,32.5944506],[111.5105975,32.5938427],[111.5110159,32.5920371],[111.515227,32.5920665],[111.5137598,32.590132],[111.5162596,32.5892371],[111.5192369,32.5915377],[111.5234345,32.5903309],[111.5193737,32.5901614],[111.5191685,32.5872484],[111.5215637,32.5876823],[111.5197062,32.5855319],[111.5172963,32.5852924],[111.5172145,32.5833691],[111.518396,32.5829137],[111.5220183,32.5865647],[111.5228659,32.586437],[111.5217327,32.5852483],[111.5219794,32.5841838],[111.5271051,32.5862913],[111.5261556,32.5847228],[111.5286179,32.583012],[111.5288164,32.5819034],[111.524435,32.5835759],[111.520806,32.5828029],[111.5201488,32.5810468],[111.5245248,32.5820707],[111.5226205,32.5803699],[111.5256809,32.5782092],[111.5274189,32.5796602],[111.5262428,32.577573],[111.5281726,32.577339],[111.5272902,32.5760699],[111.531681,32.5756461],[111.5328437,32.5797224],[111.5328276,32.5771322],[111.5356573,32.5776702],[111.5293005,32.5740041],[111.5260322,32.5752291],[111.5219593,32.5786172],[111.5186092,32.5788805],[111.5174666,32.5805767],[111.5160987,32.5805541],[111.5185596,32.5782183],[111.516442,32.5786737],[111.5146905,32.5770735],[111.5153705,32.5797925],[111.51402,32.5792692],[111.5142721,32.5810457],[111.5115148,32.5810378],[111.5130074,32.5781844],[111.5121666,32.5776532],[111.5112881,32.5793472],[111.5096533,32.5795461],[111.5104674,32.5771865],[111.5097968,32.5764903],[111.5089184,32.5779662],[111.5080225,32.5777877],[111.5082827,32.579076],[111.506483,32.5790308],[111.5058205,32.5781154],[111.5076712,32.5765966],[111.5054825,32.5763344],[111.505048,32.5736469],[111.5068665,32.5733486],[111.507411,32.575098],[111.5089104,32.5758416],[111.5082478,32.5729553],[111.5103748,32.5728016],[111.5101764,32.5742549],[111.5116596,32.576062],[111.5122966,32.5726343],[111.5130825,32.576253],[111.5144303,32.5714974],[111.5144572,32.5748471],[111.5157473,32.573448],[111.5163428,32.5765988],[111.5174559,32.5749262],[111.5208904,32.5770339],[111.5198109,32.5756179],[111.520763,32.5748155],[111.5176436,32.5738413],[111.51667,32.5721438],[111.5186307,32.572397],[111.5194997,32.5711696],[111.5200415,32.5729055],[111.5207389,32.5722433],[111.5234426,32.5743928],[111.5205994,32.5704757],[111.5225494,32.5712781],[111.5227398,32.5703988],[111.5238449,32.5703581],[111.5256165,32.5729123],[111.5249419,32.5703129],[111.5267484,32.5701377],[111.5297122,32.5728027],[111.5292925,32.5706599],[111.5265177,32.5689409],[111.5227103,32.5690573],[111.523696,32.5674512],[111.5218869,32.5683678],[111.5220585,32.5665278],[111.5212566,32.5663843],[111.5205713,32.5677892],[111.5195239,32.566208],[111.5189311,32.5667923],[111.5196057,32.5686854],[111.5167585,32.5680774],[111.5156843,32.5693839],[111.5137115,32.5688064],[111.5123342,32.5698744],[111.5136002,32.5675869],[111.5119252,32.5683825],[111.5114021,32.5665572],[111.5104808,32.5687917],[111.5056407,32.569949],[111.5053028,32.5690256],[111.5086998,32.5683995],[111.5091813,32.5658531],[111.5052411,32.5676004],[111.503491,32.565028],[111.5020439,32.5665708],[111.4989218,32.5638763],[111.5003233,32.5627912],[111.5018119,32.5642832],[111.503841,32.5641645],[111.5030149,32.5636717],[111.5031977,32.5619447],[111.5004717,32.5601557],[111.4966167,32.5596145],[111.4932033,32.5572074],[111.4856422,32.5551829],[111.4836779,32.5558388],[111.4812599,32.5540367],[111.4766943,32.5559787],[111.477841,32.5564794],[111.4770041,32.5569372],[111.4773139,32.5579613],[111.4789045,32.5582168],[111.4756751,32.5597801],[111.4780529,32.5609047],[111.4774816,32.5615886],[111.4755423,32.5612348],[111.4763068,32.5625448],[111.4752875,32.5628534],[111.4764355,32.5642119],[111.4758642,32.564759],[111.4743501,32.5642255],[111.4743206,32.5626013],[111.4729634,32.5626397],[111.4729326,32.5603519],[111.4711422,32.5611274],[111.4682548,32.5583886],[111.4629252,32.5601418],[111.4660647,32.5618677],[111.4673147,32.56076],[111.4669633,32.5624691],[111.4689213,32.561879],[111.4687496,32.5631766],[111.4703536,32.563258],[111.4701363,32.5644109],[111.4724471,32.5658689],[111.4673817,32.5632682],[111.464556,32.5631291],[111.4673683,32.5642718],[111.4671189,32.5652156],[111.4679088,32.5655298],[111.4664537,32.5663583],[111.4637487,32.5659627],[111.4673012,32.5674738],[111.4701055,32.5666262],[111.4680254,32.5683938],[111.4711583,32.5693093],[111.4700653,32.5702462],[111.4677894,32.5688595],[111.4669029,32.5696224],[111.4659575,32.5676004],[111.462881,32.5673427],[111.4633235,32.5681282],[111.4625403,32.568873],[111.4651957,32.5694009],[111.4615305,32.5705243],[111.4622386,32.5717539],[111.4636601,32.5713064],[111.4640424,32.5721947],[111.4653271,32.571086],[111.4665636,32.5713877],[111.466691,32.5724546],[111.4651488,32.5725122],[111.4652963,32.5733621],[111.4642945,32.5737701],[111.463003,32.5726546],[111.4622265,32.5737577],[111.4630446,32.574525],[111.4612314,32.5742244],[111.4614245,32.575358],[111.4598072,32.5756755],[111.4586364,32.5751071],[111.4589113,32.5764463],[111.4573891,32.5765977],[111.4560534,32.5781109],[111.4552233,32.5772746],[111.4563914,32.5765039],[111.4562412,32.575567],[111.4577673,32.575827],[111.4582823,32.5744753],[111.4620374,32.5722851],[111.4598608,32.5720783],[111.4609458,32.5710182],[111.4594612,32.5689759],[111.459264,32.5705808],[111.4575554,32.5710543],[111.4582488,32.572458],[111.4572886,32.5730208],[111.4553949,32.5705175],[111.4556082,32.5689782],[111.4545943,32.5697772],[111.4526913,32.5692697],[111.4544186,32.570652],[111.4549738,32.5736458],[111.4532907,32.5719121],[111.4518973,32.5732514],[111.4526108,32.5718127],[111.4511664,32.5718782],[111.450229,32.5723009],[111.450406,32.5737509],[111.4492527,32.5729553],[111.4494994,32.5743544],[111.4460528,32.574707],[111.4480551,32.5738944],[111.4482133,32.5723235],[111.4503188,32.5707966],[111.4485714,32.5704124],[111.4478579,32.5678739],[111.4465651,32.5685442],[111.4453219,32.5679417],[111.4470117,32.5691432],[111.447174,32.571477],[111.4457443,32.5726603],[111.4444917,32.5705548],[111.4431292,32.5747906],[111.4407702,32.5730016],[111.4420201,32.5728931],[111.4426732,32.5709583],[111.4411175,32.5704452],[111.4409123,32.571607],[111.4394157,32.5720681],[111.4387317,32.5715844],[111.4392896,32.5703593],[111.438273,32.5699072],[111.4373195,32.5709662],[111.4376682,32.5723269],[111.4341357,32.5716465],[111.4320409,32.5698043],[111.4334276,32.5691036],[111.4337844,32.5701457],[111.4353266,32.5705096],[111.434404,32.5686967],[111.4364988,32.5685125],[111.4360321,32.5675066],[111.437231,32.5670557],[111.4371505,32.5656338],[111.4388725,32.5658158],[111.437577,32.5645635],[111.434986,32.5674467],[111.4333954,32.5678717],[111.4308849,32.5669596],[111.4323615,32.566824],[111.4324929,32.5660554],[111.4298831,32.5658734],[111.4318116,32.5653908],[111.4305107,32.5644188],[111.433205,32.5646991],[111.4315635,32.5636152],[111.4330696,32.563544],[111.431876,32.5631156],[111.4329194,32.5625448],[111.4319202,32.5618146],[111.4282912,32.5653874],[111.427331,32.5651681],[111.4289618,32.5638231],[111.4275804,32.5633642],[111.4293748,32.5627607],[111.4294446,32.5611703],[111.4306609,32.5618655],[111.431479,32.560716],[111.4350651,32.5624657],[111.433091,32.5610494],[111.4342712,32.5611093],[111.4338246,32.5603226],[111.4316869,32.5593324],[111.4336985,32.5594082],[111.4329354,32.5584847],[111.4335591,32.5579953],[111.4350718,32.560109],[111.4351711,32.5581479],[111.4372618,32.5603848],[111.4368904,32.5587944],[111.4386338,32.5592918],[111.4382046,32.5581919],[111.4393567,32.558045],[111.4406562,32.5590713],[111.4396664,32.5575409],[111.4405248,32.556614],[111.443207,32.556909],[111.4443134,32.555877],[111.4405838,32.5560623],[111.4415547,32.5537168],[111.4432043,32.5545849],[111.4435141,32.55384],[111.4465624,32.5536467],[111.4453943,32.5529346],[111.4396638,32.553866],[111.4397791,32.5567586],[111.4386982,32.5573408],[111.4373356,32.5563653],[111.4366275,32.5576268],[111.4361501,32.5566744],[111.4343463,32.5570605],[111.4373128,32.5547341],[111.431884,32.5562579],[111.4320369,32.557195],[111.4301527,32.5590747],[111.427504,32.5578754],[111.4270426,32.5571011],[111.4278835,32.5566965],[111.4294808,32.5573758],[111.4297222,32.5584474],[111.4306676,32.5577929],[111.4294606,32.556493],[111.4315836,32.5562794],[111.4309479,32.5554542],[111.4317968,32.553415],[111.4325559,32.5551999],[111.4330441,32.5542616],[111.4339909,32.5551569],[111.4331473,32.5529572],[111.4350557,32.5541034],[111.4341733,32.5526779],[111.4362574,32.5527808],[111.4350611,32.5519025],[111.435556,32.5508693],[111.4382006,32.5509733],[111.4380933,32.5500927],[111.4395377,32.5496405],[111.4404295,32.5503877],[111.4406039,32.5493669],[111.4396195,32.5493138],[111.4374402,32.5503832],[111.4351818,32.5501876],[111.434817,32.5489848],[111.4346682,32.5513034],[111.4334907,32.5514469],[111.433669,32.5522936],[111.4322917,32.5529232],[111.4317687,32.5518595],[111.4307092,32.5534229],[111.4300668,32.5530239],[111.431357,32.5475683],[111.432867,32.5472371],[111.4330696,32.5460162],[111.4351161,32.5460105],[111.4344361,32.5452983],[111.4359663,32.5449863],[111.4380249,32.5424279],[111.4362721,32.5434623],[111.4363365,32.5425048],[111.4355332,32.5427524],[111.4350718,32.5445963],[111.431994,32.5454023],[111.4323708,32.5466673],[111.430492,32.5464299],[111.4295813,32.5449863],[111.4274329,32.5457189],[111.4298978,32.5463361],[111.4303069,32.5483212],[111.4289671,32.5487033],[111.429521,32.5505708],[111.4284977,32.5511112],[111.4276569,32.5499027],[111.4266618,32.5493262],[111.4291106,32.552037],[111.4288867,32.5542074],[111.4236228,32.5484196],[111.4224815,32.549723],[111.4252804,32.550546],[111.4257123,32.5523332],[111.4279854,32.5542729],[111.4239822,32.5526565],[111.428314,32.5552733],[111.4246407,32.5567586],[111.4226532,32.5565642],[111.4219478,32.5600491],[111.4234619,32.56102],[111.4219987,32.5620463],[111.4207193,32.5586124],[111.4233103,32.5558159],[111.4224011,32.5553344],[111.4209151,32.5572402],[111.4213362,32.5557707],[111.420368,32.5564467],[111.4199039,32.5552417],[111.4211699,32.5551106],[111.4205986,32.5544256],[111.4217037,32.5539553],[111.4213496,32.5528498],[111.4202312,32.552947],[111.4200327,32.5543442],[111.4185682,32.5535551],[111.4191422,32.5552055],[111.4169669,32.5556554],[111.4193018,32.5561064],[111.4198235,32.5584135],[111.4190671,32.5589108],[111.4180827,32.5573374],[111.4165029,32.5581332],[111.4186031,32.5592307],[111.4182088,32.5600378],[111.4199911,32.5603938],[111.4195955,32.5611161],[111.4204109,32.5616055],[111.4192468,32.562408],[111.4210492,32.5636807],[111.419853,32.5641034],[111.4188471,32.5614179],[111.4168569,32.5605317],[111.4184716,32.5637146],[111.4174148,32.5636445],[111.4158887,32.5619469],[111.4155883,32.5598671],[111.4142203,32.5622679],[111.415312,32.5629121],[111.4143196,32.5637158],[111.4161006,32.5634897],[111.4152557,32.5651998],[111.4172378,32.5645182],[111.4180599,32.5656587],[111.4169897,32.5669223],[111.4174658,32.565358],[111.4164305,32.5660565],[111.4136383,32.5645182],[111.4130831,32.5664024],[111.412442,32.564325],[111.4135551,32.5634976],[111.4126003,32.5633055],[111.4131179,32.5623651],[111.4123723,32.5615558],[111.4114657,32.5621639],[111.4116427,32.5602898],[111.4105189,32.559962],[111.4091778,32.5617773],[111.4106771,32.5589334],[111.4137188,32.5618519],[111.4143223,32.5615173],[111.4136168,32.5605453],[111.4143705,32.5592974],[111.4127478,32.5592861],[111.4124447,32.5572085],[111.4142337,32.5585582],[111.4158216,32.5564467],[111.4140648,32.5565801],[111.4126378,32.5549885],[111.4117634,32.5556667],[111.4112565,32.5557278],[111.4123052,32.5547195],[111.4121255,32.5534783],[111.4144725,32.5552123],[111.4125171,32.5521647],[111.4129999,32.551335],[111.4115569,32.5513192],[111.4120021,32.5499039],[111.4149472,32.552678],[111.4156204,32.5549862],[111.4160201,32.5534263],[111.4170983,32.5534986],[111.415776,32.5520404],[111.4200085,32.5512807],[111.4194614,32.5503131],[111.418587,32.5511112],[111.4175382,32.5504284],[111.4148292,32.5512016],[111.4149553,32.549515],[111.4136705,32.5486852],[111.4146575,32.5483913],[111.416755,32.5499039],[111.4164868,32.5481788],[111.4154005,32.5476678],[111.4167376,32.5468279],[111.4192978,32.5494472],[111.4191958,32.5472676],[111.420148,32.5465645],[111.4182436,32.5467318],[111.4174685,32.5458455],[111.4179701,32.5452192],[111.419515,32.545538],[111.4202365,32.5430712],[111.4219746,32.5422809],[111.4236349,32.5398649],[111.4243564,32.5403194],[111.4233023,32.5425127],[111.4251155,32.5407536],[111.4264458,32.541701],[111.4276046,32.5406518],[111.4251852,32.5395484],[111.4274919,32.5353312],[111.4259014,32.5316882],[111.427736,32.5304128],[111.4286613,32.5318443],[111.4285809,32.5299651],[111.4297745,32.5295874],[111.4305335,32.5307475],[111.430386,32.5291645],[111.4331165,32.5287303],[111.4301956,32.5278393],[111.4245871,32.5305259],[111.4248526,32.528762],[111.4273632,32.5280203],[111.4283046,32.5263671],[111.4276716,32.5253517],[111.4292192,32.5244516],[111.4276206,32.5241576],[111.4264163,32.5272559],[111.4255366,32.5267109],[111.4254078,32.5275521],[111.4244154,32.5270795],[111.4232191,32.5282622],[111.422731,32.5281718],[111.4237797,32.5267991],[111.4226103,32.525017],[111.4229295,32.5239315],[111.4210063,32.523772],[111.4196706,32.5223201],[111.4223407,32.5263603],[111.4189652,32.5274481],[111.4179808,32.5291917],[111.4160228,32.5270456],[111.4124849,32.5286625],[111.4138663,32.5270478],[111.4134049,32.5250419],[111.409454,32.5207449],[111.4105216,32.5238026],[111.4092931,32.5246755],[111.4114912,32.5247434],[111.4128041,32.5267018],[111.41175,32.5273169],[111.4114684,32.5290085],[111.4132762,32.5297276],[111.4157331,32.5285359],[111.4175597,32.5305485],[111.4202338,32.5279275],[111.4216487,32.5295117],[111.4232272,32.5296767],[111.4230153,32.5323192],[111.4191422,32.5335516],[111.4229161,32.5337551],[111.4213228,32.5353154],[111.4217493,32.5373709],[111.4210492,32.5388384],[111.4197698,32.5383341],[111.4204618,32.5394376],[111.4194936,32.5406744],[111.417101,32.5404528],[111.4183295,32.5415721],[111.4173558,32.5426529],[111.4159825,32.5423273],[111.4165592,32.543286],[111.4144698,32.5446358],[111.4128309,32.5439801],[111.4134157,32.5453209],[111.4083892,32.5485315],[111.4073861,32.5476769],[111.4077616,32.5454204],[111.4087781,32.5448371],[111.4077696,32.5448913],[111.4063078,32.5424403],[111.4073217,32.5413889],[111.4063722,32.5412103],[111.40542,32.5422301],[111.4068791,32.544663],[111.4056185,32.5454227],[111.4070052,32.5467024],[111.4064178,32.5481098],[111.4048728,32.5485745],[111.4068201,32.5494788],[111.4055756,32.5511044],[111.4042264,32.5506251],[111.4036605,32.5519432],[111.4023556,32.5515306],[111.4025594,32.5530284],[111.4001146,32.5498067],[111.4004244,32.5536151],[111.3995741,32.5539463],[111.3989411,32.551838],[111.3983752,32.5537824],[111.3970542,32.5534885],[111.3961208,32.5510773],[111.3968262,32.550347],[111.3955522,32.5488186],[111.3957936,32.5468132],[111.3941064,32.5442763],[111.3937926,32.5453842],[111.3950291,32.547444],[111.3941118,32.5481811],[111.3956246,32.5514164],[111.3952035,32.5538739],[111.3962254,32.5545386],[111.3951901,32.5554316],[111.395182,32.5569169],[111.3960966,32.5570503],[111.3955602,32.5595529],[111.3939267,32.5567722],[111.3949701,32.5548099],[111.3932186,32.5536591],[111.3931704,32.5513079],[111.3912284,32.551222],[111.3896298,32.5490153],[111.3883156,32.5500825],[111.3921082,32.5531166],[111.3924247,32.5555989],[111.3914752,32.5541113],[111.3911453,32.5561618],[111.3896593,32.5544052],[111.3890317,32.555305],[111.3873634,32.5546539],[111.3859096,32.55521],[111.3865077,32.5539146],[111.3837799,32.5536433],[111.3839006,32.5563133],[111.3827446,32.5544052],[111.3818273,32.5550201],[111.3826293,32.5576494],[111.3820741,32.5578257],[111.3818353,32.5566004],[111.3807785,32.5564557],[111.3821813,32.5529379],[111.3799645,32.5534862],[111.3799927,32.55573],[111.3788661,32.5550427],[111.37999,32.5517442],[111.3833562,32.5517623],[111.3846087,32.550711],[111.3813552,32.5506025],[111.3836056,32.5481494],[111.3804191,32.5457799],[111.3808912,32.5451536],[111.3818675,32.5460444],[111.3830236,32.5454227],[111.3836002,32.546786],[111.3840052,32.545902],[111.3845846,32.5477854],[111.3856655,32.5471161],[111.3843378,32.545226],[111.3856012,32.5449637],[111.3875592,32.5472993],[111.3870013,32.5454046],[111.3881975,32.5450292],[111.3862368,32.5444007],[111.3894099,32.5434804],[111.3810655,32.5440525],[111.3799551,32.5436636],[111.3805398,32.5422821],[111.3796869,32.5416331],[111.3813311,32.541502],[111.3818514,32.5402855],[111.3843861,32.5410905],[111.3821518,32.5397315],[111.3822994,32.5381668],[111.3842024,32.5385602],[111.3827486,32.5375732],[111.3841528,32.53668],[111.3860719,32.5384935],[111.3848501,32.5358671],[111.3859458,32.5369887],[111.385573,32.5357168],[111.3875069,32.5356331],[111.3889606,32.5344278],[111.3902253,32.5369277],[111.3896111,32.5344244],[111.3911211,32.5347275],[111.3932803,32.5328709],[111.3939375,32.5332056],[111.3947555,32.5314282],[111.3923013,32.5332554],[111.3877013,32.5336013],[111.3857192,32.5346551],[111.3858855,32.5334657],[111.3874572,32.5333209],[111.3886374,32.5319619],[111.385738,32.5327827],[111.3857031,32.5303925],[111.3877898,32.5273984],[111.3865292,32.5268194],[111.384657,32.5308154],[111.3850567,32.5333797],[111.3830852,32.533278],[111.3846047,32.5340152],[111.379306,32.537242],[111.3802984,32.5343634],[111.3793677,32.5350802],[111.3779354,32.5324548],[111.3781929,32.528667],[111.378952,32.5284816],[111.3776162,32.5272355],[111.3781393,32.5263106],[111.3775626,32.5253902],[111.3772863,32.5321292],[111.3762081,32.5321971],[111.3776672,32.533434],[111.3764575,32.5346336],[111.3783163,32.535641],[111.3757105,32.5357789],[111.3769175,32.5359689],[111.3778925,32.5377598],[111.3764387,32.5394082],[111.3774016,32.5400503],[111.3770717,32.5418072],[111.3781044,32.5439259],[111.3772568,32.5446833],[111.3766909,32.5429446],[111.3729197,32.5430169],[111.3752076,32.5408711],[111.3737029,32.5411063],[111.3724878,32.5370927],[111.3717824,32.5380424],[111.3702509,32.5373889],[111.3726783,32.5365953],[111.3718548,32.5347682],[111.3697144,32.5348631],[111.3724154,32.5336375],[111.3716134,32.530345],[111.3702831,32.5295784],[111.3724047,32.5282668],[111.3713291,32.5264712],[111.3696447,32.5258628],[111.3702884,32.5247411],[111.3690439,32.5232349],[111.3694382,32.5225542],[111.3648409,32.5236171],[111.3688642,32.5246733],[111.367735,32.5260392],[111.370106,32.5277941],[111.3699692,32.528814],[111.36722,32.5291284],[111.3662866,32.5313377],[111.36733,32.5324842],[111.3695106,32.5316792],[111.3700765,32.5333458],[111.3680086,32.534637],[111.369693,32.536048],[111.3652942,32.5368689],[111.3656804,32.5381012],[111.366528,32.5376218],[111.3686737,32.5387027],[111.3676009,32.5395959],[111.3698968,32.5390848],[111.3680997,32.5419293],[111.3693202,32.5427795],[111.3689822,32.54365],[111.3708758,32.5427252],[111.3709509,32.5438942],[111.3676974,32.5449818],[111.3640992,32.540775],[111.3643152,32.5391188],[111.3610978,32.5383251],[111.3608283,32.5353991],[111.3586208,32.53539],[111.3583311,32.5360028],[111.3599271,32.5360345],[111.3599485,32.5378163],[111.3608819,32.5385715],[111.3632771,32.5390283],[111.3612306,32.5410317],[111.3627166,32.5411741],[111.3665172,32.5459472],[111.3643447,32.5477877],[111.3601966,32.5483642],[111.3606432,32.54948],[111.3627769,32.548917],[111.3633321,32.5498779],[111.3636366,32.5490052],[111.3653961,32.5492199],[111.3662638,32.5481957],[111.3663255,32.5495806],[111.3646786,32.5498858],[111.3652512,32.5515724],[111.3667385,32.5503086],[111.3676693,32.5514096],[111.3674037,32.5473117],[111.369587,32.5462355],[111.3686214,32.5481381],[111.3688521,32.5509427],[111.3722143,32.5497501],[111.3724396,32.5516187],[111.3710073,32.5523072],[111.3713962,32.5532827],[111.3702697,32.5528204],[111.3698539,32.5542696],[111.3704051,32.5549919],[111.3735862,32.5545058],[111.3726903,32.5559832],[111.375154,32.5559821],[111.3749018,32.5566648],[111.3721083,32.5566298],[111.3729277,32.5570559],[111.3716899,32.5583705],[111.3721888,32.5594783],[111.3739322,32.5578076],[111.3751392,32.5582304],[111.3743024,32.5593539],[111.3751915,32.5593166],[111.3760954,32.5573193],[111.3773386,32.5579557],[111.3758299,32.5599462],[111.3782318,32.5599191],[111.3784799,32.5612167],[111.3769725,32.5600355],[111.3740288,32.5608426],[111.376133,32.5613546],[111.3753578,32.5618429],[111.3758701,32.5624883],[111.377179,32.5617084],[111.3766533,32.5629325],[111.3735165,32.5623922],[111.3708664,32.5607171],[111.3704976,32.55958],[111.3714793,32.5594873],[111.3704815,32.5589719],[111.3696903,32.5559278],[111.368612,32.5570458],[111.3697962,32.5589007],[111.3688561,32.5595303],[111.3681601,32.5586633],[111.3679509,32.5601519],[111.3699143,32.5598377],[111.3701932,32.560968],[111.3682701,32.5620689],[111.3707578,32.5616055],[111.3693202,32.5631472],[111.3719206,32.562798],[111.3722196,32.5636954],[111.3699639,32.5643419],[111.3713077,32.5655502],[111.3736854,32.5637949],[111.3728379,32.5653795],[111.3734668,32.5662204],[111.3746899,32.5643238],[111.3760981,32.5643724],[111.3761182,32.5654326],[111.3753632,32.5650223],[111.3744405,32.5667516],[111.3715652,32.5662521],[111.3697761,32.5671415],[111.3693188,32.5662803],[111.370499,32.5652642],[111.368836,32.5652925],[111.3664153,32.5616259],[111.3661887,32.5594602],[111.3654685,32.5607985],[111.3643406,32.5609149],[111.3654336,32.5616699],[111.3643259,32.562963],[111.3661055,32.5629155],[111.3648596,32.564204],[111.363591,32.5642809],[111.3632128,32.5616225],[111.3618381,32.5614744],[111.3631792,32.5608007],[111.3633402,32.5591719],[111.3650098,32.559493],[111.3660425,32.5568626],[111.3648355,32.5568468],[111.3693497,32.5554949],[111.3690184,32.5522088],[111.3680971,32.5535111],[111.3687234,32.5543329],[111.3663067,32.5539078],[111.366017,32.5551773],[111.3633281,32.5551298],[111.3640952,32.5528633],[111.361995,32.5502577],[111.3624644,32.5512887],[111.3615149,32.5523162],[111.3627031,32.5527831],[111.3617925,32.5542266],[111.3609557,32.5540604],[111.3618113,32.5553672],[111.3611998,32.5552428],[111.3593464,32.5524688],[111.3590594,32.5513181],[111.3603938,32.5513904],[111.3598976,32.5500327],[111.3586664,32.5501661],[111.3593692,32.5494313],[111.3581219,32.5487101],[111.3585994,32.547964],[111.3570195,32.5465373],[111.3552882,32.5464243],[111.3560204,32.5451559],[111.3549891,32.546023],[111.3540731,32.5453254],[111.3567272,32.5492041],[111.3554773,32.5518494],[111.3573401,32.5513847],[111.357564,32.5529899],[111.3560848,32.5529843],[111.358586,32.5545194],[111.3568868,32.5548709],[111.3582976,32.5555718],[111.3581367,32.556068],[111.3544567,32.5534828],[111.3540208,32.5502498],[111.3552359,32.5499152],[111.3541818,32.5496258],[111.353066,32.5471003],[111.3523766,32.5470596],[111.3533127,32.548848],[111.3528487,32.5499242],[111.35272,32.5487282],[111.350534,32.5474169],[111.3520253,32.5466956],[111.3505313,32.5452237],[111.349614,32.5459133],[111.3482165,32.5453096],[111.3483667,32.5438852],[111.3457784,32.5441904],[111.3445982,32.542108],[111.3424927,32.5431096],[111.3408646,32.5393833],[111.3405293,32.54048],[111.3421306,32.5438739],[111.3442925,32.5435844],[111.3456604,32.5451446],[111.3446586,32.546872],[111.3461123,32.5455346],[111.3464101,32.5470178],[111.3468124,32.5456149],[111.3486202,32.5467476],[111.3487087,32.5487881],[111.3501504,32.5486321],[111.3504347,32.5495116],[111.3459273,32.5506183],[111.3435455,32.549784],[111.3439907,32.550962],[111.3424069,32.551734],[111.3428977,32.5529142],[111.3447806,32.5509337],[111.3471785,32.551309],[111.3471316,32.5520619],[111.3500552,32.5506522],[111.3509309,32.5514854],[111.3497441,32.5522574],[111.3518938,32.5522032],[111.3510342,32.5535789],[111.3522787,32.5541034],[111.3468258,32.5534184],[111.349453,32.5543758],[111.348234,32.5559877],[111.3515317,32.555253],[111.3511428,32.5571972],[111.3530043,32.5550891],[111.3544366,32.5559855],[111.353243,32.5570672],[111.35353,32.5579738],[111.3548698,32.5567745],[111.3555872,32.5576708],[111.3566145,32.5573679],[111.3561089,32.5584508],[111.3573843,32.5591889],[111.358079,32.557958],[111.3583848,32.5596602],[111.3597487,32.5592624],[111.3582976,32.5615682],[111.3556167,32.5595619],[111.3540986,32.5604549],[111.3563946,32.5619016],[111.352213,32.5605905],[111.3514177,32.5614993],[111.350719,32.5601587],[111.3506185,32.5618485],[111.3481347,32.5609782],[111.3487409,32.5594138],[111.347656,32.5594217],[111.3457221,32.5568242],[111.3466649,32.5587605],[111.3460466,32.5594387],[111.3472684,32.5597021],[111.3467266,32.5614224],[111.3438123,32.5607205],[111.3436165,32.5592556],[111.3418637,32.5589481],[111.342714,32.560959],[111.3449067,32.5619604],[111.3433135,32.5634117],[111.3435656,32.5646426],[111.3459259,32.5620475],[111.3468781,32.5624555],[111.3468285,32.5642018],[111.348124,32.5619016],[111.3502094,32.5634569],[111.3462371,32.5658226],[111.3475272,32.5671675],[111.3475835,32.5661255],[111.3491808,32.5652936],[111.3501343,32.5666736],[111.349842,32.5650902],[111.3516685,32.5628409],[111.3505983,32.5658678],[111.3508692,32.5667618],[111.3528031,32.5630907],[111.353015,32.5661153],[111.35377,32.5632173],[111.3546431,32.5628307],[111.3543574,32.5642278],[111.356129,32.5641588],[111.3540208,32.5675665],[111.3565797,32.5675077],[111.3572797,32.564924],[111.3584438,32.5641396],[111.3578027,32.5665776],[111.3591626,32.5656994],[111.3620084,32.5676976],[111.3592619,32.5673405],[111.3570866,32.568656],[111.3591452,32.5682322],[111.3598077,32.5692415],[111.3567674,32.5700564],[111.3570303,32.5715403],[111.3555336,32.5710769],[111.3570142,32.5726773],[111.3585015,32.5710995],[111.3599136,32.5724286],[111.3601094,32.5705796],[111.3614854,32.5708396],[111.3611206,32.5693003],[111.362223,32.5695647],[111.361649,32.5725846],[111.3608283,32.5718726],[111.3603884,32.5732717],[111.3586262,32.5731158],[111.3580737,32.5741261],[111.3564,32.5726524],[111.353353,32.5725156],[111.3544111,32.5717528],[111.3539001,32.5683226],[111.3518308,32.5678818],[111.352787,32.568881],[111.3516203,32.5690109],[111.3523082,32.5701332],[111.351124,32.5702383],[111.3504736,32.5683045],[111.3487986,32.5674298],[111.3492881,32.5687691],[111.3478343,32.5685894],[111.3483654,32.5701705],[111.3471396,32.5705322],[111.3466676,32.5688742],[111.3443139,32.5688584],[111.3462089,32.5671427],[111.3429406,32.567918],[111.3419817,32.5652563],[111.3416223,32.566989],[111.3405749,32.5663007],[111.3400693,32.566824],[111.3436045,32.5692087],[111.3407278,32.5688617],[111.342423,32.5702112],[111.3416505,32.571963],[111.3429165,32.5723269],[111.3433859,32.5703174],[111.3436165,32.5717234],[111.3446143,32.5703446],[111.3458428,32.5712261],[111.3437721,32.5729349],[111.3453037,32.5758349],[111.3455182,32.5734706],[111.346921,32.5723563],[111.3462076,32.5739204],[111.3469076,32.5748426],[111.3486832,32.5739747],[111.3490936,32.5748245],[111.3503569,32.5745262],[111.346854,32.5765853],[111.3488442,32.5766282],[111.3497038,32.5794772],[111.346339,32.5779369],[111.3447297,32.578416],[111.3445258,32.5790873],[111.3470229,32.579024],[111.350188,32.5816085],[111.3505447,32.5802581],[111.3513172,32.5810062],[111.3508961,32.5822379],[111.352095,32.5807553],[111.3540316,32.5816412],[111.3548738,32.5795642],[111.3562524,32.5811983],[111.3568479,32.5783527],[111.3573951,32.5800275],[111.359345,32.5801902],[111.3553968,32.5832549],[111.3532162,32.5827385],[111.3527052,32.5834018],[111.3536936,32.5840731],[111.3512059,32.5854313],[111.3520427,32.5842573],[111.3508411,32.5833499],[111.3489997,32.5840719],[111.348938,32.5851579],[111.3470525,32.5840324],[111.3467976,32.5832369],[111.3483855,32.5830154],[111.3488442,32.5816322],[111.3471383,32.5821995],[111.3464168,32.5805835],[111.3456336,32.5829103],[111.3445312,32.5823712],[111.3442294,32.5807553],[111.3433376,32.5827984],[111.3458723,32.5836346],[111.3465992,32.5856777],[111.3481119,32.5858664],[111.3482299,32.5867783],[111.3505353,32.5874371],[111.3488992,32.588349],[111.3475889,32.5866291],[111.3455665,32.5864732],[111.3446197,32.5839917],[111.3414896,32.5827396],[111.3408244,32.5832075],[111.3421091,32.5843511],[111.3399339,32.5846426],[111.340996,32.5853116],[111.3406876,32.5862246],[111.3428602,32.5843081],[111.3439921,32.585689],[111.3428105,32.5863997],[111.3447846,32.5870032],[111.3418812,32.5890868],[111.3441503,32.5890405],[111.345706,32.5875523],[111.3463591,32.5878755],[111.3457341,32.5892315],[111.3435388,32.5908315],[111.3411248,32.5909411],[111.3408619,32.5918495],[111.3355029,32.5935918],[111.3356075,32.5914947],[111.3342127,32.5921591],[111.3345104,32.5909817],[111.3330433,32.5911354],[111.3326088,32.5900687],[111.3343441,32.5903851],[111.3338426,32.5887038],[111.3354197,32.5890789],[111.3359696,32.5908145],[111.3364738,32.5899151],[111.3377318,32.5908009],[111.3376352,32.5895761],[111.3390166,32.5902767],[111.3391694,32.5887173],[111.3371095,32.5884891],[111.3386303,32.5880032],[111.3395745,32.5861545],[111.3362217,32.5873907],[111.3355806,32.5867919],[111.3379383,32.5859805],[111.3380697,32.5849409],[111.3368386,32.5854144],[111.3365382,32.5846132],[111.3356397,32.5855274],[111.3352132,32.5848211],[111.3377076,32.5838866],[111.3384935,32.5819441],[111.3369164,32.5808253],[111.3376486,32.5829159],[111.3360044,32.5829555],[111.3361184,32.5815124],[111.3346365,32.5800705],[111.3325055,32.5812898],[111.3350308,32.5821362],[111.333746,32.5824481],[111.3344461,32.5832165],[111.3338426,32.5839047],[111.3322963,32.5823712],[111.3327321,32.5843838],[111.3304563,32.5820209],[111.3295993,32.5829781],[111.3318336,32.58555],[111.3306802,32.5857161],[111.3290723,32.5841635],[111.3288295,32.5860619],[111.3299105,32.5876552],[111.3293378,32.5884247],[111.327235,32.5880303],[111.3292734,32.5793088],[111.3284755,32.578624],[111.3291085,32.5774487],[111.3300593,32.5784126],[111.3314997,32.5769424],[111.3300352,32.5755116],[111.3303637,32.5742482],[111.3319288,32.5759366],[111.3323298,32.5750246],[111.3319811,32.5763615],[111.3332672,32.5770554],[111.3327509,32.5776317],[111.3343737,32.5782149],[111.3354626,32.5771503],[111.3344783,32.5757241],[111.3357925,32.576296],[111.335991,32.5748166],[111.3370036,32.5743996],[111.3372906,32.5755241],[111.33846,32.5757332],[111.3395396,32.5744697],[111.3406152,32.5763728],[111.3415566,32.5759682],[111.3399634,32.5773108],[111.3418221,32.5782917],[111.3425195,32.5752811],[111.3438982,32.5765084],[111.343807,32.574316],[111.3422003,32.5727089],[111.340701,32.5732333],[111.339317,32.5711945],[111.3406983,32.5703378],[111.3391963,32.5687645],[111.3389575,32.5699739],[111.3371095,32.5708192],[111.3373911,32.5715923],[111.3352454,32.5714815],[111.3354063,32.5728038],[111.3330406,32.5714363],[111.3320616,32.5720873],[111.327534,32.5709413],[111.3254097,32.5715222],[111.3256001,32.570548],[111.3274629,32.5698665],[111.3254151,32.5667754],[111.3283253,32.5695489],[111.3292238,32.5692212],[111.3292989,32.5710611],[111.3302913,32.5709323],[111.3305381,32.5693116],[111.3311926,32.5711334],[111.331788,32.5701389],[111.3326114,32.5706768],[111.3315627,32.5690584],[111.3325712,32.5680028],[111.334556,32.5706271],[111.3355002,32.5703672],[111.3345721,32.5696009],[111.3351005,32.5686131],[111.3327214,32.5673992],[111.3300982,32.5685882],[111.3279068,32.5671257],[111.3272873,32.5656745],[111.3291165,32.5675643],[111.3306051,32.5671325],[111.3284326,32.5650483],[111.3294438,32.5649059],[111.3290146,32.5632218],[111.330463,32.5635993],[111.3300016,32.5650416],[111.331147,32.5644335],[111.3321863,32.5668872],[111.3338158,32.5672659],[111.3347143,32.5670692],[111.3325846,32.5663142],[111.3324505,32.56567],[111.3333383,32.5658418],[111.3322601,32.5646844],[111.3326946,32.5636265],[111.333966,32.5641012],[111.3349423,32.5663074],[111.335519,32.5658576],[111.3371068,32.5672003],[111.3370129,32.5682695],[111.3385123,32.5677496],[111.3388556,32.5670715],[111.3350254,32.5651455],[111.3349999,32.5640571],[111.3377304,32.5647285],[111.3359521,32.5636999],[111.337945,32.5634287],[111.3397729,32.5651535],[111.3389629,32.5635575],[111.3408874,32.5638808],[111.3412347,32.5627573],[111.3420273,32.5635372],[111.3421065,32.5623459],[111.3375118,32.5628228],[111.3367917,32.5625629],[111.3377318,32.5613523],[111.3370961,32.5611726],[111.3350952,32.5629732],[111.3336039,32.562824],[111.3344729,32.5618881],[111.334143,32.5604707],[111.3352373,32.5607352],[111.3348699,32.5601022],[111.336168,32.5594692],[111.3380241,32.5602604],[111.3384747,32.5587684],[111.3361707,32.5587074],[111.3379759,32.5577647],[111.3374099,32.5573781],[111.3378471,32.5556373],[111.3388851,32.5557029],[111.337992,32.5551671],[111.338641,32.5538355],[111.3360688,32.5577308],[111.3352695,32.5539237],[111.3345775,32.5571091],[111.3354868,32.5580812],[111.3340035,32.5594376],[111.3332579,32.5538332],[111.3312435,32.5551038],[111.3326383,32.5561189],[111.3318443,32.5596817],[111.3326919,32.5600909],[111.3324505,32.562234],[111.3310263,32.5617841],[111.3312462,32.5604526],[111.3304067,32.5598061],[111.3310759,32.558479],[111.3303128,32.5587096],[111.3285519,32.5568909],[111.3297696,32.5595958],[111.3277942,32.5598366],[111.3298635,32.5609737],[111.3269775,32.5617423],[111.327526,32.5605283],[111.326437,32.5584463],[111.3255049,32.5615886],[111.3243811,32.5613467],[111.323913,32.5643227],[111.3225827,32.5630647],[111.323791,32.5618338],[111.3228576,32.560569],[111.324778,32.5601418],[111.325914,32.5579907],[111.3227141,32.5591199],[111.3218236,32.5553321],[111.3210082,32.5561155],[111.3217244,32.5575024],[111.3208526,32.5578393],[111.3216452,32.558453],[111.3207534,32.5588204],[111.3219309,32.5596682],[111.319128,32.5607668],[111.3212764,32.5616869],[111.3202156,32.5614778],[111.3200238,32.5623718],[111.3212644,32.5634637],[111.3193774,32.5630048],[111.3190529,32.5617886],[111.317693,32.5626137],[111.3202652,32.5650212],[111.3219886,32.5647601],[111.3224405,32.5654925],[111.320056,32.5659921],[111.3191923,32.5648257],[111.3181812,32.566208],[111.3209411,32.5678999],[111.3224271,32.5677722],[111.3200037,32.5688007],[111.317178,32.566859],[111.3176112,32.5686425],[111.3166094,32.568699],[111.3153756,32.5662758],[111.3178915,32.5656971],[111.3183233,32.5644177],[111.3171807,32.5650438],[111.3169339,32.5633439],[111.3160703,32.5636965],[111.3167569,32.5616869],[111.314941,32.5615083],[111.3159764,32.5601994],[111.3151503,32.5595031],[111.3135222,32.5613184],[111.3152388,32.5641645],[111.3131466,32.5662939],[111.3137528,32.5633665],[111.3109231,32.5601565],[111.3128221,32.5600095],[111.3113469,32.5587255],[111.3141096,32.5577601],[111.3132378,32.557039],[111.3135436,32.5556215],[111.3149464,32.5553954],[111.3143483,32.5539847],[111.3127685,32.5537383],[111.3131976,32.5524926],[111.3160086,32.5551874],[111.3170171,32.5541565],[111.3132834,32.5512265],[111.3136268,32.5499966],[111.3145924,32.5494359],[111.3150644,32.550919],[111.3155794,32.5495082],[111.3175535,32.5510275],[111.3168454,32.5493816],[111.3180256,32.5489294],[111.3222313,32.5497614],[111.3234544,32.5487305],[111.3200641,32.5481155],[111.322639,32.5438829],[111.3207507,32.5436297],[111.3180685,32.5469398],[111.3122749,32.5475909],[111.3121891,32.5466866],[111.3074684,32.5512084],[111.305902,32.5477537],[111.3074899,32.5460897],[111.3062239,32.5456013],[111.3040566,32.548839],[111.3063741,32.551118],[111.3051724,32.5530352],[111.3039279,32.5532884],[111.3052583,32.5543374],[111.3041854,32.5549161],[111.3045287,32.5555311],[111.3022542,32.5560013],[111.3005161,32.5602514],[111.2973404,32.5598174],[111.2976408,32.5579003],[111.2962031,32.5583886],[111.2959456,32.5603418],[111.2948513,32.5603599],[111.2944436,32.5579907],[111.2960958,32.5558024],[111.2978554,32.5567428],[111.2974906,32.5555311],[111.298542,32.5550427],[111.3004518,32.5566162],[111.2996364,32.5541203],[111.2983489,32.5540842],[111.2992072,32.5527819],[111.298027,32.5533426],[111.2973189,32.55195],[111.2999368,32.5519861],[111.2985849,32.5504849],[111.2962246,32.550919],[111.2956882,32.5502498],[111.297276,32.549888],[111.2965465,32.5494901],[111.2969327,32.5482602],[111.2956882,32.5479708],[111.2964392,32.5463248],[111.2938213,32.5481697],[111.2935853,32.5468493],[111.292963,32.5476271],[111.2919545,32.5461982],[111.2939286,32.5451853],[111.2937999,32.5441],[111.2950444,32.5432679],[111.2925339,32.5433583],[111.2912893,32.5448054],[111.2889075,32.5423996],[111.2901521,32.5392522],[111.28825,32.542],[111.2865,32.54075],[111.2849593,32.5362131],[111.2857533,32.5344584],[111.2809682,32.5353448],[111.2817836,32.533391],[111.2811828,32.5324503],[111.2825131,32.5315096],[111.2810755,32.5315639],[111.2791872,32.5298271],[111.2767196,32.5301709],[111.2777925,32.5277104],[111.2770629,32.5269868],[111.278668,32.5257826],[111.2769127,32.5260279],[111.2755179,32.5242006],[111.278286,32.5221199],[111.2803674,32.5225361],[111.2802815,32.5211248],[111.2831998,32.517868],[111.2823415,32.51671],[111.2843275,32.5154044],[111.2838435,32.5144302],[111.2847662,32.5137969],[111.2862039,32.5146835],[111.2838435,32.5127293],[111.2877703,32.5126388],[111.2865472,32.5117522],[111.2857533,32.5122769],[111.2864614,32.510956],[111.2851954,32.5119512],[111.2831569,32.5117884],[111.2832427,32.5131998],[111.282084,32.5142492],[111.2829423,32.515154],[111.2803245,32.515733],[111.2808704,32.5178249],[111.2798823,32.5189483],[111.2755524,32.5188079],[111.2754081,32.5177875],[111.2776397,32.516973],[111.2782059,32.5151006],[111.2752194,32.5167296],[111.2743201,32.5137619],[111.2747531,32.5173194],[111.2706563,32.5222155],[111.2696127,32.5192573],[111.2674589,32.5186675],[111.2687134,32.5175815],[111.2669148,32.517956],[111.266493,32.5190139],[111.2663153,32.5173475],[111.2677364,32.5167764],[111.2697459,32.5176939],[111.2691242,32.5168607],[111.2709228,32.516299],[111.2714247,32.5139838],[111.2704012,32.5138667],[111.268441,32.5160317],[111.2698461,32.5119358],[111.266047,32.5083663],[111.2697594,32.5059671],[111.2696553,32.5047382],[111.270592,32.5051478],[111.2730901,32.503875],[111.2682502,32.5039628],[111.2687463,32.5044081],[111.2677155,32.5057677],[111.2660153,32.5057975],[111.2646233,32.5079669],[111.265425,32.5092596],[111.2647555,32.5105002],[111.2580425,32.5140736],[111.2598573,32.5109534],[111.2614078,32.5112209],[111.2605444,32.5092521],[111.262183,32.5094007],[111.2600247,32.5078406],[111.2619364,32.5084201],[111.2615135,32.5074617],[111.2622888,32.5071794],[111.260192,32.5071273],[111.2617161,32.5039698],[111.2610378,32.5043264],[111.2609056,32.5026993],[111.2600158,32.5048391],[111.2585799,32.5040589],[111.2583526,32.5003357],[111.2576478,32.5037118],[111.2565343,32.5037058],[111.2595859,32.5053225],[111.2592899,32.5067252],[111.2577324,32.5055425],[111.2586486,32.5074325],[111.2562524,32.5067668],[111.2542296,32.5036583],[111.2546455,32.5019405],[111.2534051,32.5022912],[111.2535601,32.5013045],[111.2521012,32.5013699],[111.2524615,32.4986566],[111.2536794,32.4982533],[111.2541755,32.500338],[111.2553347,32.4995772],[111.2545319,32.4987631],[111.2566248,32.4992691],[111.2589297,32.4975305],[111.2589026,32.493555],[111.2598002,32.4936273],[111.260549,32.4953354],[111.2621682,32.4957235],[111.2607745,32.4950996],[111.2598227,32.4927256],[111.2619382,32.4929691],[111.2624028,32.4920941],[111.2641123,32.4930185],[111.2650956,32.4923756],[111.2646671,32.4914321],[111.266539,32.4930414],[111.2671705,32.4959213],[111.2674005,32.4928892],[111.268032,32.493768],[111.2692183,32.492368],[111.2677298,32.4923604],[111.2704677,32.4914283],[111.2745094,32.493927],[111.2775564,32.4932393],[111.2754107,32.4923343],[111.2744858,32.4933023],[111.2733507,32.490271],[111.2713647,32.4903209],[111.2733437,32.4855936],[111.2775949,32.4852226],[111.2739921,32.4854604],[111.2710547,32.483556],[111.2751532,32.4831397],[111.2758886,32.4825491],[111.2754129,32.481204],[111.2799811,32.4800444],[111.2791443,32.4794109],[111.2738657,32.480859],[111.274616,32.4825607],[111.272399,32.4820859],[111.2694083,32.482982],[111.2695098,32.484642],[111.2710977,32.4854022],[111.2695527,32.4866692],[111.2703921,32.4889183],[111.2696433,32.4885003],[111.2685641,32.4909339],[111.2665489,32.4909339],[111.2638069,32.4875714],[111.2640602,32.4897171],[111.2606684,32.4900144],[111.2608777,32.4908782],[111.2599086,32.4910918],[111.2579212,32.4907675],[111.2568531,32.4920641],[111.2549154,32.4902927],[111.2487846,32.4923867],[111.2482253,32.493309],[111.2453638,32.492475],[111.2502928,32.4903593],[111.252319,32.4872457],[111.2522001,32.4856619],[111.2511264,32.4856387],[111.2519936,32.4842221],[111.2507516,32.4853428],[111.2483836,32.4847112],[111.2512279,32.4819993],[111.2465395,32.4841696],[111.2432623,32.4825719],[111.2442138,32.4795398],[111.2421727,32.4779447],[111.2484169,32.4781076],[111.2499189,32.4772749],[111.2499189,32.4758991],[111.2459922,32.4699796],[111.2506485,32.4701425],[111.2508631,32.4726769],[111.2524939,32.4702511],[111.2536956,32.4721047],[111.2531161,32.4693641],[111.2544465,32.4680968],[111.2553692,32.4706494],[111.2560558,32.4682597],[111.2578797,32.4685313],[111.2559915,32.4676623],[111.256249,32.4658881],[111.2610555,32.4645122],[111.2565197,32.4644611],[111.2554121,32.4615974],[111.2535385,32.4617233],[111.2538242,32.4603662],[111.2527084,32.4613801],[111.2526226,32.4601128],[111.2515283,32.4606378],[111.2526226,32.4589902],[111.2512064,32.4590264],[111.2509918,32.4598231],[111.2482452,32.4568175],[111.2435675,32.4560571],[111.2428594,32.4541922],[111.2442541,32.4525807],[111.2518501,32.4527255],[111.2539101,32.4538119],[111.2542105,32.4529066],[111.2587595,32.4525807],[111.2593603,32.4554053],[111.2603045,32.4558398],[111.2601113,32.4515848],[111.2626648,32.4484522],[111.2617636,32.4471485],[111.262449,32.4455835],[111.2707676,32.4425882],[111.2719953,32.4408082],[111.2719481,32.4380584],[111.2692565,32.4379986],[111.2717356,32.4392008],[111.2707125,32.4420701],[111.2620791,32.444129],[111.2583881,32.4504981],[111.2564914,32.4516271],[111.2521551,32.4508766],[111.2511635,32.4485609],[111.246357,32.4488144],[111.2456489,32.4476012],[111.2441468,32.4479995],[111.2457765,32.4489109],[111.2434147,32.4499879],[111.2404976,32.4540159],[111.2392116,32.4539749],[111.2414002,32.4581755],[111.2424302,32.4583927],[111.2421727,32.4593342],[111.2499229,32.4631594],[111.2492967,32.4638967],[111.2502623,32.4634803],[111.2510133,32.4652364],[111.2501335,32.4660873],[111.2477303,32.4659425],[111.2436104,32.4641682],[111.2415504,32.4655442],[111.2398767,32.4652183],[111.2406707,32.466214],[111.2391686,32.4671192],[111.2398982,32.4683141],[111.2371731,32.4685856],[111.2366796,32.4695451],[111.2397909,32.4695994],[111.2427306,32.471464],[111.2380743,32.4702511],[111.236937,32.4715726],[111.2393618,32.4713735],[111.2418294,32.4738536],[111.2370014,32.4748492],[111.2365294,32.4759353],[111.2350702,32.4748492],[111.2350273,32.4758267],[111.2317657,32.4764784],[111.2323236,32.4773473],[111.2373018,32.4764422],[111.23698,32.4775464],[111.2402844,32.4796824],[111.2421353,32.4826594],[111.2399626,32.4828501],[111.2394476,32.4841171],[111.2331818,32.4847616],[111.231916,32.4871398],[111.2337184,32.4893118],[111.2316799,32.4896919],[111.2303925,32.4884249],[111.2304464,32.4899132],[111.2327099,32.4905968],[111.2345299,32.489597],[111.2330512,32.4859326],[111.2339544,32.4852031],[111.2362289,32.4854565],[111.2363095,32.4862902],[111.2439537,32.4853479],[111.2443614,32.4858366],[111.2430739,32.4863796],[111.2453652,32.4867359],[111.244197,32.4878545],[111.2459278,32.4868683],[111.2474266,32.4879229],[111.2459246,32.4883795],[111.2463125,32.4890035],[111.2435971,32.4915031],[111.243825,32.4930583],[111.2461463,32.4948107],[111.2446239,32.4960994],[111.2499772,32.4945978],[111.2519506,32.4928025],[111.2523523,32.4935932],[111.2525003,32.492642],[111.2538958,32.4922735],[111.2545089,32.4931117],[111.2546992,32.4922378],[111.2571589,32.4945383],[111.2564893,32.4959412],[111.2559678,32.4949128],[111.2547838,32.4966902],[111.2541636,32.4968388],[111.2541847,32.4955964],[111.2506961,32.4978374],[111.2491315,32.5014276],[111.248025,32.501172],[111.2490751,32.5021409],[111.2485042,32.502658],[111.2468198,32.502652],[111.2464815,32.5015762],[111.237996,32.5022597],[111.2332463,32.5003155],[111.230886,32.5031386],[111.2336969,32.5016004],[111.236186,32.5018538],[111.2367439,32.5027948],[111.2401557,32.5032834],[111.2399502,32.5058397],[111.2407369,32.5040077],[111.2424004,32.5040473],[111.2445974,32.5026138],[111.2439657,32.5050443],[111.242435,32.5053137],[111.2434811,32.5056016],[111.2434922,32.5070782],[111.2427874,32.5070967],[111.2434371,32.5091398],[111.2381387,32.5125122],[111.2406492,32.5112636],[111.2420441,32.5121234],[111.242815,32.5109441],[111.2431894,32.5116777],[111.2458653,32.508511],[111.2449954,32.5065794],[111.2463719,32.5054928],[111.2479466,32.5060314],[111.2481558,32.5068951],[111.2466251,32.5067094],[111.2471537,32.5080745],[111.2480787,32.5076009],[111.2491804,32.509047],[111.2516835,32.509029],[111.2505273,32.5108492],[111.2514413,32.510942],[111.2521571,32.5137372],[111.2489525,32.5160123],[111.2479614,32.5148794],[111.2462656,32.5149815],[111.2449837,32.5208896],[111.247108,32.5163844],[111.2489963,32.517289],[111.2492108,32.5184832],[111.2495542,32.517289],[111.2515497,32.5163301],[111.2524939,32.5175605],[111.2522578,32.5160587],[111.254425,32.5132902],[111.2547898,32.5148645],[111.2540174,32.5155882],[111.2553906,32.5162758],[111.2546396,32.5204916],[111.255455,32.5200212],[111.2564421,32.5155339],[111.2610555,32.5165291],[111.2591672,32.5172529],[111.2585235,32.5195326],[111.2577293,32.5195748],[111.2586856,32.520092],[111.2580496,32.5221002],[111.2590352,32.5216618],[111.2597287,32.5227838],[111.2620572,32.5228503],[111.267731,32.5216256],[111.2660043,32.5236312],[111.2674616,32.523426],[111.2671711,32.524413],[111.2660112,32.5243773],[111.2657665,32.5256145],[111.2636257,32.5261567],[111.2633879,32.5270332],[111.261855,32.5268921],[111.2602252,32.5285559],[111.2673258,32.5259339],[111.2678808,32.5277314],[111.268115,32.5267516],[111.2730932,32.5267154],[111.2738442,32.5281446],[111.2724671,32.5289721],[111.2745533,32.5284825],[111.2752299,32.53181],[111.27675,32.53225],[111.2785,32.53125],[111.27975,32.53275],[111.27875,32.53475],[111.27975,32.53725],[111.2835,32.537],[111.2843585,32.5391798],[111.2828994,32.5398672],[111.2849164,32.5405546],[111.2880063,32.5446426],[111.2862682,32.5439372],[111.2850881,32.544317],[111.2855601,32.5450406],[111.2847233,32.5456375],[111.2839079,32.5448416],[111.2833929,32.5457098],[111.2809896,32.544516],[111.2804961,32.5454747],[111.2813544,32.5467408],[111.2801528,32.5480431],[111.2785435,32.5481336],[111.278758,32.5490018],[111.275003,32.5507562],[111.2784147,32.5517872],[111.2805176,32.5497253],[111.2860751,32.5495625],[111.2798095,32.553216],[111.2831354,32.5525468],[111.2819123,32.5556396],[111.2840366,32.5542108],[111.2842298,32.5555311],[111.2854528,32.5552959],[111.2864184,32.5565439],[111.2815261,32.5609567],[111.2831783,32.5606493],[111.2838006,32.5620418],[111.2794447,32.5635067],[111.2804532,32.5642481],[111.2786078,32.5658757],[111.2815475,32.5644832],[111.2822771,32.5660746],[111.2823415,32.5638864],[111.2834787,32.563362],[111.2854314,32.5653693],[111.2847662,32.5666171],[111.2863541,32.5660023],[111.2887359,32.5678287],[111.2865686,32.5675936],[111.2855816,32.5689318],[111.2850237,32.5681361],[111.2841654,32.568968],[111.2828779,32.5677745],[111.2834573,32.5688414],[111.2815261,32.5699626],[111.2838435,32.5698541],[111.278007,32.575532],[111.2801313,32.574863],[111.2810755,32.5776837],[111.2812257,32.5737238],[111.2822771,32.5731632],[111.2836504,32.5751161],[111.2828565,32.572024],[111.28438,32.5724761],[111.2840581,32.5713007],[111.2856245,32.5706316],[111.286118,32.571373],[111.2850022,32.5736876],[111.2862253,32.5729462],[111.2863755,32.5740493],[111.2852597,32.5749534],[111.2847447,32.5776295],[111.2864399,32.5751523],[111.2873197,32.5763999],[111.2869763,32.5776656],[111.2877274,32.5787324],[111.2879634,32.5769062],[111.2897658,32.5769062],[111.2870193,32.5749534],[111.28865,32.5749172],[111.2874484,32.5741216],[111.2874913,32.5721325],[111.2897444,32.5737419],[111.2875342,32.5706136],[111.2894869,32.5706678],[111.2904739,32.5724037],[111.2906027,32.5690041],[111.2919545,32.5722048],[111.2923408,32.5706136],[111.2932634,32.5709571],[111.2937999,32.5699264],[111.2919974,32.5686967],[111.2918472,32.5675575],[111.2955862,32.5700168],[111.2918848,32.5748268],[111.2928611,32.5745827],[111.2934029,32.5764768],[111.2935799,32.5743476],[111.2951303,32.5725891],[111.2954628,32.5749127],[111.296171,32.5736921],[111.2981236,32.5748042],[111.2963158,32.5731451],[111.2966752,32.5710521],[111.298027,32.5718613],[111.2991643,32.570939],[111.299572,32.5732355],[111.3001943,32.570722],[111.3036919,32.5679553],[111.2986922,32.5765807],[111.301825,32.574881],[111.3019323,32.5731632],[111.3037992,32.5755682],[111.3027263,32.5723857],[111.3034773,32.5715719],[111.3056231,32.5736695],[111.3065457,32.5731813],[111.3080907,32.5766892],[111.3054085,32.5789133],[111.30867,32.5787324],[111.3093781,32.57687],[111.312232,32.5751884],[111.3145924,32.576201],[111.315794,32.5750438],[111.3167596,32.575315],[111.3161858,32.5767276],[111.3176108,32.5771159],[111.3178325,32.5784974],[111.3154721,32.5782804],[111.3173604,32.5799801],[111.3160515,32.5807937],[111.3148069,32.5797088],[111.3125539,32.5832708],[111.3136268,32.583777],[111.3134766,32.5849161],[111.3163911,32.5852184],[111.3200855,32.584229],[111.3208969,32.5869616],[111.3205662,32.587539],[111.3198817,32.5868416],[111.3188517,32.5882518],[111.3174033,32.5865252],[111.3172316,32.5891106],[111.3156545,32.5893094],[111.3136268,32.5879896],[111.3130689,32.5891377],[111.3143134,32.5902586],[111.3134766,32.5915151],[111.3097966,32.5890925],[111.3073397,32.5909365],[111.3100755,32.5908461],[111.3114703,32.5924642],[111.3064492,32.5933952],[111.3064062,32.5943443],[111.3051295,32.5948144],[111.3018465,32.5942178],[111.3037455,32.59542],[111.3006878,32.5981317],[111.2995934,32.5973091],[111.2989283,32.600563],[111.2975871,32.5996592],[111.2978768,32.5981859],[111.2971473,32.5992524],[111.2959134,32.5988367],[111.2974369,32.6012771],[111.2965572,32.6021899],[111.2949908,32.6022984],[111.2908173,32.5993338],[111.2936067,32.602443],[111.294111,32.605037],[111.2882745,32.6017109],[111.2925231,32.6066728],[111.290077,32.6053714],[111.29071,32.6071067],[111.2896049,32.6072332],[111.2870622,32.6051093],[111.287148,32.6079291],[111.2887251,32.6082093],[111.2874055,32.6092034],[111.289283,32.6095288],[111.2868261,32.6104144],[111.2852812,32.6090046],[111.2861073,32.6082273],[111.2847233,32.6074591],[111.284219,32.608625],[111.28232,32.6082996],[111.2822127,32.6061577],[111.2820947,32.6087425],[111.2854314,32.6115712],[111.2843048,32.6120683],[111.2801742,32.6091221],[111.2810969,32.6111555],[111.2823093,32.6116074],[111.2806356,32.6125744],[111.2819767,32.6132341],[111.2794554,32.6129901],[111.2800991,32.6111284],[111.2782109,32.6103421],[111.2779534,32.6121315],[111.276226,32.6104777],[111.2760007,32.6124569],[111.2739408,32.6093842],[111.2737369,32.612484],[111.2719345,32.6118514],[111.2711728,32.6090588],[111.2688553,32.6107579],[111.2650466,32.6109115],[111.2639522,32.6092305],[111.26495,32.607676],[111.2636948,32.6064921],[111.2649393,32.6043501],[111.2641883,32.6028136],[111.2652719,32.6017832],[111.2639201,32.6025424],[111.263684,32.6044133],[111.2605619,32.6053081],[111.2594032,32.6025876],[111.2607336,32.6003913],[111.2596929,32.5976978],[111.2600684,32.5937297],[111.2592208,32.5961883],[111.2573862,32.5948686],[111.2524187,32.5930879],[111.2525475,32.5941907],[111.2548327,32.5940732],[111.2587058,32.596342],[111.2574935,32.5978605],[111.2585556,32.5989271],[111.2575579,32.6016657],[111.2595105,32.6040518],[111.2593925,32.6072693],[111.2636197,32.6074049],[111.2620103,32.6097818],[111.2662482,32.6137854],[111.2673426,32.6129087],[111.2680936,32.6145174],[111.2710655,32.6143818],[111.271044,32.6150867],[111.2650466,32.6162073],[111.264199,32.6133154],[111.2630725,32.6139209],[111.2634694,32.6155024],[111.2616134,32.6146891],[111.2611735,32.6133787],[111.2595427,32.6152132],[111.2581372,32.6120954],[111.2586307,32.6138305],[111.2579548,32.6148427],[111.2525582,32.6118423],[111.2515497,32.610306],[111.252172,32.6084081],[111.2517214,32.6095468],[111.2496614,32.6102879],[111.2498546,32.6109838],[111.2431383,32.6116797],[111.2436318,32.6128636],[111.24125,32.6147252],[111.2394154,32.6145897],[111.2403917,32.6152132],[111.2375057,32.6170296],[111.2351668,32.6160265],[111.2337506,32.6124298],[111.2328172,32.6135594],[111.2338793,32.614418],[111.2343085,32.6176351],[111.2354779,32.618358],[111.2329674,32.6199937],[111.2293947,32.6186743],[111.2292659,32.6167224],[111.2266374,32.6139028],[111.226691,32.6123846],[111.2234509,32.6131889],[111.2218952,32.6125473],[111.22388,32.6136498],[111.2252426,32.6135413],[111.2276137,32.6155566],[111.2265837,32.6171381],[111.2277424,32.6178249],[111.2280214,32.6194153],[111.2259185,32.6204184],[111.2288797,32.6195599],[111.2299847,32.6210419],[111.2311757,32.620581],[111.2334609,32.6219094],[111.2355852,32.6209425],[111.2351185,32.6219049],[111.2381575,32.6284146],[111.2318649,32.6306601],[111.2369843,32.6315583],[111.2371976,32.6325463],[111.2384774,32.6309295],[111.2393306,32.6322768],[111.2386242,32.6347578],[111.2403972,32.6338037],[111.241677,32.6350611],[111.238904,32.6375759],[111.2400772,32.6378453],[111.2429569,32.6357796],[111.2437034,32.6372167],[111.2449833,32.636588],[111.2467964,32.6382046],[111.2458365,32.6388333],[111.2473296,32.638025],[111.2485028,32.6385638],[111.2449833,32.6403601],[111.2413571,32.6383842],[111.2404032,32.6399403],[111.2381575,32.6400008],[111.236771,32.6419766],[111.2376455,32.6431573],[111.2345312,32.6453893],[111.2324553,32.6495752],[111.226064,32.6525383],[111.2276638,32.6535261],[111.2227577,32.654424],[111.2221373,32.655415],[111.2189182,32.6547832],[111.2189182,32.6562199],[111.2153987,32.6566689],[111.2121991,32.6556812],[111.2121991,32.6546934],[111.2037735,32.6550526],[111.2018537,32.6522689],[111.201747,32.6543342],[111.194388,32.6529873],[111.1942813,32.6540648],[111.1928948,32.654424],[111.1911884,32.6522689],[111.1921483,32.6501137],[111.191295,32.6486769],[111.1936414,32.6479585],[111.1930015,32.6473299],[111.1955392,32.6454078],[111.2016404,32.6439173],[111.1996191,32.6438202],[111.1990807,32.6429294],[111.1978054,32.644135],[111.1949212,32.6441867],[111.1926815,32.6462522],[111.1904418,32.6459828],[111.1932148,32.6444561],[111.1900152,32.6446358],[111.1896952,32.6409537],[111.1918283,32.6396963],[111.1893753,32.640325],[111.1895886,32.6383492],[111.1879888,32.6386186],[111.1867089,32.637451],[111.1890553,32.6361038],[111.1880954,32.6351159],[111.1938547,32.6311639],[111.1902285,32.6317028],[111.1899085,32.6328705],[111.1866023,32.634577],[111.1871356,32.6354751],[111.1858557,32.6352955],[111.1841493,32.6371816],[111.1846825,32.6355649],[111.1829761,32.6361038],[111.1823362,32.6352955],[111.183936,32.6344872],[111.1831894,32.6333195],[111.1819095,32.6342177],[111.1812696,32.6328705],[111.1822295,32.6315232],[111.1804387,32.6313208],[111.1818029,32.6293675],[111.1797916,32.6300281],[111.1771388,32.628561],[111.1782833,32.6281998],[111.1786033,32.6266729],[111.1858557,32.6249662],[111.1794565,32.6245171],[111.1758863,32.6252065],[111.1738039,32.6241578],[111.1726307,32.6222714],[111.1772168,32.6223612],[111.175297,32.6204748],[111.1764702,32.619307],[111.1815896,32.6205646],[111.1764702,32.6167917],[111.1770035,32.6159832],[111.1786033,32.6162527],[111.1781767,32.614456],[111.1807364,32.6122101],[111.1823362,32.6131085],[111.183616,32.6125694],[111.1815896,32.6105032],[111.183616,32.6081673],[111.1837227,32.6061009],[111.1877475,32.6065501],[111.188842,32.6097844],[111.189162,32.6063704],[111.1905485,32.6078079],[111.1935347,32.6073587],[111.194388,32.6045735],[111.1935347,32.6046634],[111.1931081,32.6068197],[111.1910386,32.6072369],[111.1895886,32.605472],[111.1864956,32.6053821],[111.1874555,32.6032258],[111.186389,32.5991826],[111.1873979,32.5987296],[111.1870289,32.597116],[111.1879888,32.5980146],[111.1886957,32.5966207],[111.1901218,32.5974754],[111.1905485,32.5960378],[111.1960944,32.5939711],[111.1935347,32.5937914],[111.1876688,32.5954987],[111.1874555,32.5927131],[111.1886287,32.5924435],[111.1872119,32.5868673],[111.1922608,32.5878041],[111.1982225,32.5849424],[111.192132,32.5871868],[111.1904537,32.5870153],[111.1901892,32.5858793],[111.1889253,32.5861909],[111.1868608,32.5842186],[111.1858496,32.5777197],[111.182493,32.5781931],[111.185351,32.5774456],[111.1853885,32.5766231],[111.1836856,32.576773],[111.1837207,32.575697],[111.1817464,32.5763183],[111.1825995,32.5754534],[111.1814819,32.5737275],[111.1828324,32.5734001],[111.18206,32.5726327],[111.1841315,32.5729326],[111.1844264,32.571966],[111.1862826,32.5737591],[111.1864301,32.5751852],[111.1886725,32.5759071],[111.1893349,32.5758183],[111.1875185,32.574698],[111.1874225,32.5718812],[111.1855781,32.569023],[111.1862943,32.5682576],[111.1841034,32.5680465],[111.1857419,32.5667722],[111.1845973,32.5662435],[111.1831531,32.5669537],[111.1826288,32.5658431],[111.1845809,32.5643971],[111.1818119,32.5647364],[111.1810324,32.5637224],[111.1800166,32.564764],[111.1780223,32.5634265],[111.1768473,32.5645095],[111.1755061,32.5625743],[111.1725849,32.5613808],[111.1758033,32.5612565],[111.1770275,32.5625585],[111.1768637,32.5616471],[111.1790709,32.5626453],[111.1767817,32.5605108],[111.178357,32.5592324],[111.1804519,32.5593705],[111.1815544,32.5572043],[111.1849344,32.5554958],[111.1802226,32.5567663],[111.1796257,32.5585261],[111.1774278,32.5579145],[111.1764611,32.5586642],[111.1750145,32.5575101],[111.1751222,32.5586918],[111.1744738,32.5586129],[111.1729173,32.555409],[111.171473,32.5577468],[111.1708551,32.5570011],[111.1717516,32.554967],[111.1707849,32.5554109],[111.1714098,32.5537853],[111.1726785,32.5538938],[111.1742351,32.5531697],[111.1711547,32.5526646],[111.1712085,32.5513763],[111.1723859,32.5505871],[111.171761,32.549715],[111.1712834,32.5507528],[111.1694062,32.5501905],[111.1703799,32.5494309],[111.1688655,32.5487265],[111.1702863,32.547663],[111.1695373,32.5468245],[111.1675641,32.5481405],[111.1674564,32.545686],[111.1663259,32.5471382],[111.1658905,32.5449737],[111.1630465,32.5437424],[111.1647787,32.5421994],[111.1658694,32.5432314],[111.1650525,32.5407984],[111.1674026,32.5395474],[111.1676249,32.541128],[111.1683084,32.5405597],[111.1689498,32.5421343],[111.1688047,32.5396125],[111.1708446,32.5401966],[111.1732169,32.538466],[111.1733316,32.5399322],[111.1750169,32.5406564],[111.1771984,32.5396717],[111.1749724,32.5398789],[111.1741836,32.539502],[111.1745955,32.5380694],[111.1730764,32.5377201],[111.171974,32.5385667],[111.1705625,32.5371005],[111.1700944,32.5376669],[111.1714379,32.5387857],[111.170202,32.5390935],[111.1698322,32.5377103],[111.1672317,32.5361119],[111.1665131,32.537949],[111.1642801,32.5389159],[111.1634766,32.5405145],[111.1623181,32.5375557],[111.1626752,32.5354246],[111.1615451,32.5374517],[111.1623181,32.5404185],[111.1606183,32.5403512],[111.1582481,32.5361852],[111.1589812,32.5351108],[111.157553,32.5353189],[111.1566243,32.5370306],[111.1548941,32.5365246],[111.1548561,32.5352613],[111.1531335,32.5350035],[111.1568541,32.5324224],[111.1564021,32.5317611],[111.1541629,32.5331221],[111.1530899,32.5326834],[111.1508526,32.5348834],[111.149601,32.5345152],[111.1495136,32.5333992],[111.1482507,32.5333703],[111.148659,32.5324464],[111.1475043,32.5318044],[111.1474112,32.5292568],[111.1511223,32.5294057],[111.1494263,32.5281888],[111.1498745,32.526192],[111.1490331,32.5251863],[111.1499505,32.5239805],[111.1493959,32.5218315],[111.1510558,32.5217722],[111.149789,32.5201644],[111.1483171,32.5221357],[111.1474815,32.5218507],[111.1486687,32.5200023],[111.1469562,32.519562],[111.1489894,32.518913],[111.146361,32.5186772],[111.1458286,32.5170904],[111.1506545,32.5178476],[111.1519937,32.5205431],[111.1515575,32.5187086],[111.1522554,32.5186242],[111.1553931,32.5222196],[111.1538717,32.5189098],[111.1581203,32.5185896],[111.1566092,32.5174582],[111.1530071,32.5180618],[111.1513703,32.5159936],[111.1518936,32.5148686],[111.1537152,32.515377],[111.1526736,32.5145116],[111.1542463,32.5133087],[111.1536459,32.5116602],[111.154803,32.5117597],[111.1531302,32.5100916],[111.1537383,32.5092824],[111.1578483,32.5126294],[111.1589951,32.5121729],[111.1561704,32.5105633],[111.1559472,32.5099142],[111.1570941,32.5098839],[111.1553546,32.5089557],[111.157035,32.5085447],[111.1578586,32.5070907],[111.1598161,32.5079042],[111.1580408,32.506513],[111.1581767,32.5046501],[111.1620379,32.5034601],[111.1580536,32.5018936],[111.1582383,32.4984856],[111.1604627,32.4968584],[111.1605653,32.4947291],[111.1618147,32.4944522],[111.1606448,32.4922081],[111.1595878,32.4930781],[111.1595904,32.4954908],[111.1574353,32.4957116],[111.1582203,32.4967134],[111.1567477,32.500221],[111.1544695,32.5023674],[111.1547979,32.5042477],[111.1540256,32.5047086],[111.1554521,32.50634],[111.1508333,32.50782],[111.1501575,32.510011],[111.151836,32.5125763],[111.1495211,32.5147594],[111.1456917,32.5130002],[111.1515232,32.5063741],[111.1507659,32.5025805],[111.1494585,32.5006108],[111.1450336,32.4995273],[111.145793,32.4977714],[111.1441167,32.4996183],[111.1422613,32.4989414],[111.1426346,32.4979806],[111.141804,32.4973966],[111.1388871,32.498794],[111.1388483,32.4970563],[111.1411762,32.4968652],[111.1395214,32.4955333],[111.1397803,32.4941467],[111.1388655,32.4942613],[111.1390856,32.4958317],[111.1404944,32.4967469],[111.1384276,32.4967178],[111.138255,32.4990742],[111.1416076,32.4979315],[111.1420175,32.4999076],[111.1355884,32.5002387],[111.1353058,32.4979825],[111.134993,32.4977623],[111.1343867,32.497795],[111.1350167,32.4991297],[111.1333921,32.5009211],[111.1312628,32.4983064],[111.127237,32.4983118],[111.1252543,32.500357],[111.1153301,32.5016034],[111.1142428,32.5024622],[111.1135265,32.5045146],[111.1154984,32.5052897],[111.1224799,32.5025459],[111.1264409,32.5025386],[111.12821,32.5004098],[111.1274398,32.4989196],[111.1310859,32.4988322],[111.1307664,32.5030762],[111.1341681,32.5060479],[111.1331983,32.5091029],[111.1291934,32.5117727],[111.1306609,32.5120972],[111.1338807,32.509501],[111.1344477,32.5101241],[111.134889,32.508285],[111.1359742,32.5093149],[111.1353559,32.5073028],[111.1359999,32.5053706],[111.1395327,32.5044814],[111.139153,32.5053252],[111.1399534,32.5049704],[111.1407385,32.5071881],[111.1394762,32.5073071],[111.1383679,32.5090228],[111.1399201,32.507835],[111.1409155,32.5096481],[111.1402741,32.5106693],[111.1373802,32.5101024],[111.1373058,32.5112578],[111.1386886,32.5110933],[111.1379702,32.5126835],[111.1393864,32.5112664],[111.1398457,32.5123849],[111.1377765,32.5137739],[111.1379241,32.5146274],[111.1363898,32.51445],[111.1359409,32.5154798],[111.1355471,32.5149865],[111.1310211,32.5178616],[111.1342041,32.5170993],[111.1340997,32.5187664],[111.1362971,32.5163466],[111.138371,32.5192836],[111.1373853,32.519961],[111.1375885,32.5212358],[111.1307875,32.5239069],[111.1257204,32.5217098],[111.1295929,32.5248116],[111.1274619,32.5265987],[111.1328481,32.5243152],[111.1335888,32.5262448],[111.1337255,32.5247203],[111.134734,32.5250054],[111.1341396,32.5237179],[111.1352981,32.5232919],[111.1362838,32.5248773],[111.1363085,32.523364],[111.1370871,32.5239229],[111.1377044,32.5228051],[111.139125,32.5231478],[111.1390775,32.5219612],[111.1401733,32.52199],[111.139765,32.5208258],[111.1421722,32.5216778],[111.1421371,32.5229015],[111.1402365,32.5245336],[111.1387665,32.5240758],[111.138907,32.5250606],[111.1368027,32.5258461],[111.1370719,32.526671],[111.1359319,32.5260849],[111.1359343,32.5278571],[111.1329593,32.5269848],[111.1329007,32.5285636],[111.1346095,32.5294714],[111.1344245,32.5303891],[111.135321,32.5303299],[111.1363486,32.5322461],[111.1348131,32.5312495],[111.1348365,32.5326822],[111.1334742,32.53299],[111.1325379,32.5298385],[111.1315853,32.5307482],[111.1317304,32.5322263],[111.1307496,32.5321671],[111.1293663,32.5299115],[111.1287273,32.5314192],[111.1299304,32.5328322],[111.1324396,32.5334617],[111.1329873,32.5341385],[111.1324537,32.5351805],[111.1322009,32.533732],[111.1299608,32.5342491],[111.1281515,32.5328637],[111.1287343,32.5354745],[111.1282147,32.5347069],[111.1275218,32.535731],[111.1252256,32.5352259],[111.1237112,32.5343753],[111.12472,32.532102],[111.1228194,32.5335386],[111.1207362,32.5302845],[111.1199146,32.5319185],[111.1204576,32.5336669],[111.119519,32.5340103],[111.1177096,32.5302016],[111.1144584,32.5288912],[111.1146644,32.5266513],[111.1124243,32.5273084],[111.1139388,32.5280505],[111.1136181,32.5289011],[111.1099666,32.5297398],[111.1137609,32.5299233],[111.1160712,32.5318593],[111.1141377,32.5325401],[111.1160033,32.5338425],[111.1133618,32.5348351],[111.1142758,32.5362895],[111.1120498,32.5385016],[111.1139739,32.5375485],[111.1133934,32.5386081],[111.1146059,32.5393244],[111.114648,32.5384443],[111.1173421,32.5367098],[111.1167055,32.5388528],[111.1188823,32.5388863],[111.1162584,32.5406406],[111.1145099,32.5405695],[111.1163239,32.5421481],[111.1126467,32.5427558],[111.1123541,32.5444607],[111.1142747,32.5441538],[111.1110293,32.5459306],[111.1133349,32.5463766],[111.1113476,32.5472645],[111.1102101,32.546566],[111.110732,32.5482392],[111.1095851,32.5484878],[111.1074316,32.5467889],[111.1084358,32.5487068],[111.106376,32.5478919],[111.1063549,32.5493796],[111.1073731,32.5500208],[111.104892,32.5502536],[111.106074,32.5507765],[111.1048007,32.5515676],[111.1051027,32.5526725],[111.1036514,32.5523332],[111.1045292,32.5538089],[111.1037216,32.5561153],[111.1009198,32.5529527],[111.0970624,32.5521872],[111.0993563,32.5533729],[111.0982023,32.5545586],[111.0996816,32.5540358],[111.1008403,32.5552275],[111.0996231,32.5568393],[111.1011305,32.556281],[111.1009784,32.5576107],[111.1023243,32.5581749],[111.1011328,32.5585675],[111.1023243,32.559045],[111.1021932,32.5598597],[111.1001497,32.5590568],[111.0986704,32.5599012],[111.1012405,32.5603431],[111.1002364,32.5615267],[111.0979378,32.5606745],[111.0953794,32.5613571],[111.0953069,32.5620614],[111.0987313,32.5631878],[111.0979963,32.5642649],[111.0952343,32.5634186],[111.0930855,32.5647482],[111.0891836,32.5643438],[111.0853776,32.5651428],[111.0818081,32.5634068],[111.0819836,32.5626118],[111.0808952,32.5629688],[111.0849071,32.5658687],[111.0810918,32.5681096],[111.079458,32.5677861],[111.0793105,32.5692833],[111.0781753,32.5697725],[111.077665,32.5689302],[111.0774333,32.5702677],[111.0743281,32.5722478],[111.0702404,32.5722365],[111.0730058,32.5732898],[111.0715011,32.5753625],[111.0715628,32.5770079],[111.067113,32.5770226],[111.0675971,32.5740255],[111.0657544,32.5727225],[111.0624996,32.572406],[111.0623226,32.571312],[111.063602,32.5712171],[111.0623467,32.5706542],[111.0617378,32.5716804],[111.0598898,32.5716172],[111.060555,32.5699354],[111.0597074,32.5703875],[111.0583985,32.5694472],[111.0592353,32.5682175],[111.0634196,32.5688505],[111.062808,32.5666804],[111.064192,32.5658847],[111.0659301,32.5669517],[111.0645246,32.5646731],[111.0676896,32.5638593],[111.0632908,32.5638412],[111.0644281,32.5619514],[111.067282,32.5610924],[111.0683977,32.5616801],[111.0682046,32.558262],[111.0665309,32.5580269],[111.0666919,32.5570503],[111.0732794,32.5576697],[111.0740358,32.5566117],[111.0708993,32.5539787],[111.0702018,32.5548044],[111.0713053,32.5558657],[111.0661125,32.5559018],[111.0652006,32.5601519],[111.060437,32.5611195],[111.0595143,32.5602876],[111.0597932,32.555929],[111.0544824,32.5549794],[111.0594714,32.5546087],[111.0610807,32.5523479],[111.059922,32.5529176],[111.0596323,32.5519952],[111.0604691,32.5480251],[111.0577333,32.5419836],[111.0507595,32.5364573],[111.0502124,32.5337619],[111.0525834,32.5324322],[111.0524118,32.5314463],[111.0509205,32.5328755],[111.0472083,32.5326403],[111.0460603,32.5312473],[111.0460281,32.5270682],[111.0428095,32.5244358],[111.044687,32.519985],[111.048249,32.5191798],[111.0476267,32.517081],[111.0466719,32.5169724],[111.0415542,32.5211972],[111.0385234,32.518107],[111.0437429,32.5285698],[111.0433245,32.5306231],[111.0443437,32.5316362],[111.0444617,32.5350282],[111.041168,32.5336172],[111.0331428,32.5360684],[111.0256004,32.5365387],[111.0246348,32.5348654],[111.027832,32.531591],[111.0301065,32.5249424],[111.0287547,32.5238659],[111.0236692,32.5235855],[111.0239804,32.5229703],[111.0220706,32.5224637],[111.0165346,32.523296],[111.0121679,32.5248067],[111.0098183,32.5285065],[110.9996581,32.53359],[111.0001087,32.5344584],[111.0098505,32.5295196],[111.0129189,32.526444],[111.0234546,32.5256661],[111.0241627,32.5261365],[111.0239053,32.5279818],[111.0249648,32.5287642],[111.0196566,32.5326855],[111.0190129,32.5352182],[111.019206,32.5366473],[111.0212982,32.5385105],[111.0236585,32.5394873],[111.0318017,32.5385286],[111.0390437,32.539822],[111.0427666,32.5393426],[111.0489035,32.5413505],[111.0511458,32.5436116],[111.0544288,32.5441995],[111.0554159,32.5457008],[111.0546541,32.5460444],[111.0575616,32.5495444],[111.0582161,32.5528],[111.0555446,32.5530804],[111.0549867,32.5516425],[111.0529911,32.5523298],[111.0524547,32.5552327],[111.0539138,32.557204],[111.052798,32.5573397],[111.0548794,32.5574391],[111.0544181,32.5584429],[111.0558772,32.5575296],[111.0580873,32.5577918],[111.0573685,32.5609115],[111.055491,32.5626838],[111.0578513,32.5614993],[111.0578835,32.5626657],[111.0599649,32.5636875],[111.062293,32.5616982],[111.0611558,32.5641758],[111.0603619,32.5651975],[111.0591173,32.5650981],[111.0596645,32.5655954],[111.0566389,32.5692212],[111.056081,32.5684888],[111.0570359,32.5666804],[111.0555446,32.5660565],[111.05371,32.5663549],[111.0521328,32.5686967],[111.0508561,32.5671777],[111.0493648,32.5671777],[111.0477126,32.569411],[111.0471976,32.5683532],[111.0462749,32.5690042],[111.043582,32.5666985],[111.0420585,32.5669246],[111.0439467,32.5674399],[111.0418761,32.5714002],[111.042037,32.5719788],[111.0422087,32.5721325],[111.0443437,32.567892],[111.0472298,32.5706588],[111.0496759,32.5681362],[111.0484421,32.5748087],[111.0553515,32.5672139],[111.0549009,32.5685792],[111.0557458,32.5706226],[111.054115,32.5710475],[111.054453,32.5718454],[111.0553166,32.5713097],[111.0554185,32.5724738],[111.0524011,32.5773583],[111.0542598,32.5757467],[111.0551745,32.5761603],[111.0546863,32.5752314],[111.055904,32.5746482],[111.0562447,32.5730231],[111.0629287,32.5739498],[111.061947,32.5760021],[111.064015,32.57416],[111.0645434,32.5746821],[111.0616735,32.5799981],[111.0588263,32.5824696],[111.056077,32.5825069],[111.0587901,32.583386],[111.0587659,32.5840878],[111.0533613,32.5879896],[111.0584763,32.5863014],[111.0595894,32.5849296],[111.0710666,32.5827758],[111.0709727,32.584064],[111.0727617,32.5860958],[111.0707769,32.5870269],[111.0693607,32.5861274],[111.0691756,32.5876077],[111.0701627,32.5876009],[111.0698006,32.5884122],[111.0715306,32.5868506],[111.0732901,32.5873749],[111.072928,32.5828798],[111.0744381,32.5819464],[111.0751247,32.5836211],[111.0768172,32.5819735],[111.0748109,32.5808615],[111.0758436,32.5799349],[111.0758811,32.5779572],[111.0776058,32.5752223],[111.0773959,32.5775817],[111.0778336,32.5787809],[111.0786224,32.5789624],[111.0781098,32.5775205],[111.078915,32.5776685],[111.0787605,32.5763745],[111.0802679,32.5747216],[111.0786692,32.5743804],[111.0785358,32.5735145],[111.0801064,32.5733251],[111.0784211,32.5721988],[111.0815904,32.5700783],[111.0803217,32.5727925],[111.082213,32.5761201],[111.083168,32.575408],[111.0832476,32.576846],[111.0841324,32.5763785],[111.0843009,32.5772858],[111.0821287,32.5783884],[111.0830767,32.5787217],[111.080193,32.5847275],[111.073447,32.5892868],[111.0730715,32.5934811],[111.0749222,32.5961781],[111.073451,32.5987214],[111.071151,32.5996422],[111.0724184,32.6004275],[111.0724774,32.6017979],[111.0750496,32.6012872],[111.0767126,32.5974085],[111.0786974,32.5972255],[111.0768038,32.5968888],[111.0763612,32.5948166],[111.0788289,32.5928529],[111.0795289,32.5897727],[111.080398,32.5921162],[111.0797006,32.588132],[111.0811409,32.587584],[111.0804771,32.5883264],[111.081731,32.5887467],[111.084715,32.5999981],[111.0857731,32.6001653],[111.0867199,32.6024295],[111.0888818,32.6040812],[111.0856363,32.5987847],[111.0862572,32.5968131],[111.0840699,32.5942133],[111.084086,32.5923444],[111.0860279,32.5923851],[111.0838205,32.5917795],[111.0829219,32.590193],[111.0844508,32.5899399],[111.0827932,32.589497],[111.0828871,32.5880891],[111.0837172,32.5879546],[111.0827529,32.586506],[111.0840471,32.5866642],[111.0857798,32.5825317],[111.0865416,32.5825837],[111.0871316,32.5845782],[111.0864826,32.5872698],[111.0877204,32.5850449],[111.0891098,32.5862528],[111.0888241,32.587628],[111.0894933,32.5866178],[111.0902403,32.5869794],[111.0893941,32.5888224],[111.0906588,32.587384],[111.0921031,32.5884755],[111.0907432,32.5901546],[111.0911617,32.5930404],[111.0913561,32.5907693],[111.0927965,32.5891083],[111.0950375,32.5906654],[111.0951823,32.5918043],[111.0958984,32.5932642],[111.0962941,32.5934133],[111.0955001,32.5898055],[111.0930392,32.5882563],[111.0934925,32.5870461],[111.0927053,32.5877399],[111.089952,32.585689],[111.0902202,32.5848392],[111.0895094,32.5853048],[111.0891527,32.5841138],[111.0879269,32.5837747],[111.0885438,32.5830832],[111.0874683,32.5821848],[111.0873757,32.5805055],[111.0887597,32.5804705],[111.0896717,32.5817181],[111.0899761,32.580883],[111.0891768,32.579745],[111.0875997,32.579684],[111.089032,32.5778578],[111.0891849,32.5759343],[111.0870445,32.5765129],[111.0856363,32.5750347],[111.0853198,32.5722727],[111.086559,32.5726818],[111.0865939,32.5719291],[111.0849738,32.5710995],[111.0855424,32.5693749],[111.08466,32.5690765],[111.0880946,32.568907],[111.0884526,32.570331],[111.0872819,32.571069],[111.0894611,32.5709763],[111.0897964,32.5735113],[111.0906547,32.5711493],[111.0898018,32.5692121],[111.0905984,32.5691556],[111.0907781,32.5702881],[111.09478,32.5692392],[111.0929829,32.5699897],[111.0934201,32.5708577],[111.0924304,32.5719426],[111.0955149,32.5707017],[111.0938653,32.5723811],[111.0971443,32.5725258],[111.0963719,32.5735543],[111.0944742,32.5730818],[111.0938881,32.574212],[111.0950589,32.5736526],[111.0953513,32.5749308],[111.0969351,32.5746889],[111.0935998,32.5781154],[111.0925779,32.578138],[111.0925752,32.5808502],[111.093412,32.578685],[111.0978243,32.5758575],[111.0965261,32.5795845],[111.0949127,32.5801563],[111.0949087,32.5810197],[111.0965475,32.5801484],[111.0970411,32.5809734],[111.0961345,32.5817554],[111.0970786,32.5820955],[111.0961747,32.583673],[111.0977438,32.5838832],[111.0972624,32.5829713],[111.0984586,32.5818944],[111.0977089,32.5808954],[111.098519,32.5806491],[111.0972932,32.579519],[111.0986075,32.5771119],[111.0999432,32.5785901],[111.0997394,32.574047],[111.10111,32.5747138],[111.1004233,32.5756631],[111.1013755,32.5762824],[111.1004019,32.5769469],[111.1017577,32.577877],[111.1001846,32.5803507],[111.1000974,32.5854675],[111.1016464,32.583673],[111.1023009,32.579641],[111.1030197,32.5804547],[111.1036232,32.5798173],[111.1029151,32.5786692],[111.104688,32.5784002],[111.1043581,32.5779188],[111.1044386,32.577582],[111.1053532,32.5784183],[111.1040041,32.5820639],[111.1049965,32.5825837],[111.1072442,32.5779821],[111.107963,32.578129],[111.1076948,32.5813904],[111.1061794,32.5841883],[111.1063564,32.5859602],[111.1080931,32.5879783],[111.1049348,32.5904891],[111.106748,32.5902812],[111.1054726,32.5914574],[111.1065039,32.5931015],[111.105364,32.5930969],[111.1056456,32.5939692],[111.1069787,32.5937478],[111.1097386,32.5960889],[111.1073944,32.5930472],[111.1089849,32.5894111],[111.1106774,32.5902089],[111.1109188,32.5918902],[111.1121258,32.5924845],[111.1124021,32.5908145],[111.1115518,32.589906],[111.1124477,32.5894066],[111.1124986,32.5878789],[111.111356,32.5892055],[111.1108893,32.5882721],[111.1094195,32.5885094],[111.1094516,32.5870178],[111.1110127,32.5867218],[111.1103126,32.5853003],[111.1091003,32.586193],[111.1084324,32.5849025],[111.109288,32.5824142],[111.1120185,32.5833928],[111.1112675,32.5816864],[111.1095643,32.5811915],[111.1110127,32.5771142],[111.111002,32.579797],[111.1130163,32.5828639],[111.1135259,32.5813632],[111.1119649,32.5786353],[111.1133006,32.5786398],[111.1127776,32.5775323],[111.113534,32.5762507],[111.1149663,32.5761355],[111.1138827,32.5797111],[111.1144701,32.5801586],[111.1174741,32.5782013],[111.1164361,32.5772791],[111.1167821,32.5753896],[111.1185068,32.5769266],[111.1183566,32.5750867],[111.120041,32.5744719],[111.1207384,32.575697],[111.1194456,32.5761852],[111.1198264,32.5774961],[111.1176243,32.5807643],[111.118421,32.5815373],[111.1171871,32.581822],[111.1176753,32.583542],[111.119298,32.5823871],[111.1209047,32.5784228],[111.1228278,32.5774509],[111.1227742,32.5747002],[111.1236727,32.5739408],[111.1232382,32.5790624],[111.1215216,32.5786963],[111.1216101,32.580353],[111.1229432,32.5808299],[111.1209154,32.5815813],[111.1214599,32.5834403],[111.119471,32.5854393],[111.119978,32.5863805],[111.1189413,32.5868054],[111.1191626,32.5875365],[111.1179596,32.5878653],[111.1191291,32.5883795],[111.1187482,32.5900461],[111.1194804,32.5902993],[111.1240509,32.5815576],[111.1248851,32.5844731],[111.1239141,32.5865387],[111.1250219,32.5882608],[111.1269262,32.5835781],[111.1261243,32.5812502],[111.1282566,32.5793088],[111.1264273,32.5790918],[111.1277336,32.577747],[111.1261672,32.575532],[111.128034,32.5765581],[111.1288065,32.5759976],[111.1286804,32.5742436],[111.1260277,32.5739927],[111.1275619,32.5736899],[111.1267975,32.5719065],[111.1276826,32.571251],[111.1293027,32.5727722],[111.1291015,32.5698382],[111.1299625,32.5691533],[111.1309469,32.5697004],[111.1308369,32.5680005],[111.1321726,32.5670579],[111.1325026,32.5689601],[111.1304051,32.570965],[111.1302629,32.572623],[111.1307967,32.5734571],[111.1324623,32.5708328],[111.1329237,32.5730796],[111.1316013,32.5744007],[111.1318065,32.5757614],[111.1304574,32.5761004],[111.1302026,32.5778318],[111.12941,32.5775651],[111.1289459,32.5811463],[111.1279723,32.5818627],[111.1288682,32.5832391],[111.1306599,32.580918],[111.1308503,32.5787076],[111.1318454,32.578511],[111.1316952,32.5770237],[111.1344847,32.5760225],[111.132929,32.5746934],[111.1345196,32.5737916],[111.1337042,32.5699287],[111.1346295,32.568421],[111.1337846,32.5672704],[111.134643,32.5669878],[111.1343506,32.5655479],[111.1335057,32.5661854],[111.1327761,32.5649647],[111.1353081,32.5632286],[111.135622,32.5693658],[111.1347663,32.5699648],[111.13574,32.5704621],[111.1358929,32.5727112],[111.1372179,32.572849],[111.1382063,32.5714239],[111.137179,32.5702768],[111.1371629,32.5673597],[111.1383551,32.5687103],[111.1388808,32.568161],[111.1381218,32.5652925],[111.1372259,32.5658553],[111.1373064,32.5625889],[111.1399752,32.5599417],[111.1393878,32.5625798],[111.1381593,32.5635428],[111.1393395,32.563371],[111.140171,32.5681475],[111.1399645,32.5640695],[111.1413592,32.5599666],[111.1427459,32.5588521],[111.142365,32.5631495],[111.1439127,32.5583231],[111.1455622,32.5574979],[111.1438349,32.561861],[111.1456373,32.5623515],[111.1434379,32.5632399],[111.1424911,32.565349],[111.1438456,32.5640085],[111.1452538,32.5640175],[111.1437464,32.56626],[111.1418715,32.5668138],[111.1443485,32.567371],[111.1458546,32.5651139],[111.1458626,32.566963],[111.1463159,32.5676298],[111.1467773,32.5669358],[111.1470267,32.5682876],[111.1457553,32.5684571],[111.1458412,32.5696032],[111.1444598,32.5687555],[111.1440709,32.5698247],[111.1421987,32.5688821],[111.1418581,32.5700507],[111.14299,32.5708486],[111.1415738,32.5709639],[111.1421961,32.5728197],[111.1411554,32.5738436],[111.142526,32.573934],[111.1443257,32.5722455],[111.1443526,32.5742595],[111.1420432,32.5745974],[111.142868,32.5761219],[111.1412157,32.5757196],[111.1415952,32.5767932],[111.1407678,32.5767299],[111.1405116,32.5778419],[111.1408818,32.5790025],[111.1426896,32.5776103],[111.1440441,32.5783403],[111.1438175,32.5768746],[111.1462221,32.5743114],[111.1465493,32.5776182],[111.1457634,32.579719],[111.1416543,32.5809915],[111.1419171,32.5821305],[111.1474505,32.5808547],[111.1481667,32.5751602],[111.1498015,32.5748663],[111.1494514,32.5732186],[111.1475363,32.5730299],[111.148923,32.5726106],[111.1479239,32.57113],[111.1491805,32.5714601],[111.1493441,32.5703807],[111.1511439,32.5728558],[111.1514792,32.5703468],[111.1526915,32.5712397],[111.1535579,32.5703785],[111.1539361,32.5722433],[111.1528578,32.5725394],[111.1537403,32.5730864],[111.152949,32.5735927],[111.1535177,32.5741419],[111.1513585,32.5734729],[111.1510983,32.5759908],[111.1491296,32.5762756],[111.149953,32.5788952],[111.1524582,32.5768339],[111.1528739,32.5772882],[111.1516428,32.5777312],[111.1510366,32.5796004],[111.1489525,32.5793427],[111.1491322,32.5806242],[111.1481801,32.5801405],[111.1475015,32.5818356],[111.1445966,32.5818899],[111.1426252,32.5833702],[111.1406484,32.5825747],[111.1383578,32.5843533],[111.1376443,32.5860099],[111.1394066,32.586776],[111.1363354,32.5896507],[111.1360243,32.5912122],[111.1370489,32.592254],[111.1337712,32.5969747],[111.136094,32.59723],[111.1370677,32.5949929],[111.1393422,32.5933184],[111.1382586,32.5918586],[111.1394119,32.5898586],[111.1407959,32.5921907],[111.1425877,32.5922902],[111.1415148,32.586758],[111.1428666,32.586654],[111.143159,32.5887806],[111.1444263,32.5899806],[111.1465225,32.5881603],[111.1449963,32.5871828],[111.1451572,32.5863421],[111.1475216,32.5876156],[111.1482112,32.5870643],[111.1474894,32.5856664],[111.1486065,32.586654],[111.1498162,32.5853794],[111.1528927,32.5852686],[111.1522476,32.5841171],[111.1539602,32.5842177],[111.1550063,32.5824854],[111.1558211,32.5841215],[111.1543913,32.5851235],[111.1557145,32.5866377],[111.1499552,32.5863681],[111.1465898,32.5909557],[111.1514484,32.5897829],[111.1517683,32.5885248],[111.152935,32.5901562],[111.1552879,32.5900524],[111.1545413,32.5933772],[111.1559278,32.5933772],[111.1545413,32.5952642],[111.1524082,32.5958932],[111.1516132,32.5948961],[111.1499552,32.5952642],[111.1507018,32.5974207],[111.1443082,32.6014563],[111.1432216,32.6012685],[111.1436953,32.6021604],[111.1420794,32.603592],[111.1364646,32.6046189],[111.1346967,32.6034512],[111.1353096,32.6048124],[111.1299328,32.6086847],[111.1243331,32.6098346],[111.1268107,32.610033],[111.1322242,32.6085285],[111.1333083,32.6070987],[111.1349344,32.6078316],[111.1361896,32.6056328],[111.1372736,32.6055486],[111.1377158,32.6066901],[111.1392648,32.6054193],[111.140463,32.6068973],[111.1415185,32.6046503],[111.1411257,32.6057952],[111.1437921,32.6075022],[111.1430455,32.6137012],[111.1436854,32.6156776],[111.1443253,32.6154979],[111.145652,32.6069701],[111.147205,32.6048968],[111.1470983,32.6022014],[111.1484971,32.6030208],[111.1473694,32.6059267],[111.1483781,32.6067835],[111.1522005,32.6018336],[111.1519299,32.6006824],[111.1537242,32.6004184],[111.1534774,32.5983395],[111.1545825,32.5995598],[111.1564922,32.5997315],[111.1522445,32.6024603],[111.1508312,32.6064241],[111.1497646,32.6066038],[111.1498713,32.6075921],[111.1479542,32.607737],[111.1483781,32.6100178],[111.1467783,32.6100178],[111.1461384,32.6121739],[111.1488048,32.6125333],[111.1456502,32.614396],[111.1452032,32.6163529],[111.1478449,32.6166657],[111.149658,32.6176539],[111.149658,32.6185522],[111.1488048,32.6193607],[111.1470983,32.6186421],[111.1467783,32.6201692],[111.1440054,32.6190912],[111.1438987,32.621337],[111.1467783,32.6229539],[111.1449652,32.6237623],[111.1457118,32.6268164],[111.1445386,32.6263672],[111.1443253,32.6271757],[111.1440054,32.6264571],[111.1428322,32.6275349],[111.1437921,32.6237623],[111.1425785,32.6232872],[111.1421923,32.6215166],[111.141659,32.6234928],[111.1393126,32.621337],[111.1379261,32.6215166],[111.1383527,32.6226844],[111.1373929,32.6232234],[111.1407096,32.6251953],[111.1408058,32.6258283],[111.1382569,32.6258931],[111.1403791,32.6278044],[111.139206,32.6287026],[111.1402725,32.6298703],[111.1390993,32.6306787],[111.1403791,32.6313972],[111.1386768,32.6321124],[111.1367681,32.6292962],[111.1363402,32.630017],[111.1354416,32.6293203],[111.1350422,32.6304495],[111.1338012,32.6295966],[111.1335159,32.6308819],[111.1322892,32.6301732],[111.1302638,32.6307258],[111.1292796,32.6289118],[111.1278104,32.6294764],[111.1255709,32.6283112],[111.1295078,32.6308579],[111.1288357,32.6321913],[111.1330558,32.6314523],[111.1328775,32.6324658],[111.1317632,32.6325972],[111.132677,32.6334794],[111.1304705,32.6366325],[111.1261913,32.638378],[111.1252998,32.6379651],[111.1250992,32.6389973],[111.1226031,32.6396542],[111.1199954,32.638453],[111.1183239,32.6359568],[111.1180564,32.6373457],[111.1188142,32.6389598],[111.1221796,32.6411743],[111.1253444,32.6408365],[111.1313843,32.6375522],[111.1345937,32.6330101],[111.1360064,32.6346307],[111.1351531,32.6350797],[111.1354731,32.6360677],[111.1370729,32.6356186],[111.138886,32.6394806],[111.1413807,32.6385573],[111.1421483,32.6388652],[111.1403791,32.640199],[111.1405925,32.6413666],[111.141659,32.6413666],[111.1391926,32.6428618],[111.1384594,32.6419952],[111.1367529,32.6445996],[111.1377128,32.6447792],[111.1383719,32.6437625],[111.1410191,32.6442404],[111.1379261,32.6462161],[111.1382461,32.6472039],[111.1398459,32.6465753],[111.1392193,32.6484297],[111.1404858,32.648102],[111.1415523,32.6454977],[111.1424056,32.6459467],[111.1415523,32.6480122],[111.1426189,32.6480122],[111.1418723,32.6486408],[111.1422989,32.6517838],[111.1419789,32.6502572],[111.1410191,32.6514246],[111.1403791,32.6504368],[111.1372862,32.6509756],[111.1362197,32.6498082],[111.1357931,32.6504368],[111.1369662,32.6514246],[111.1365396,32.6519634],[111.1401658,32.6526818],[111.1390993,32.6537593],[111.1376062,32.6534001],[111.138886,32.655196],[111.1424871,32.6539971],[111.1433654,32.6578001],[111.1410191,32.6560042],[111.1414457,32.6579796],[111.1365396,32.6575307],[111.1346199,32.6590571],[111.1384594,32.6584286],[111.1357931,32.659955],[111.1372862,32.6604938],[111.1390993,32.6590571],[111.1386823,32.6613081],[111.141665,32.6599352],[111.1417508,32.6613262],[111.1405062,32.6621933],[111.1414504,32.662952],[111.1393126,32.6634568],[111.140635,32.6641262],[111.1419868,32.6639275],[111.1430383,32.6621933],[111.1455917,32.6624642],[111.1433387,32.6655351],[111.1461925,32.6641804],[111.1469865,32.6666009],[111.1450767,32.6670525],[111.1483168,32.6686963],[111.1444545,32.6708999],[111.1431455,32.6691659],[111.1428022,32.671478],[111.1447763,32.6730494],[111.145184,32.6722546],[111.1490035,32.6716947],[111.14851,32.6732119],[111.1465788,32.6742596],[111.1471796,32.6751627],[111.1465359,32.6766257],[111.1494112,32.6744944],[111.1502266,32.6777274],[111.1486172,32.6791001],[111.1475229,32.6777455],[111.1464715,32.6800212],[111.1507845,32.6799128],[111.1488318,32.6815744],[111.1508488,32.6830012],[111.1469435,32.682658],[111.1477375,32.6842654],[111.1468363,32.685349],[111.1458063,32.6835972],[111.1448622,32.6841209],[111.1435962,32.6819898],[111.1447549,32.6814841],[111.1432957,32.6797503],[111.144433,32.6785402],[111.1426949,32.6777816],[111.142888,32.6766076],[111.1447978,32.6756323],[111.141665,32.6748375],[111.1397123,32.6676847],[111.13909,32.6687324],[111.137352,32.6677931],[111.1391544,32.6655532],[111.1361289,32.6671428],[111.1379261,32.6645342],[111.1377128,32.6634568],[111.1342999,32.6644444],[111.1340866,32.6635466],[111.1356864,32.6632772],[111.1363881,32.6619894],[111.1349398,32.6613019],[111.1335533,32.6621998],[111.1338733,32.6611223],[111.1328068,32.6602244],[111.1319222,32.661928],[111.1320602,32.6657912],[111.1304604,32.6654321],[111.1315269,32.6602244],[111.1328921,32.6594803],[111.1316336,32.6590571],[111.1327001,32.6575307],[111.1311003,32.6577103],[111.130716,32.6553074],[111.1292872,32.6546573],[111.1298205,32.6534899],[111.1277941,32.6535797],[111.1271541,32.6527716],[111.1299271,32.6593265],[111.1288606,32.6602244],[111.1297138,32.6611223],[111.1287539,32.6626487],[111.1279007,32.6577103],[111.1267275,32.6585184],[111.1264076,32.6569919],[111.1274741,32.6555552],[111.125981,32.6555552],[111.1264076,32.6542083],[111.1224954,32.6518865],[111.1219562,32.6506807],[111.1207579,32.6513915],[111.1208616,32.6531307],[111.1192618,32.6532205],[111.1183019,32.6548369],[111.1200084,32.6548369],[111.120435,32.655645],[111.1211816,32.6546573],[111.1220348,32.655196],[111.1223739,32.65391],[111.1243812,32.6558246],[111.120435,32.6579796],[111.1236346,32.6576205],[111.1242745,32.6587878],[111.1229947,32.6595061],[111.1250211,32.6609427],[111.1227814,32.6610325],[111.1218215,32.6596857],[111.1206483,32.6611223],[111.1217762,32.6616375],[111.1216082,32.6624691],[111.125981,32.6631874],[111.1257677,32.664624],[111.1264076,32.6641751],[111.1268342,32.6651627],[111.1234213,32.6640853],[111.123208,32.6651627],[111.1248078,32.6661504],[111.1237412,32.667138],[111.1224614,32.6640853],[111.1193171,32.660397],[111.1195818,32.6590571],[111.1184044,32.6600322],[111.1195818,32.6637262],[111.1188352,32.6639057],[111.117662,32.6595959],[111.1133959,32.6593265],[111.1135025,32.6612121],[111.1162755,32.6615713],[111.1120094,32.6630976],[111.1146757,32.6639057],[111.1153476,32.663046],[111.1154356,32.6645028],[111.1172354,32.6639955],[111.1168088,32.6656116],[111.1183019,32.6659708],[111.1192618,32.6683949],[111.1144624,32.6653423],[111.1167021,32.6693825],[111.1126493,32.6681256],[111.1161689,32.6713577],[111.117342,32.6704599],[111.1190485,32.6703701],[111.1189418,32.6709985],[111.1161689,32.6715372],[111.1154223,32.6727043],[111.1153695,32.6715005],[111.1094497,32.6691132],[111.1101963,32.6703701],[111.1089164,32.6713577],[111.1117961,32.6718066],[111.1090231,32.6717168],[111.1071033,32.6727043],[111.1109429,32.6737817],[111.1129693,32.6728839],[111.1135025,32.6743203],[111.1105162,32.6753976],[111.1091297,32.6772829],[111.1093431,32.6753078],[111.1079192,32.6744516],[111.1076366,32.6771931],[111.1061435,32.6769238],[111.1067834,32.6793476],[111.1027306,32.6832974],[111.101848,32.6857413],[111.0987844,32.6857211],[111.0966513,32.6826691],[111.0972912,32.6857211],[111.0966513,32.6864392],[111.0983991,32.6868812],[111.0976112,32.6878754],[111.1001709,32.6870675],[111.1011308,32.6889525],[111.099531,32.6898502],[111.0991043,32.6919146],[111.0952648,32.6929019],[111.0953915,32.6959382],[111.0941067,32.6952881],[111.092315,32.6959743],[111.0963464,32.6977484],[111.0952145,32.6986152],[111.0936964,32.6978884],[111.0932511,32.6989267],[111.0916015,32.6986355],[111.0914674,32.6966289],[111.0899734,32.69785],[111.08937,32.6966289],[111.0917544,32.6910715],[111.0907406,32.6869676],[111.0900325,32.6909925],[111.0881254,32.6910444],[111.0896328,32.6919609],[111.0876909,32.695744],[111.0850114,32.6951414],[111.0856551,32.6967688],[111.0878116,32.6975724],[111.0860628,32.6981953],[111.0879564,32.7005653],[111.0897857,32.7006511],[111.0897186,32.7019263],[111.0912931,32.7014185],[111.0936642,32.7023258],[111.0930526,32.7035108],[111.0924759,32.7025741],[111.0911241,32.7028382],[111.0908881,32.7044316],[111.0921675,32.704795],[111.0910356,32.7078126],[111.0890105,32.7083384],[111.0901129,32.7066706],[111.089716,32.7056008],[111.0878545,32.7066367],[111.0904857,32.7025267],[111.0896932,32.7021678],[111.0869774,32.7037658],[111.0885814,32.7010664],[111.086264,32.7011589],[111.0860655,32.6996196],[111.0846975,32.698877],[111.0845554,32.7030955],[111.0820797,32.7037839],[111.0804999,32.7062056],[111.0792902,32.7073431],[111.0804543,32.7046889],[111.0835791,32.7020415],[111.0835925,32.7004863],[111.0821414,32.6956741],[111.0822648,32.7005191],[111.0814346,32.7015584],[111.0802571,32.7011036],[111.0805669,32.702099],[111.0783246,32.7036801],[111.077874,32.7031677],[111.077131,32.6970036],[111.0778686,32.6962181],[111.0770479,32.6939021],[111.0782817,32.6931482],[111.0770103,32.6923514],[111.0776635,32.6906223],[111.0766831,32.6896968],[111.0768279,32.6851751],[111.0754922,32.6859799],[111.0748538,32.68812],[111.07316,32.6878096],[111.0747533,32.6891279],[111.0748927,32.6909439],[111.0719088,32.6911087],[111.0751274,32.6921764],[111.0744515,32.6938389],[111.0715145,32.6932757],[111.0742852,32.696279],[111.0707366,32.6974843],[111.0738721,32.6993262],[111.0724586,32.700931],[111.0745507,32.7016916],[111.0745212,32.703047],[111.0732485,32.7028167],[111.0729495,32.7040807],[111.0705341,32.7032343],[111.069417,32.7042037],[111.069138,32.7080179],[111.0678506,32.7082346],[111.0661501,32.7080315],[111.0664934,32.7026667],[111.0650504,32.7075316],[111.0619028,32.7064358],[111.0618787,32.7049857],[111.0649283,32.7012955],[111.066142,32.6987461],[111.0659838,32.6980509],[111.0624379,32.7038245],[111.0608715,32.7044892],[111.0605711,32.7060273],[111.0592246,32.7049519],[111.0607293,32.703337],[111.0591803,32.698824],[111.0591267,32.703785],[111.057052,32.7020482],[111.0571553,32.7031722],[111.0517091,32.7008926],[111.0513027,32.6992359],[111.0537288,32.6973895],[111.0539259,32.6965781],[111.0528691,32.697762],[111.0516085,32.6974584],[111.0505758,32.6991467],[111.0490081,32.6978884],[111.0508642,32.7011962],[111.0475154,32.7003148],[111.0450894,32.7011251],[111.0453187,32.6970724],[111.0433111,32.6957192],[111.0421041,32.6931979],[111.0443705,32.6883604],[111.0419968,32.6875251],[111.0416776,32.6858208],[111.0400361,32.6856334],[111.0419753,32.6882848],[111.0405135,32.6921008],[111.0418385,32.6965386],[111.0433204,32.697727],[111.0433634,32.7002516],[111.0409078,32.6974663],[111.0421403,32.7010833],[111.0409977,32.7024342],[111.0396163,32.7017164],[111.0363762,32.6979087],[111.0359497,32.6977247],[111.039957,32.7034589],[111.0380003,32.7046133],[111.036454,32.7034419],[111.0349399,32.7037873],[111.0314919,32.6982292],[111.033918,32.7039667],[111.0371447,32.7054563],[111.0346623,32.7081297],[111.0317574,32.7061469],[111.0317977,32.7071107],[111.0307221,32.7073341],[111.0340132,32.7088835],[111.0329564,32.7101563],[111.0264212,32.7079006],[111.0233313,32.7040502],[111.0257801,32.7082188],[111.0321504,32.7113017],[111.0312358,32.7118275],[111.0311097,32.7141836],[111.0298625,32.7136352],[111.0309166,32.7150321],[111.0305384,32.7161537],[111.0288727,32.7165599],[111.0271347,32.715734],[111.028398,32.7174445],[111.0302111,32.7172459],[111.0295567,32.7194462],[111.0313618,32.7242853],[111.0305464,32.7246419],[111.0294548,32.7220367],[111.0268061,32.721327],[111.0247073,32.7186022],[111.0212284,32.7166276],[111.0273975,32.7227611],[111.0271803,32.723614],[111.02506,32.7246633],[111.0237913,32.7225794],[111.0230067,32.7229845],[111.0245155,32.7253075],[111.0236196,32.7259416],[111.0211185,32.7262214],[111.0200925,32.7251406],[111.0199329,32.7258536],[111.0181037,32.7258953],[111.0244095,32.7271071],[111.0274377,32.7248122],[111.0293341,32.7255501],[111.0291785,32.7266986],[111.0318446,32.7260375],[111.0298383,32.7291649],[111.0304177,32.7306293],[111.028807,32.7317664],[111.0275625,32.7313366],[111.0272419,32.7298046],[111.0266747,32.7307297],[111.0242486,32.7299975],[111.0233796,32.7308571],[111.0195601,32.7298316],[111.021726,32.7307015],[111.0211721,32.7313287],[111.0231382,32.7312678],[111.0231435,32.7324659],[111.0244498,32.7310534],[111.0256407,32.7313874],[111.0251445,32.7321793],[111.0264131,32.7316852],[111.0256246,32.7344943],[111.0273707,32.7324862],[111.0302648,32.7322019],[111.0314208,32.7309609],[111.0314235,32.7288693],[111.03277,32.7281653],[111.0333279,32.7293838],[111.0325634,32.7299185],[111.03358,32.7306744],[111.033065,32.7322673],[111.0319412,32.7340859],[111.0302541,32.7344943],[111.0316971,32.7348011],[111.0311633,32.7359292],[111.0292,32.7360646],[111.0306001,32.7366444],[111.0296398,32.7368091],[111.0300744,32.737495],[111.0284516,32.7400444],[111.0277328,32.7405701],[111.0267967,32.7394782],[111.0261825,32.740173],[111.0272232,32.7410822],[111.0267913,32.7417297],[111.0234681,32.7421268],[111.0238194,32.7428713],[111.0205954,32.7434985],[111.0208395,32.744464],[111.0182351,32.7456552],[111.0146892,32.745795],[111.0128492,32.7453348],[111.0124871,32.7434872],[111.0132945,32.7429525],[111.0119238,32.7412717],[111.0115886,32.7453484],[111.0093221,32.7446693],[111.0067418,32.7392142],[111.0106659,32.7386592],[111.0139596,32.7368385],[111.0083324,32.7378673],[111.0074915,32.7374725],[111.0075907,32.7360082],[111.0059613,32.7381369],[111.0053015,32.7361278],[111.0076216,32.7342348],[111.0081366,32.7324681],[111.0078737,32.7303517],[111.0074821,32.7314483],[111.0065943,32.7313107],[111.0061705,32.7280931],[111.0058969,32.7309542],[111.0033515,32.7301126],[111.0070047,32.732247],[111.0066614,32.7336933],[111.0036975,32.7358503],[111.0032362,32.73384],[111.0013962,32.7352749],[111.0001624,32.7331202],[110.9999344,32.7342055],[110.9985504,32.7341874],[110.9994087,32.7350313],[110.9942132,32.7359225],[110.992569,32.7353922],[110.9937143,32.733215],[110.9915981,32.7340656],[110.9916195,32.7356562],[110.985661,32.7341423],[110.98745,32.7323271],[110.9874527,32.7312622],[110.9872837,32.7310388],[110.9841764,32.7340904],[110.978997,32.7332308],[110.9797266,32.7341085],[110.9780194,32.7359631],[110.9807593,32.7370144],[110.9796891,32.7375514],[110.980829,32.7385351],[110.9795925,32.7393699],[110.9791607,32.7431397],[110.9779349,32.7431781],[110.9791929,32.7446355],[110.9781146,32.7460116],[110.978871,32.7471148],[110.9779939,32.7475772],[110.9785518,32.7482337],[110.9774575,32.7492195],[110.9777713,32.7499933],[110.9762129,32.7504895],[110.9775647,32.7512994],[110.9758347,32.7527386],[110.972034,32.7538845],[110.9639069,32.7528875],[110.9620777,32.7539093],[110.9591353,32.7537401],[110.961155,32.7544665],[110.9585533,32.7556327],[110.9586176,32.7570267],[110.9572121,32.7575816],[110.9584594,32.758256],[110.9578237,32.7595079],[110.9520757,32.7622552],[110.9565067,32.7584365],[110.9555116,32.7578838],[110.9520838,32.7591741],[110.9510565,32.7580192],[110.9512255,32.7597921],[110.9490582,32.7610913],[110.9497261,32.7593793],[110.9494525,32.7589553],[110.9482992,32.7605116],[110.9466791,32.7606943],[110.9439433,32.7585041],[110.9452119,32.7602455],[110.9437233,32.7596207],[110.9434658,32.7605387],[110.9475777,32.7613484],[110.9462258,32.7630311],[110.9435651,32.7629927],[110.9447184,32.7636626],[110.9477386,32.7627221],[110.9451744,32.7671022],[110.9434149,32.7674179],[110.9426987,32.7694996],[110.9398368,32.7703409],[110.9384286,32.7683359],[110.935733,32.7689832],[110.9370393,32.7694771],[110.9358752,32.7698695],[110.9307951,32.7690373],[110.935851,32.770501],[110.9383348,32.7698199],[110.9389114,32.7706747],[110.9353334,32.7721677],[110.9374443,32.7717933],[110.9367254,32.7734148],[110.9382543,32.7715249],[110.9422964,32.7709521],[110.9426746,32.7730901],[110.9415615,32.7750273],[110.9434041,32.7770254],[110.9442598,32.7818062],[110.941996,32.7839237],[110.9451905,32.7837546],[110.9456572,32.7855743],[110.9505871,32.7859689],[110.9698078,32.7820069],[110.9720635,32.7825752],[110.9729688,32.7837794],[110.9745687,32.7834231],[110.9768647,32.784758],[110.9784566,32.7843285],[110.9789367,32.7851741],[110.9810114,32.7852372],[110.9825255,32.7864064],[110.9797253,32.7889826],[110.9804749,32.7894009],[110.9816712,32.7881663],[110.9823941,32.789517],[110.9835005,32.7877221],[110.9845506,32.789597],[110.9830365,32.7908282],[110.9859225,32.7902284],[110.9860808,32.7921089],[110.9808451,32.7939781],[110.9808531,32.7915136],[110.979512,32.7905193],[110.9777364,32.7908485],[110.977487,32.7929251],[110.9756604,32.793331],[110.9769317,32.7941134],[110.9767011,32.795615],[110.9731847,32.7947808],[110.97433,32.7958315],[110.971401,32.7962689],[110.9685177,32.7944087],[110.9692365,32.7934245],[110.9665918,32.7885485],[110.9647223,32.7932137],[110.963695,32.7913085],[110.9623218,32.7920187],[110.9612998,32.7906162],[110.9597227,32.7914505],[110.9584004,32.7909635],[110.9584889,32.7900097],[110.95685,32.7912137],[110.9571075,32.7889499],[110.9558979,32.7904945],[110.9548169,32.7893693],[110.9547177,32.7911213],[110.9533444,32.7904246],[110.9528697,32.7914144],[110.951322,32.7907921],[110.9511825,32.7916241],[110.9492598,32.7920736],[110.943691,32.7918571],[110.9356281,32.793795],[110.9333209,32.7950924],[110.9336417,32.7959013],[110.9316104,32.7964405],[110.9336417,32.7966202],[110.9323588,32.7977884],[110.9330002,32.7982378],[110.9316699,32.8018191],[110.9288308,32.8021019],[110.9313966,32.8030903],[110.9301137,32.8044382],[110.930488,32.8058572],[110.9294425,32.8066496],[110.9291515,32.8086615],[110.9278025,32.8089197],[110.928617,32.8094701],[110.926372,32.8104585],[110.9242338,32.8092904],[110.9243407,32.8099194],[110.9227135,32.8096836],[110.9215611,32.8083919],[110.9205989,32.808931],[110.9185677,32.8071339],[110.9176055,32.8078528],[110.9153605,32.8067745],[110.9146121,32.8074035],[110.9107635,32.8065948],[110.9034938,32.8012931],[110.8980449,32.801158],[110.8971862,32.800035],[110.898576,32.797429],[110.8964379,32.8006641],[110.8956895,32.8002148],[110.8969724,32.8019221],[110.8918655,32.8034813],[110.8889794,32.8029582],[110.8891725,32.8014522],[110.8862007,32.7995223],[110.8859646,32.8013801],[110.8847201,32.8019302],[110.881598,32.7985663],[110.8784202,32.7992662],[110.8778861,32.798458],[110.877352,32.7995355],[110.87607,32.7994457],[110.8726515,32.7981886],[110.872972,32.7967518],[110.8719037,32.7968416],[110.8719037,32.7980988],[110.8696151,32.7971353],[110.8701945,32.7955844],[110.8713696,32.7952252],[110.8708355,32.7940578],[110.8726515,32.7936088],[110.8712628,32.7931598],[110.8733993,32.7917229],[110.8722242,32.7911841],[110.8744676,32.7896574],[110.8696568,32.7861922],[110.8673102,32.7857058],[110.867417,32.7831013],[110.871156,32.7821134],[110.8666585,32.7822216],[110.8654189,32.7807351],[110.86058,32.7795087],[110.8598322,32.77888],[110.8603664,32.7780716],[110.8552386,32.7775327],[110.8529952,32.7746585],[110.8508971,32.7744771],[110.8518201,32.7730417],[110.8509655,32.7729519],[110.8527816,32.7729519],[110.8538892,32.7701614],[110.8534226,32.766664],[110.8552386,32.7667539],[110.8566274,32.7633403],[110.8548113,32.7622623],[110.8554523,32.7639691],[110.8531021,32.7655861],[110.851029,32.7614902],[110.8503245,32.7645081],[110.8490741,32.7657975],[110.8490426,32.7694487],[110.847547,32.7700604],[110.8489358,32.7712452],[110.8482098,32.7728871],[110.8434876,32.7742094],[110.8455173,32.7748381],[110.8465856,32.7738501],[110.845731,32.7757363],[110.8509655,32.7791495],[110.8564137,32.780856],[110.8582298,32.7805865],[110.8595117,32.7813948],[110.8590844,32.7822032],[110.861451,32.7823226],[110.8613278,32.7849874],[110.8621831,32.7850543],[110.863037,32.7878613],[110.8635712,32.7871428],[110.8644564,32.7876551],[110.8664455,32.7899635],[110.8713696,32.789388],[110.8707286,32.7914535],[110.8684853,32.7933394],[110.8694819,32.7950054],[110.8679511,32.793968],[110.8642121,32.7945068],[110.8630979,32.7929797],[110.8573752,32.7915433],[110.8571615,32.789837],[110.8549181,32.7896574],[110.8530836,32.7870143],[110.8507519,32.785616],[110.8505382,32.7874122],[110.8554523,32.7915433],[110.8548113,32.7928006],[110.8571615,32.7929802],[110.8572683,32.7945068],[110.8586291,32.7944821],[110.8536362,32.7963926],[110.8569479,32.7960334],[110.8553454,32.8002539],[110.8562001,32.8002539],[110.858645,32.7963211],[110.861221,32.7970212],[110.8600459,32.7952252],[110.8620756,32.7950456],[110.8665624,32.7965722],[110.8657077,32.798458],[110.8679511,32.7999845],[110.8723311,32.8000743],[110.8740403,32.8017804],[110.8771383,32.8018702],[110.8777793,32.8030375],[110.8786339,32.802409],[110.8787407,32.8033967],[110.8806636,32.8032171],[110.8799158,32.8024988],[110.8815393,32.8005335],[110.8827635,32.801942],[110.8820969,32.8027508],[110.8867264,32.8034181],[110.8880353,32.8049422],[110.8895051,32.8046175],[110.8896446,32.8056546],[110.8915758,32.8052488],[110.8878401,32.8069989],[110.8844642,32.8061455],[110.8841435,32.807673],[110.8814708,32.8074035],[110.8820053,32.8086615],[110.8795232,32.8080686],[110.8787981,32.8065948],[110.8768738,32.8080325],[110.8762323,32.8064151],[110.8728113,32.807673],[110.871956,32.8069542],[110.8701386,32.8087513],[110.8691764,32.8074035],[110.8693903,32.80956],[110.8674659,32.8100093],[110.8668245,32.808931],[110.8665183,32.8108342],[110.8652209,32.8105484],[110.8652209,32.8114469],[110.8628689,32.8120758],[110.8621206,32.8079426],[110.8608377,32.8092006],[110.861586,32.8117164],[110.859234,32.8111773],[110.8602585,32.8125317],[110.8577373,32.8120758],[110.8584857,32.813154],[110.8526058,32.8123454],[110.8527127,32.8133337],[110.8511205,32.813565],[110.8473673,32.8127048],[110.8460844,32.8132439],[110.8462982,32.8120758],[110.845443,32.8125251],[110.844267,32.8111773],[110.844267,32.8094701],[110.8440532,32.8120758],[110.8433048,32.8124352],[110.8451223,32.8134236],[110.8440727,32.8133264],[110.8393448,32.8109861],[110.8402045,32.8108179],[110.8393493,32.8099194],[110.8398838,32.8092006],[110.8371042,32.8080325],[110.837318,32.8074035],[110.8353937,32.8066846],[110.8345384,32.8069542],[110.8383871,32.8092006],[110.8374203,32.8108381],[110.8275247,32.8045634],[110.827471,32.8035444],[110.8228683,32.8027418],[110.8230293,32.8005323],[110.8209908,32.8029312],[110.8181906,32.8020113],[110.8139419,32.802832],[110.8141136,32.8005504],[110.8153582,32.7995764],[110.8144247,32.7985032],[110.8148217,32.7976194],[110.813663,32.7978268],[110.8140063,32.7996756],[110.8123755,32.8006947],[110.8123219,32.803842],[110.8111632,32.8042298],[110.8092856,32.8022097],[110.8077943,32.7981966],[110.807687,32.79936],[110.8065712,32.7994772],[110.8077836,32.7999281],[110.8074725,32.801353],[110.8004022,32.7980162],[110.7895553,32.7949499],[110.7813263,32.7942554],[110.7796633,32.7927853],[110.7786655,32.7941111],[110.777024,32.79403],[110.7745027,32.7934437],[110.7735908,32.791703],[110.7723999,32.7928124],[110.7682478,32.790765],[110.7673252,32.7912521],[110.7670462,32.7899172],[110.765512,32.7909635],[110.7560921,32.7892047],[110.751822,32.7860298],[110.7506955,32.7837117],[110.7507813,32.7795985],[110.753206,32.7769194],[110.7549226,32.7736268],[110.7516181,32.7782455],[110.7496226,32.7775599],[110.7476056,32.7796887],[110.7494295,32.7796887],[110.7489252,32.7822685],[110.7497406,32.7854796],[110.7488823,32.7868596],[110.7509315,32.7862463],[110.7514357,32.7871753],[110.7480454,32.7881494],[110.7477558,32.7869769],[110.7461572,32.7863004],[110.7409859,32.7886816],[110.7426596,32.7890784],[110.7412434,32.7899172],[110.7443547,32.7909184],[110.7476002,32.789791],[110.7447356,32.792393],[110.7408839,32.7940254],[110.7380354,32.8021376]],[[110.7767102,32.8305761],[110.7772627,32.8300983],[110.7788211,32.8301073],[110.7784,32.8309795],[110.7767102,32.8305761]],[[110.7773003,32.8228294],[110.7775015,32.8224485],[110.7778341,32.8225522],[110.7773003,32.8228294]],[[110.7775927,32.8332941],[110.7799905,32.8313649],[110.7813746,32.831748],[110.7813048,32.8320771],[110.7775927,32.8332941]],[[110.7784429,32.8238865],[110.778856,32.8228767],[110.7794863,32.8236927],[110.7784429,32.8238865]],[[110.7786173,32.8218692],[110.7794085,32.8202959],[110.7808703,32.8209631],[110.7822597,32.819552],[110.7842553,32.8233478],[110.7828793,32.8235507],[110.7819593,32.8220811],[110.7786173,32.8218692]],[[110.7813612,32.8253832],[110.7817635,32.8246935],[110.7819942,32.8253696],[110.7813612,32.8253832]],[[110.7831931,32.8262554],[110.7837537,32.8256131],[110.7845557,32.825843],[110.7839709,32.8264064],[110.7831931,32.8262554]],[[110.7833111,32.8207444],[110.7869965,32.8216956],[110.7884395,32.8213981],[110.7864171,32.8227753],[110.7838395,32.8222839],[110.7833111,32.8207444]],[[110.7859933,32.8192162],[110.785768,32.8187654],[110.7861435,32.8188826],[110.7859933,32.8192162]],[[110.7878682,32.8179043],[110.7885361,32.8167592],[110.7903975,32.8173971],[110.7905182,32.818691],[110.7885227,32.8205506],[110.7878682,32.8179043]],[[110.789035,32.8156006],[110.7889813,32.8141534],[110.789094,32.8141579],[110.789035,32.8156006]],[[110.7903278,32.8229263],[110.7898557,32.8225071],[110.7901239,32.8224936],[110.7903278,32.8229263]],[[110.7903841,32.8260683],[110.7901239,32.8254373],[110.7910252,32.8255883],[110.7903841,32.8260683]],[[110.7906845,32.8201787],[110.7911029,32.8187811],[110.7930717,32.821069],[110.7948849,32.8203567],[110.795432,32.8209586],[110.7925487,32.8225567],[110.7906845,32.8201787]],[[110.7922268,32.8234312],[110.7940024,32.8236656],[110.7936966,32.8262442],[110.7928866,32.8264245],[110.7930529,32.824175],[110.7922268,32.8234312]],[[110.793997,32.8180576],[110.7944745,32.8167817],[110.795896,32.81776],[110.7954186,32.818301],[110.793997,32.8180576]],[[110.7957914,32.8243914],[110.7958692,32.8239677],[110.7961348,32.8243689],[110.7957914,32.8243914]],[[110.7959926,32.8251059],[110.7963252,32.8244906],[110.7967356,32.8248783],[110.7959926,32.8251059]],[[110.7965881,32.8176924],[110.7976448,32.8168584],[110.798648,32.8186211],[110.7969475,32.8186076],[110.7965881,32.8176924]],[[110.9471029,32.7693147],[110.9467059,32.7688005],[110.9471753,32.7683923],[110.9471029,32.7693147]],[[110.9472853,32.7677675],[110.9479827,32.7667977],[110.9487471,32.7666015],[110.9479183,32.7676277],[110.9472853,32.7677675]],[[111.0912394,32.7088485],[111.0910141,32.7083881],[111.091218,32.7084558],[111.0912394,32.7088485]],[[111.0933316,32.7041506],[111.0941,32.7036868],[111.0939686,32.7043831],[111.0933316,32.7041506]],[[111.0969123,32.5709232],[111.0964242,32.5705955],[111.0964724,32.57027],[111.0969123,32.5709232]],[[111.0976902,32.5744606],[111.0975856,32.5739362],[111.0977626,32.5739362],[111.0976902,32.5744606]],[[111.1090466,32.5502136],[111.1111414,32.5494788],[111.1124799,32.5495647],[111.1105648,32.5506409],[111.1090466,32.5502136]],[[111.1145708,32.5366427],[111.1149266,32.5358988],[111.1163357,32.535441],[111.1159822,32.5360409],[111.1145708,32.5366427]],[[111.1199661,32.6647159],[111.1208193,32.6643568],[111.1210326,32.6661525],[111.1207127,32.6661525],[111.1199661,32.6647159]],[[111.1203172,32.5399776],[111.1202352,32.5395217],[111.12046,32.5394724],[111.1203172,32.5399776]],[[111.1213526,32.7186606],[111.1212459,32.7183914],[111.1214592,32.7184812],[111.1213526,32.7186606]],[[111.1211715,32.5406485],[111.1215437,32.5402183],[111.121862,32.5405616],[111.1211715,32.5406485]],[[111.1217473,32.5348371],[111.1217473,32.5341563],[111.1224261,32.5344918],[111.1217473,32.5348371]],[[111.1217497,32.5356245],[111.1254269,32.5361711],[111.1275897,32.5381069],[111.1262649,32.5372623],[111.1251671,32.5379333],[111.1232243,32.5373867],[111.1217497,32.5356245]],[[111.1242322,32.6683073],[111.1241256,32.6676788],[111.1246588,32.6682175],[111.1242322,32.6683073]],[[111.1251291,32.7312698],[111.1248721,32.7296071],[111.1257254,32.7296071],[111.1251291,32.7312698]],[[111.1250855,32.7340033],[111.1259387,32.7337342],[111.1264719,32.7322987],[111.1271119,32.7331959],[111.126098,32.7336639],[111.1263653,32.7345416],[111.1250855,32.7340033]],[[111.1263653,32.6689357],[111.1271567,32.6683112],[111.1272199,32.6685568],[111.1263653,32.6689357]],[[111.1284359,32.5366733],[111.1295102,32.53618],[111.1302499,32.5362678],[111.1290456,32.5370098],[111.1284359,32.5366733]],[[111.1304383,32.5350147],[111.1305437,32.5347167],[111.1308409,32.5349555],[111.1304383,32.5350147]],[[111.1367107,32.7303249],[111.1372439,32.7302352],[111.1368173,32.731581],[111.1367107,32.7303249]],[[111.1461014,32.5570051],[111.1465734,32.5557006],[111.1473164,32.5553977],[111.1474237,32.5565439],[111.1461014,32.5570051]],[[111.1466458,32.5598287],[111.1477938,32.5594737],[111.1468229,32.5613953],[111.1466968,32.5613162],[111.1466458,32.5598287]],[[111.1477992,32.5538468],[111.147598,32.5531595],[111.148569,32.5528566],[111.1477992,32.5538468]],[[111.1505975,32.7053865],[111.1512146,32.7049613],[111.15388,32.7076554],[111.1557558,32.7070635],[111.1585898,32.7108214],[111.1561075,32.7102201],[111.1551446,32.7084463],[111.1524732,32.7078527],[111.1531766,32.7072608],[111.1505975,32.7053865]],[[111.1521754,32.7260183],[111.1521754,32.7250313],[111.152602,32.7249416],[111.1521754,32.7260183]],[[111.1565482,32.7061871],[111.1566548,32.7050205],[111.1572947,32.704841],[111.1568681,32.7056487],[111.1579347,32.7069051],[111.1572947,32.7078025],[111.1576147,32.7066358],[111.1565482,32.7061871]],[[111.1576783,32.5399477],[111.1579613,32.5381081],[111.160172,32.5411405],[111.1576783,32.5399477]],[[111.1699493,32.5585123],[111.1697339,32.5580901],[111.1704642,32.5581513],[111.1699493,32.5585123]],[[111.1730109,32.5581217],[111.1731186,32.5574943],[111.1734111,32.558027],[111.1730109,32.5581217]],[[111.1791178,32.5686896],[111.1812642,32.5693169],[111.1827739,32.5707786],[111.1812899,32.5708318],[111.1791178,32.5686896]],[[111.1821449,32.674502],[111.1831048,32.672078],[111.1836381,32.6718985],[111.1833181,32.6736042],[111.1821449,32.674502]],[[111.1829982,32.7242238],[111.1827849,32.7233265],[111.1833181,32.7241341],[111.1829982,32.7242238]],[[111.1839209,32.5717826],[111.1839279,32.5713861],[111.1841994,32.5717668],[111.1839209,32.5717826]],[[111.1841714,32.6713598],[111.1848113,32.6701927],[111.1850246,32.6703722],[111.1841714,32.6713598]],[[111.1901439,32.665524],[111.1917437,32.6644466],[111.1933435,32.664267],[111.1924903,32.6645364],[111.1934502,32.6651649],[111.1915304,32.6674095],[111.1913171,32.6666014],[111.1901439,32.666781],[111.1901439,32.665524]],[[111.1935568,32.6646262],[111.19505,32.6632794],[111.1961165,32.6641772],[111.1935568,32.6646262]],[[111.2249129,32.6639079],[111.2253395,32.6629202],[111.2269393,32.66301],[111.2269833,32.6641278],[111.2249129,32.6639079]],[[111.2271526,32.6657036],[111.2279933,32.6664632],[111.2276242,32.667164],[111.2272499,32.6664679],[111.2271526,32.6657036]],[[111.2297702,32.6522934],[111.2312508,32.6521037],[111.2314331,32.6522392],[111.2300062,32.6530702],[111.2297702,32.6522934]],[[111.242516,32.4720071],[111.2443829,32.4727131],[111.2468076,32.4757],[111.2432885,32.4739984],[111.242516,32.4720071]],[[111.2460566,32.6486981],[111.2454128,32.6484451],[111.24575,32.64725],[111.2460566,32.6486981]],[[111.2471294,32.4764422],[111.2470865,32.4760802],[111.2472796,32.4763517],[111.2471294,32.4764422]],[[111.2482882,32.4881715],[111.247859,32.4877371],[111.2484813,32.4881172],[111.2482882,32.4881715]],[[111.2535882,32.5116074],[111.2546396,32.5111189],[111.2546182,32.5125846],[111.2542748,32.5125846],[111.2535882,32.5116074]],[[111.2557685,32.6406334],[111.2571853,32.6401985],[111.2575052,32.6414558],[111.2585718,32.6416355],[111.2598516,32.6404679],[111.259425,32.643701],[111.2610248,32.6431622],[111.2608388,32.6422975],[111.2624113,32.6408272],[111.2644377,32.6434316],[111.2651643,32.6423438],[111.2682772,32.6415456],[111.2672107,32.6431622],[111.2682772,32.6431622],[111.2680639,32.6440603],[111.2641627,32.6457904],[111.2580385,32.6454073],[111.2584651,32.6441501],[111.2575052,32.6420845],[111.2557685,32.6406334]],[[111.26127,32.516312],[111.2633514,32.5149549],[111.2639308,32.5149006],[111.2632656,32.5161853],[111.26127,32.516312]],[[111.261684,32.6059716],[111.261684,32.6055943],[111.261852,32.6057044],[111.261684,32.6059716]],[[111.2626886,32.5186585],[111.2628094,32.5182091],[111.2631504,32.5181971],[111.2626886,32.5186585]],[[111.262874,32.6355622],[111.262815,32.6355125],[111.2629169,32.635517],[111.262874,32.6355622]],[[111.2629088,32.5200664],[111.2639462,32.5183649],[111.2633139,32.5179874],[111.2655023,32.51758],[111.2654171,32.5193894],[111.2629088,32.5200664]],[[111.2695098,32.5239111],[111.26966,32.523495],[111.2697244,32.5238749],[111.2695098,32.5239111]],[[111.2698746,32.5234588],[111.2698531,32.5232598],[111.2700677,32.5232236],[111.2698746,32.5234588]],[[111.2701106,32.5244901],[111.270411,32.5241282],[111.2703896,32.5245443],[111.2701106,32.5244901]],[[111.2721705,32.5228979],[111.2732649,32.521541],[111.2742734,32.5222828],[111.2727499,32.5238568],[111.2721705,32.5228979]],[[111.2765883,32.5264997],[111.2764381,32.5264092],[111.2765459,32.526307],[111.2765883,32.5264997]],[[111.2784576,32.5510999],[111.2781572,32.5506658],[111.2786078,32.5508286],[111.2784576,32.5510999]],[[111.2789297,32.5217581],[111.2790585,32.520962],[111.2795949,32.5214867],[111.2789297,32.5217581]],[[111.2813705,32.6404952],[111.2813759,32.6403009],[111.2814349,32.6403235],[111.2813705,32.6404952]],[[111.2821269,32.6455498],[111.2821054,32.6455227],[111.2821323,32.6455362],[111.2821269,32.6455498]],[[111.2867939,32.6434358],[111.2867081,32.6433093],[111.2868744,32.6433861],[111.2867939,32.6434358]],[[111.2880546,32.6435307],[111.2880385,32.643481],[111.288076,32.6434855],[111.2880546,32.6435307]],[[111.2892723,32.643481],[111.2891865,32.6433635],[111.289385,32.6434223],[111.2892723,32.643481]],[[111.2910184,32.6185625],[111.2906536,32.6179751],[111.2914516,32.6178599],[111.2910184,32.6185625]],[[111.2965062,32.6140497],[111.2981558,32.6126399],[111.2990409,32.6110493],[111.2989444,32.6133177],[111.2965062,32.6140497]],[[111.3030535,33.0287314],[111.3071975,33.027191],[111.3087827,33.0297074],[111.3060227,33.0315423],[111.3030535,33.0287314]],[[111.3042447,32.5709678],[111.3050103,32.5703441],[111.3050358,32.5717313],[111.3042447,32.5709678]],[[111.3075677,33.0272315],[111.3088202,33.0260351],[111.3106737,33.0292239],[111.3090509,33.0297681],[111.3075677,33.0272315]],[[111.3088632,32.5509371],[111.3092065,32.5506115],[111.3090563,32.5510275],[111.3088632,32.5509371]],[[111.3143054,32.569341],[111.3145038,32.5672953],[111.3162419,32.5687532],[111.3143054,32.569341]],[[111.3177547,32.6136362],[111.3181409,32.6118536],[111.3186184,32.6118288],[111.3185754,32.6144405],[111.3177547,32.6136362]],[[111.3200614,32.5771435],[111.3211986,32.5761581],[111.3219255,32.574924],[111.3214213,32.5767164],[111.3204181,32.5773458],[111.3205683,32.579076],[111.3200614,32.5771435]],[[111.3239667,32.5874337],[111.3237762,32.5867919],[111.3241826,32.5874212],[111.3239667,32.5874337]],[[111.3247472,32.5819418],[111.3247606,32.5814763],[111.3249752,32.5816955],[111.3247472,32.5819418]],[[111.3248706,32.58615],[111.3252112,32.5854381],[111.3274495,32.5846403],[111.3258563,32.586889],[111.3248706,32.58615]],[[111.3274415,32.5643487],[111.3276762,32.5639746],[111.3280852,32.5645013],[111.3274415,32.5643487]],[[111.3315734,32.5874789],[111.3317893,32.5866291],[111.3326208,32.5870517],[111.3324679,32.5871975],[111.3315734,32.5874789]],[[111.3338681,32.574907],[111.3339928,32.5741464],[111.3342717,32.5747725],[111.3338681,32.574907]],[[111.3372557,32.5742482],[111.3372879,32.573717],[111.3375923,32.5737905],[111.3372557,32.5742482]],[[111.3467762,32.5933455],[111.3468432,32.5927783],[111.3473448,32.5935286],[111.3467762,32.5933455]],[[111.3487516,32.5932337],[111.3514593,32.5928845],[111.3523096,32.5899648],[111.3535729,32.5912755],[111.3544205,32.5903038],[111.354576,32.592776],[111.3560727,32.5925342],[111.3550857,32.5938924],[111.3526368,32.5919896],[111.3522854,32.5934314],[111.3536319,32.5950132],[111.3507056,32.5935421],[111.351065,32.5955194],[111.3490587,32.5948799],[111.3487516,32.5932337]],[[111.3493109,32.5914958],[111.3494275,32.5905411],[111.3509108,32.5904834],[111.3500847,32.5914427],[111.3493109,32.5914958]],[[111.3499492,32.577921],[111.3529614,32.5750619],[111.3517517,32.5777651],[111.352618,32.5781764],[111.3542542,32.5769333],[111.3525429,32.5795868],[111.351741,32.5785991],[111.3504454,32.5790557],[111.3499492,32.577921]],[[111.3543078,32.5894993],[111.3542381,32.5890879],[111.3544446,32.5894089],[111.3543078,32.5894993]],[[111.3552734,32.589967],[111.3564523,32.5899139],[111.3568935,32.5909591],[111.3558836,32.5909151],[111.3552734,32.589967]],[[111.3560191,32.5882902],[111.35607,32.5876913],[111.3564911,32.5876484],[111.3560191,32.5882902]],[[111.3623169,32.5676524],[111.3627702,32.5669065],[111.3634877,32.5669212],[111.3633335,32.5674919],[111.3623169,32.5676524]],[[111.362974,32.5565224],[111.3638096,32.5564591],[111.3642763,32.5566942],[111.3632449,32.5573623],[111.362974,32.5565224]],[[111.3651359,32.5641486],[111.3665441,32.5640763],[111.3667157,32.5651546],[111.3656911,32.5652563],[111.3651359,32.5641486]],[[111.3664475,32.5237551],[111.3685772,32.5229861],[111.3689688,32.5233118],[111.3687998,32.5237392],[111.3664475,32.5237551]],[[111.3680086,32.6340951],[111.3675915,32.6333938],[111.3678798,32.6333238],[111.3680086,32.6340951]],[[111.3679442,32.5307046],[111.3681239,32.5296914],[111.3694543,32.5297276],[111.3688856,32.5302251],[111.3679442,32.5307046]],[[111.3717583,32.5448077],[111.3715035,32.5441486],[111.3719299,32.5443125],[111.3717583,32.5448077]],[[111.373027,32.5497569],[111.3742715,32.5494517],[111.3744539,32.5495173],[111.3739926,32.5499559],[111.373027,32.5497569]],[[111.3747248,32.5879987],[111.3748173,32.5874676],[111.3751432,32.5874947],[111.3747248,32.5879987]],[[111.3762027,32.5667821],[111.377643,32.5662001],[111.3775465,32.5649726],[111.3790686,32.5662532],[111.3762027,32.5667821]],[[111.3783914,32.5635293],[111.3785094,32.562772],[111.3789144,32.5640673],[111.3783914,32.5635293]],[[111.3790485,32.5646697],[111.3804138,32.5641034],[111.381319,32.5650935],[111.3800597,32.5658339],[111.3790485,32.5646697]],[[111.3813592,32.5648822],[111.3818219,32.562677],[111.3841072,32.5630568],[111.3832395,32.564065],[111.3820352,32.5637677],[111.3822135,32.5647488],[111.3813592,32.5648822]],[[111.3877268,32.5818921],[111.3876289,32.5814955],[111.3878649,32.5817384],[111.3877268,32.5818921]],[[111.3889271,32.5574798],[111.3891444,32.5557345],[111.391148,32.5576742],[111.3921404,32.557525],[111.3919151,32.5592658],[111.3889271,32.5574798]],[[111.3907818,32.5824289],[111.3908207,32.5821418],[111.3909334,32.5824537],[111.3907818,32.5824289]],[[111.3914068,32.5772249],[111.391954,32.5771989],[111.3915101,32.5782386],[111.3914068,32.5772249]],[[111.3916174,32.5833578],[111.3913169,32.5828617],[111.3918789,32.5833645],[111.3916174,32.5833578]],[[111.3919017,32.5615648],[111.3921297,32.5605837],[111.3929075,32.5613026],[111.3919017,32.5615648]],[[111.3920063,32.5602514],[111.3920358,32.5595936],[111.3929397,32.5593991],[111.3932347,32.5600118],[111.3920063,32.5602514]],[[111.3936076,32.5749353],[111.395402,32.5741713],[111.3959277,32.5771187],[111.3969067,32.5743182],[111.3981324,32.5738074],[111.396955,32.5770305],[111.3957453,32.57779],[111.3961315,32.5789268],[111.3954475,32.5790444],[111.3951042,32.5769401],[111.3943318,32.5771684],[111.3951552,32.5762462],[111.3945812,32.5751138],[111.3936076,32.5749353]],[[111.3982344,32.5552869],[111.3992,32.5559674],[111.3991141,32.5571452],[111.3985965,32.5571701],[111.3982344,32.5552869]],[[111.4026426,32.5624351],[111.4036618,32.5607465],[111.4037544,32.5619729],[111.4052457,32.5619898],[111.4037235,32.5624826],[111.4043954,32.5633518],[111.4026426,32.5624351]],[[111.4058277,32.5603396],[111.4067262,32.5598603],[111.406635,32.5585152],[111.4073727,32.5597947],[111.4083302,32.5588792],[111.4090249,32.559858],[111.4081693,32.5611737],[111.4077589,32.5603237],[111.4058277,32.5603396]],[[111.4081585,32.564525],[111.4081183,32.563839],[111.4085609,32.5644493],[111.4081585,32.564525]],[[111.4112632,32.5639452],[111.4105833,32.5628511],[111.4117715,32.5632693],[111.4112632,32.5639452]],[[111.4145355,32.566842],[111.4162923,32.5671031],[111.4170273,32.5686504],[111.4163379,32.5686617],[111.4145355,32.566842]],[[111.4174926,32.5674083],[111.4193796,32.5651953],[111.4200528,32.5655434],[111.4191569,32.5673631],[111.4206724,32.5664815],[111.4205302,32.5673891],[111.4217091,32.567293],[111.4210761,32.5682639],[111.4187291,32.5676456],[111.4183778,32.5682786],[111.4174926,32.5674083]],[[111.4180908,32.5791076],[111.4189142,32.5777561],[111.4225915,32.5790511],[111.4198878,32.5803552],[111.4189222,32.5800253],[111.4193085,32.5792161],[111.4180908,32.5791076]],[[111.4216581,32.5652213],[111.4215562,32.5649421],[111.4219733,32.5651195],[111.4216581,32.5652213]],[[111.4221349,32.5658813],[111.4220356,32.5656615],[111.4222133,32.5657751],[111.4221349,32.5658813]],[[111.4229496,32.5704271],[111.4228477,32.5693929],[111.4234096,32.5706158],[111.4229496,32.5704271]],[[111.423258,32.5689499],[111.4232393,32.568664],[111.4236443,32.5689601],[111.423258,32.5689499]],[[111.4240828,32.5690166],[111.4248647,32.5687623],[111.4250015,32.5698202],[111.4271767,32.5704542],[111.4248177,32.5707119],[111.4240828,32.5690166]],[[111.4242437,32.5824809],[111.4245026,32.5816571],[111.4246206,32.5816288],[111.4249679,32.5824696],[111.4242437,32.5824809]],[[111.4250565,32.5593121],[111.4255661,32.5587119],[111.4252764,32.5593912],[111.4250565,32.5593121]],[[111.4261253,32.558886],[111.4266551,32.558158],[111.4271794,32.558487],[111.4261253,32.558886]],[[111.4268669,32.5812977],[111.4266349,32.5806332],[111.4270426,32.5806909],[111.4268669,32.5812977]],[[111.4273712,32.5633552],[111.4268669,32.5628873],[111.4270198,32.5627595],[111.4273712,32.5633552]],[[111.4271794,32.5860472],[111.4283918,32.5850347],[111.4293279,32.5849104],[111.4276019,32.5872201],[111.4271794,32.5860472]],[[111.427217,32.5844878],[111.4273565,32.5831871],[111.4282188,32.5835691],[111.4281839,32.5848516],[111.427217,32.5844878]],[[111.4278232,32.5815791],[111.4286815,32.5811903],[111.4288773,32.5824402],[111.4283301,32.5825159],[111.4278232,32.5815791]],[[111.4282939,32.5676095],[111.428259,32.566842],[111.4284722,32.566824],[111.4282939,32.5676095]],[[111.4289054,32.583568],[111.4285527,32.5832346],[111.4289631,32.5834956],[111.4289054,32.583568]],[[111.4306958,32.584264],[111.4306234,32.5837872],[111.4308313,32.5840731],[111.4306958,32.584264]],[[111.4311156,32.5832357],[111.4305885,32.581822],[111.4310391,32.5826526],[111.4323239,32.5823599],[111.4311156,32.5832357]],[[111.4326739,32.9815084],[111.4325063,32.9810651],[111.432741,32.9812834],[111.4326739,32.9815084]],[[111.4412047,32.6002207],[111.4418136,32.5998388],[111.4420255,32.6005675],[111.4418645,32.6006557],[111.4412047,32.6002207]],[[111.4449088,32.9625189],[111.4449464,32.9617977],[111.4452334,32.9624885],[111.4449088,32.9625189]],[[111.4526457,32.9380262],[111.4524338,32.9361049],[111.4535858,32.9380318],[111.4526457,32.9380262]],[[111.4524753,32.575949],[111.4531714,32.5754789],[111.4536944,32.5747579],[111.4535496,32.5752461],[111.4524753,32.575949]],[[111.4570485,32.5985113],[111.4567856,32.5974289],[111.4574642,32.5986706],[111.4570485,32.5985113]],[[111.4578129,32.594872],[111.4579283,32.5941873],[111.4588737,32.5948415],[111.4578129,32.594872]],[[111.4631814,32.5836425],[111.4629413,32.5830346],[111.4633718,32.5829668],[111.4631814,32.5836425]],[[111.4664014,32.5888733],[111.4663182,32.5883569],[111.4667125,32.5887795],[111.4664014,32.5888733]],[[111.4758629,32.5747239],[111.4766796,32.5739611],[111.4783292,32.5736187],[111.4763698,32.5755083],[111.4758629,32.5747239]],[[111.4775634,32.7030278],[111.4793068,32.7025786],[111.4804924,32.7019489],[111.4791781,32.7034544],[111.4775634,32.7030278]],[[111.4784217,32.5607826],[111.4794892,32.5606267],[111.4808196,32.5597857],[111.4797896,32.561861],[111.4784217,32.5607826]],[[111.4800028,32.5558193],[111.4804548,32.5553231],[111.4817168,32.5558069],[111.4811642,32.5561596],[111.4800028,32.5558193]],[[111.4818831,32.5767062],[111.4815733,32.5760033],[111.4823069,32.5762926],[111.4818831,32.5767062]],[[111.4840637,32.5713629],[111.4848322,32.5712137],[111.485272,32.5721359],[111.4845881,32.5718556],[111.4840637,32.5713629]],[[111.4844674,32.5763253],[111.486129,32.574933],[111.4847316,32.5745522],[111.4857844,32.5741815],[111.48526,32.5723484],[111.4872166,32.5734842],[111.4872059,32.5751545],[111.488893,32.5745533],[111.488252,32.5755975],[111.4891586,32.5760677],[111.4879918,32.5772972],[111.4865622,32.5774148],[111.4870638,32.5765423],[111.4862376,32.5761897],[111.4844674,32.5763253]],[[111.4866413,32.5696099],[111.4876525,32.5698439],[111.4876726,32.5708724],[111.4869618,32.5706316],[111.4866413,32.5696099]],[[111.4907853,32.5746064],[111.4912051,32.5725055],[111.4915927,32.5724806],[111.4921305,32.5730762],[111.4907853,32.5746064]],[[111.4919803,32.9510342],[111.4956281,32.9495442],[111.4949495,32.9482432],[111.4967599,32.946886],[111.499249,32.9481734],[111.4982513,32.9493596],[111.5003541,32.9483805],[111.5006787,32.9493236],[111.502516,32.9486191],[111.5055925,32.9499561],[111.5043184,32.9516509],[111.5023309,32.9511242],[111.5028352,32.9522315],[111.505107,32.9526727],[111.5068531,32.9513605],[111.5053377,32.9537755],[111.5009415,32.9530058],[111.5012446,32.9519907],[111.4982861,32.9524971],[111.5000752,32.9509779],[111.4983827,32.95132],[111.497983,32.9506178],[111.4967278,32.9518804],[111.4919803,32.9510342]],[[111.4920527,32.9919408],[111.4928345,32.9916765],[111.493253,32.9923717],[111.492978,32.9923942],[111.4920527,32.9919408]],[[111.495565,32.5642334],[111.4966513,32.5640571],[111.4980823,32.5650529],[111.4969571,32.5650257],[111.495565,32.5642334]],[[111.4965561,32.9222763],[111.4970764,32.9179917],[111.4989299,32.9163998],[111.496886,32.9169672],[111.4975807,32.9157175],[111.4969745,32.915256],[111.4997426,32.9108201],[111.4991149,32.9133465],[111.5009415,32.9123017],[111.5015209,32.9128759],[111.4994797,32.9147066],[111.5011856,32.9143395],[111.5016416,32.9158346],[111.5021887,32.914567],[111.5021163,32.9161454],[111.4981279,32.9189441],[111.4994743,32.9195497],[111.4975083,32.9230328],[111.4965561,32.9222763]],[[111.4968163,32.5803609],[111.4981614,32.5811451],[111.4983451,32.5815938],[111.4976397,32.5812728],[111.4968163,32.5803609]],[[111.4971945,32.6631258],[111.4989004,32.6624778],[111.4998123,32.6627894],[111.4988333,32.6628752],[111.4985329,32.6644377],[111.4971945,32.6631258]],[[111.499638,32.6691704],[111.5004238,32.6689085],[111.5009952,32.6684817],[111.5004453,32.6695859],[111.499638,32.6691704]],[[111.501199,32.7013124],[111.5024757,32.7000462],[111.5017408,32.6989537],[111.5029103,32.6990847],[111.5017757,32.7039125],[111.501199,32.7013124]],[[111.5020949,32.5834516],[111.5061557,32.5841092],[111.5058205,32.5857184],[111.5089023,32.5849025],[111.5092349,32.5854969],[111.5068585,32.5867241],[111.5056595,32.5858788],[111.5050989,32.5867308],[111.5020949,32.5834516]],[[111.5032831,32.6987145],[111.5031409,32.6981863],[111.5036452,32.6982066],[111.5032831,32.6987145]],[[111.5032992,32.9010154],[111.5037337,32.898367],[111.5064776,32.8968266],[111.504474,32.8988534],[111.5044123,32.9010019],[111.5032992,32.9010154]],[[111.5034735,32.9024094],[111.5060645,32.8994592],[111.5092161,32.8982499],[111.5066814,32.9031187],[111.5053242,32.9030872],[111.5056112,32.9015018],[111.5034735,32.9024094]],[[111.5063623,32.8932659],[111.5063301,32.8926961],[111.5066251,32.8927096],[111.5063623,32.8932659]],[[111.509023,32.5922811],[111.5089694,32.591271],[111.5099055,32.591741],[111.509023,32.5922811]],[[111.5090069,32.6211797],[111.5100101,32.6215637],[111.5104553,32.6225351],[111.5101495,32.6224787],[111.5090069,32.6211797]],[[111.5107262,32.5851579],[111.5104285,32.5833521],[111.5136176,32.5844369],[111.5107262,32.5851579]],[[111.5105411,32.9003961],[111.5116301,32.8993309],[111.5120754,32.9001979],[111.5112197,32.9004659],[111.5105411,32.9003961]],[[111.5107343,32.7011206],[111.5112385,32.7000755],[111.5117884,32.7004434],[111.5117803,32.7014027],[111.5107343,32.7011206]],[[111.5129444,32.7028743],[111.5128693,32.7014772],[111.5136418,32.7031406],[111.5129444,32.7028743]],[[111.5131697,32.6767453],[111.5133628,32.6754742],[111.5145698,32.6755058],[111.5139341,32.6767814],[111.5131697,32.6767453]],[[111.5149721,32.6751559],[111.5149239,32.6746569],[111.5152162,32.674605],[111.5149721,32.6751559]],[[111.5176865,32.650105],[111.5182471,32.6488087],[111.519607,32.6499899],[111.5187728,32.6507825],[111.5176865,32.650105]],[[111.5195748,32.6421394],[111.5202641,32.641708],[111.5209454,32.6417532],[111.5205485,32.6423562],[111.5195748,32.6421394]],[[111.5197867,32.6496827],[111.5202481,32.6482441],[111.5212673,32.6486168],[111.5211198,32.6493936],[111.5197867,32.6496827]],[[111.5225038,32.6402286],[111.5230188,32.6396188],[111.5249768,32.6392936],[111.5233433,32.6403235],[111.5225038,32.6402286]],[[111.5255924,32.8889956],[111.526047,32.8883807],[111.5267068,32.8883785],[111.5255924,32.8889956]],[[111.535888,32.8887861],[111.5371674,32.8887501],[111.5372559,32.8891533],[111.5370226,32.8892726],[111.535888,32.8887861]],[[111.5365854,32.8899551],[111.5373498,32.8899528],[111.5376207,32.891329],[111.5390584,32.8907231],[111.5389645,32.8893289],[111.5398979,32.8902636],[111.539281,32.8917952],[111.5374196,32.8918695],[111.5365854,32.8899551]],[[111.6277188,32.6937486],[111.6287675,32.6938728],[111.6292235,32.6942994],[111.6282392,32.6945906],[111.6277188,32.6937486]],[[111.6295454,32.7679412],[111.6320023,32.767551],[111.6342446,32.7685682],[111.6326836,32.7692019],[111.6295454,32.7679412]],[[111.6372836,32.6945816],[111.6373908,32.6930241],[111.6379514,32.6946741],[111.6372836,32.6945816]],[[111.6456145,32.7032648],[111.6471165,32.7024658],[111.6482028,32.7050433],[111.6468054,32.70649],[111.6456145,32.7032648]],[[111.6528189,32.6785379],[111.6537496,32.6777748],[111.6554287,32.6800347],[111.6538194,32.6794974],[111.6528189,32.6785379]],[[111.6705322,32.6716586],[111.6721711,32.6709383],[111.6725922,32.6713515],[111.6719002,32.6726136],[111.6705322,32.6716586]],[[111.6730937,32.6750159],[111.6721255,32.6735867],[111.6734397,32.6732255],[111.6730937,32.6750159]],[[111.6810116,32.6632952],[111.6828597,32.6629858],[111.6831923,32.6631236],[111.6826612,32.664309],[111.6810116,32.6632952]],[[111.695053,32.6589529],[111.6959327,32.658219],[111.6969064,32.6581941],[111.6961795,32.6600413],[111.695053,32.6589529]]]]}},{"type":"Feature","properties":{"id":"HN_RSV_025","code":"HN_RSV_025","name_cn":"白沙水库","city":"许昌市、郑州市交界","city_official":"许昌市","city_spatial_primary":"郑州市","city_spatial_intersections":[{"name":"郑州市","geometry_ratio_pct":99.91},{"name":"许昌市","geometry_ratio_pct":0.09}],"lon":113.236068,"lat":34.353026,"area_km2":6.93,"area_definition":"SHP水面几何的WGS84椭球面积；随边界数据时相和水位变化","center_method":"polygon_representative_point","osm_id":"3283859","feature_class":"reservoir","data_source":"河南省25个省控水库/25个省控水库.shp","geometry_status":"verified-valid","online_name":"白沙水库","online_display_name":"白沙水库, 登封市, 郑州市, 禹州市, 许昌市, 河南省, 中国","online_center_offset_m":64.2,"online_validation_status":"matched-by-osm-id"},"geometry":{"type":"Polygon","coordinates":[[[113.2011768,34.3679707],[113.2060549,34.3654723],[113.2088804,34.3658112],[113.2097176,34.3664623],[113.2091782,34.367067],[113.2102649,34.367366],[113.2128087,34.3668743],[113.2139517,34.3653992],[113.2176063,34.3643493],[113.2197234,34.3675653],[113.2209228,34.3667746],[113.2269763,34.3684092],[113.2311299,34.3674723],[113.2326996,34.3645221],[113.2342371,34.3638975],[113.2355332,34.3640437],[113.2356378,34.3649274],[113.2359437,34.3640569],[113.2377629,34.3641699],[113.2394212,34.366263],[113.2404435,34.3659906],[113.2400169,34.3631267],[113.2360564,34.3619704],[113.2350985,34.360781],[113.2355976,34.3582957],[113.2378998,34.3564948],[113.2396868,34.3582026],[113.2384713,34.355684],[113.2403872,34.356528],[113.2397271,34.3553252],[113.2403952,34.3533714],[113.2417315,34.353079],[113.2436956,34.3542486],[113.2479379,34.3533714],[113.2484289,34.354242],[113.2488797,34.3527866],[113.2506587,34.3516701],[113.2506587,34.3501349],[113.2531944,34.3506333],[113.2542247,34.3482009],[113.2560118,34.3516568],[113.2591029,34.3507795],[113.2609382,34.3512979],[113.2604713,34.3521619],[113.2614212,34.3518096],[113.2616708,34.3498558],[113.2629265,34.3502545],[113.2619283,34.3489519],[113.2636993,34.347729],[113.259763,34.3454959],[113.2621779,34.3439539],[113.2616949,34.3434953],[113.262677,34.3423987],[113.2646089,34.3419533],[113.260576,34.3423123],[113.26122,34.3389225],[113.2494673,34.3384372],[113.2483886,34.3394475],[113.2372639,34.3389225],[113.2312185,34.3418869],[113.2287633,34.341282],[113.2258171,34.3410428],[113.2252134,34.339647],[113.2228628,34.3390222],[113.2218727,34.339647],[113.2196188,34.3376662],[113.2221866,34.3407304],[113.2213736,34.3443062],[113.2218325,34.3468119],[113.2238932,34.3477822],[113.2245694,34.3491646],[113.2231285,34.3533049],[113.2239817,34.3539695],[113.2235551,34.3553053],[113.224835,34.3551591],[113.2250926,34.3576511],[113.2270487,34.3611398],[113.2303169,34.3639307],[113.2303008,34.3649606],[113.2273465,34.3661633],[113.2225247,34.3659906],[113.2201984,34.3650736],[113.2175902,34.3620302],[113.2117541,34.3650935],[113.2043564,34.3647015],[113.2011768,34.3679707]],[[113.2252778,34.342186],[113.2260022,34.3413153],[113.2295763,34.341641],[113.2318222,34.3450838],[113.2286506,34.3450107],[113.2252778,34.342186]]]}}]}